Entity,Code,Year,Cigarette consumption per smoker per day
Afghanistan,AFG,1980,5.7
Afghanistan,AFG,1981,5.8
Afghanistan,AFG,1982,5.8
Afghanistan,AFG,1983,5.9
Afghanistan,AFG,1984,6
Afghanistan,AFG,1985,6.1
Afghanistan,AFG,1986,6.1
Afghanistan,AFG,1987,6.1
Afghanistan,AFG,1988,6
Afghanistan,AFG,1989,5.9
Afghanistan,AFG,1990,5.8
Afghanistan,AFG,1991,5.6
Afghanistan,AFG,1992,5.4
Afghanistan,AFG,1993,5.1
Afghanistan,AFG,1994,4.7
Afghanistan,AFG,1995,4.5
Afghanistan,AFG,1996,4.3
Afghanistan,AFG,1997,4.1
Afghanistan,AFG,1998,3.9
Afghanistan,AFG,1999,3.8
Afghanistan,AFG,2000,3.7
Afghanistan,AFG,2001,3.6
Afghanistan,AFG,2002,3.7
Afghanistan,AFG,2003,3.8
Afghanistan,AFG,2004,3.8
Afghanistan,AFG,2005,4
Afghanistan,AFG,2006,4.1
Afghanistan,AFG,2007,4.3
Afghanistan,AFG,2008,4.4
Afghanistan,AFG,2009,4.6
Afghanistan,AFG,2010,4.9
Afghanistan,AFG,2011,5.1
Afghanistan,AFG,2012,5.2
Albania,ALB,1980,18.7
Albania,ALB,1981,18.4
Albania,ALB,1982,18.2
Albania,ALB,1983,17.9
Albania,ALB,1984,17.7
Albania,ALB,1985,17.5
Albania,ALB,1986,17.3
Albania,ALB,1987,17
Albania,ALB,1988,16.8
Albania,ALB,1989,16.5
Albania,ALB,1990,16.4
Albania,ALB,1991,16.3
Albania,ALB,1992,16.3
Albania,ALB,1993,16.2
Albania,ALB,1994,16.1
Albania,ALB,1995,16.1
Albania,ALB,1996,16
Albania,ALB,1997,16.3
Albania,ALB,1998,16.5
Albania,ALB,1999,16.7
Albania,ALB,2000,16.8
Albania,ALB,2001,17.1
Albania,ALB,2002,17.4
Albania,ALB,2003,18.2
Albania,ALB,2004,18.9
Albania,ALB,2005,19
Albania,ALB,2006,19.1
Albania,ALB,2007,19.2
Albania,ALB,2008,19.2
Albania,ALB,2009,19.3
Albania,ALB,2010,19.5
Albania,ALB,2011,19.7
Albania,ALB,2012,19.9
Algeria,DZA,1980,19.1
Algeria,DZA,1981,18.9
Algeria,DZA,1982,18.8
Algeria,DZA,1983,18.7
Algeria,DZA,1984,18.5
Algeria,DZA,1985,18.3
Algeria,DZA,1986,18.2
Algeria,DZA,1987,18.1
Algeria,DZA,1988,18
Algeria,DZA,1989,17.8
Algeria,DZA,1990,17.7
Algeria,DZA,1991,17.6
Algeria,DZA,1992,17.4
Algeria,DZA,1993,17.3
Algeria,DZA,1994,17.2
Algeria,DZA,1995,17
Algeria,DZA,1996,16.8
Algeria,DZA,1997,17
Algeria,DZA,1998,17.2
Algeria,DZA,1999,17.4
Algeria,DZA,2000,17.5
Algeria,DZA,2001,17.7
Algeria,DZA,2002,18
Algeria,DZA,2003,18.8
Algeria,DZA,2004,19.7
Algeria,DZA,2005,20.7
Algeria,DZA,2006,21.6
Algeria,DZA,2007,22.5
Algeria,DZA,2008,23.3
Algeria,DZA,2009,24.1
Algeria,DZA,2010,24.6
Algeria,DZA,2011,24.6
Algeria,DZA,2012,24.4
Andorra,AND,1980,17.6
Andorra,AND,1981,17.8
Andorra,AND,1982,18.1
Andorra,AND,1983,18.4
Andorra,AND,1984,18.8
Andorra,AND,1985,19.1
Andorra,AND,1986,19.3
Andorra,AND,1987,19.5
Andorra,AND,1988,19.5
Andorra,AND,1989,19.5
Andorra,AND,1990,19.5
Andorra,AND,1991,19.4
Andorra,AND,1992,19.5
Andorra,AND,1993,19.7
Andorra,AND,1994,19.8
Andorra,AND,1995,20
Andorra,AND,1996,20.1
Andorra,AND,1997,20
Andorra,AND,1998,19.9
Andorra,AND,1999,19.6
Andorra,AND,2000,19.4
Andorra,AND,2001,19.1
Andorra,AND,2002,18.8
Andorra,AND,2003,18.6
Andorra,AND,2004,18.4
Andorra,AND,2005,18.3
Andorra,AND,2006,18.2
Andorra,AND,2007,18.2
Andorra,AND,2008,18.4
Andorra,AND,2009,18.7
Andorra,AND,2010,19.1
Andorra,AND,2011,19.6
Andorra,AND,2012,19.9
Angola,AGO,1980,22.7
Angola,AGO,1981,22.9
Angola,AGO,1982,23.1
Angola,AGO,1983,23.3
Angola,AGO,1984,23.5
Angola,AGO,1985,23.5
Angola,AGO,1986,23.6
Angola,AGO,1987,23.5
Angola,AGO,1988,23.5
Angola,AGO,1989,23.4
Angola,AGO,1990,23.3
Angola,AGO,1991,23.2
Angola,AGO,1992,23.2
Angola,AGO,1993,23.3
Angola,AGO,1994,23.4
Angola,AGO,1995,23.4
Angola,AGO,1996,23.2
Angola,AGO,1997,23
Angola,AGO,1998,22.7
Angola,AGO,1999,22.4
Angola,AGO,2000,22.1
Angola,AGO,2001,21.9
Angola,AGO,2002,21.5
Angola,AGO,2003,21.3
Angola,AGO,2004,21
Angola,AGO,2005,20.6
Angola,AGO,2006,20.1
Angola,AGO,2007,19.6
Angola,AGO,2008,19
Angola,AGO,2009,18.6
Angola,AGO,2010,18.3
Angola,AGO,2011,18.1
Angola,AGO,2012,17.9
Antigua and Barbuda,ATG,1980,119.5
Antigua and Barbuda,ATG,1981,116.6
Antigua and Barbuda,ATG,1982,114.3
Antigua and Barbuda,ATG,1983,111.3
Antigua and Barbuda,ATG,1984,107.3
Antigua and Barbuda,ATG,1985,102.4
Antigua and Barbuda,ATG,1986,96.6
Antigua and Barbuda,ATG,1987,90.5
Antigua and Barbuda,ATG,1988,84.4
Antigua and Barbuda,ATG,1989,78.8
Antigua and Barbuda,ATG,1990,74.1
Antigua and Barbuda,ATG,1991,70.3
Antigua and Barbuda,ATG,1992,67.5
Antigua and Barbuda,ATG,1993,65
Antigua and Barbuda,ATG,1994,62.6
Antigua and Barbuda,ATG,1995,61.2
Antigua and Barbuda,ATG,1996,59.6
Antigua and Barbuda,ATG,1997,58.2
Antigua and Barbuda,ATG,1998,56.7
Antigua and Barbuda,ATG,1999,55.1
Antigua and Barbuda,ATG,2000,53.7
Antigua and Barbuda,ATG,2001,52.5
Antigua and Barbuda,ATG,2002,51.2
Antigua and Barbuda,ATG,2003,49.8
Antigua and Barbuda,ATG,2004,48.3
Antigua and Barbuda,ATG,2005,46.5
Antigua and Barbuda,ATG,2006,44.1
Antigua and Barbuda,ATG,2007,41.3
Antigua and Barbuda,ATG,2008,39.1
Antigua and Barbuda,ATG,2009,38.2
Antigua and Barbuda,ATG,2010,38.1
Antigua and Barbuda,ATG,2011,38.5
Antigua and Barbuda,ATG,2012,38.9
Argentina,ARG,1980,19.3
Argentina,ARG,1981,19.2
Argentina,ARG,1982,19.2
Argentina,ARG,1983,19.1
Argentina,ARG,1984,19.1
Argentina,ARG,1985,19.1
Argentina,ARG,1986,19.1
Argentina,ARG,1987,19.1
Argentina,ARG,1988,19.1
Argentina,ARG,1989,19.1
Argentina,ARG,1990,19.1
Argentina,ARG,1991,19
Argentina,ARG,1992,18.8
Argentina,ARG,1993,18.5
Argentina,ARG,1994,18.2
Argentina,ARG,1995,18
Argentina,ARG,1996,17.8
Argentina,ARG,1997,17.6
Argentina,ARG,1998,17.5
Argentina,ARG,1999,17.5
Argentina,ARG,2000,17.5
Argentina,ARG,2001,17.6
Argentina,ARG,2002,17.7
Argentina,ARG,2003,17.9
Argentina,ARG,2004,18
Argentina,ARG,2005,18.1
Argentina,ARG,2006,18.3
Argentina,ARG,2007,18.5
Argentina,ARG,2008,18.6
Argentina,ARG,2009,18.8
Argentina,ARG,2010,19.1
Argentina,ARG,2011,19.4
Argentina,ARG,2012,19.7
Armenia,ARM,1980,22.3
Armenia,ARM,1981,22.1
Armenia,ARM,1982,21.8
Armenia,ARM,1983,21.7
Armenia,ARM,1984,21.6
Armenia,ARM,1985,21.5
Armenia,ARM,1986,21.4
Armenia,ARM,1987,21.4
Armenia,ARM,1988,21.4
Armenia,ARM,1989,21.4
Armenia,ARM,1990,21.6
Armenia,ARM,1991,21.8
Armenia,ARM,1992,22.1
Armenia,ARM,1993,22.5
Armenia,ARM,1994,22.9
Armenia,ARM,1995,23.4
Armenia,ARM,1996,23.8
Armenia,ARM,1997,24.5
Armenia,ARM,1998,25.1
Armenia,ARM,1999,25.5
Armenia,ARM,2000,25.8
Armenia,ARM,2001,26
Armenia,ARM,2002,26
Armenia,ARM,2003,25.9
Armenia,ARM,2004,25.6
Armenia,ARM,2005,25.2
Armenia,ARM,2006,24.9
Armenia,ARM,2007,24.6
Armenia,ARM,2008,24.3
Armenia,ARM,2009,24
Armenia,ARM,2010,23.7
Armenia,ARM,2011,23.4
Armenia,ARM,2012,23.1
Australia,AUS,1980,24.5
Australia,AUS,1981,24.4
Australia,AUS,1982,24.3
Australia,AUS,1983,24.3
Australia,AUS,1984,24.3
Australia,AUS,1985,24.2
Australia,AUS,1986,24.1
Australia,AUS,1987,23.9
Australia,AUS,1988,23.7
Australia,AUS,1989,23.3
Australia,AUS,1990,22.9
Australia,AUS,1991,22.7
Australia,AUS,1992,22.4
Australia,AUS,1993,22.1
Australia,AUS,1994,21.9
Australia,AUS,1995,21.7
Australia,AUS,1996,21.5
Australia,AUS,1997,21.3
Australia,AUS,1998,21
Australia,AUS,1999,20.8
Australia,AUS,2000,20.7
Australia,AUS,2001,20.5
Australia,AUS,2002,20.3
Australia,AUS,2003,20.2
Australia,AUS,2004,20.1
Australia,AUS,2005,20.1
Australia,AUS,2006,20.2
Australia,AUS,2007,20.3
Australia,AUS,2008,20.4
Australia,AUS,2009,20.5
Australia,AUS,2010,20.5
Australia,AUS,2011,20.4
Australia,AUS,2012,20.1
Austria,AUT,1980,30.8
Austria,AUT,1981,30.6
Austria,AUT,1982,30.1
Austria,AUT,1983,29.5
Austria,AUT,1984,28.8
Austria,AUT,1985,28.2
Austria,AUT,1986,27.5
Austria,AUT,1987,26.5
Austria,AUT,1988,25.6
Austria,AUT,1989,24.6
Austria,AUT,1990,23.7
Austria,AUT,1991,22.9
Austria,AUT,1992,22.5
Austria,AUT,1993,22.2
Austria,AUT,1994,22.2
Austria,AUT,1995,22.3
Austria,AUT,1996,22.5
Austria,AUT,1997,22.5
Austria,AUT,1998,21.6
Austria,AUT,1999,20.7
Austria,AUT,2000,19.9
Austria,AUT,2001,19.2
Austria,AUT,2002,18.8
Austria,AUT,2003,18.7
Austria,AUT,2004,18.8
Austria,AUT,2005,19
Austria,AUT,2006,19.2
Austria,AUT,2007,19.2
Austria,AUT,2008,19.1
Austria,AUT,2009,19.1
Austria,AUT,2010,19
Austria,AUT,2011,18.9
Austria,AUT,2012,18.8
Azerbaijan,AZE,1980,20.4
Azerbaijan,AZE,1981,20
Azerbaijan,AZE,1982,19.5
Azerbaijan,AZE,1983,19.1
Azerbaijan,AZE,1984,18.7
Azerbaijan,AZE,1985,18.4
Azerbaijan,AZE,1986,18.1
Azerbaijan,AZE,1987,18
Azerbaijan,AZE,1988,17.9
Azerbaijan,AZE,1989,17.8
Azerbaijan,AZE,1990,17.6
Azerbaijan,AZE,1991,17.4
Azerbaijan,AZE,1992,17
Azerbaijan,AZE,1993,16.4
Azerbaijan,AZE,1994,15.8
Azerbaijan,AZE,1995,15
Azerbaijan,AZE,1996,14.4
Azerbaijan,AZE,1997,13.9
Azerbaijan,AZE,1998,13.5
Azerbaijan,AZE,1999,13.2
Azerbaijan,AZE,2000,13.1
Azerbaijan,AZE,2001,13.1
Azerbaijan,AZE,2002,13.2
Azerbaijan,AZE,2003,13.4
Azerbaijan,AZE,2004,13.7
Azerbaijan,AZE,2005,14.1
Azerbaijan,AZE,2006,14.8
Azerbaijan,AZE,2007,15.5
Azerbaijan,AZE,2008,16.1
Azerbaijan,AZE,2009,16.5
Azerbaijan,AZE,2010,16.8
Azerbaijan,AZE,2011,17
Azerbaijan,AZE,2012,17
Bahamas,BHS,1980,38.9
Bahamas,BHS,1981,37.9
Bahamas,BHS,1982,36.7
Bahamas,BHS,1983,35.4
Bahamas,BHS,1984,33.9
Bahamas,BHS,1985,32.4
Bahamas,BHS,1986,31.1
Bahamas,BHS,1987,30
Bahamas,BHS,1988,28.9
Bahamas,BHS,1989,27.9
Bahamas,BHS,1990,27.1
Bahamas,BHS,1991,26.4
Bahamas,BHS,1992,26
Bahamas,BHS,1993,25.7
Bahamas,BHS,1994,25.4
Bahamas,BHS,1995,25.1
Bahamas,BHS,1996,24.7
Bahamas,BHS,1997,25
Bahamas,BHS,1998,25.1
Bahamas,BHS,1999,25
Bahamas,BHS,2000,24.7
Bahamas,BHS,2001,24.4
Bahamas,BHS,2002,24.1
Bahamas,BHS,2003,24
Bahamas,BHS,2004,23.9
Bahamas,BHS,2005,23.8
Bahamas,BHS,2006,23.7
Bahamas,BHS,2007,23.7
Bahamas,BHS,2008,23.9
Bahamas,BHS,2009,24.1
Bahamas,BHS,2010,24.4
Bahamas,BHS,2011,24.6
Bahamas,BHS,2012,24.7
Bahrain,BHR,1980,19.1
Bahrain,BHR,1981,18.9
Bahrain,BHR,1982,19
Bahrain,BHR,1983,19.1
Bahrain,BHR,1984,19.3
Bahrain,BHR,1985,19.6
Bahrain,BHR,1986,20.1
Bahrain,BHR,1987,20.7
Bahrain,BHR,1988,21.3
Bahrain,BHR,1989,22
Bahrain,BHR,1990,22.6
Bahrain,BHR,1991,23.1
Bahrain,BHR,1992,23.3
Bahrain,BHR,1993,23.4
Bahrain,BHR,1994,23.5
Bahrain,BHR,1995,23.6
Bahrain,BHR,1996,23.7
Bahrain,BHR,1997,24
Bahrain,BHR,1998,24.5
Bahrain,BHR,1999,26
Bahrain,BHR,2000,27.4
Bahrain,BHR,2001,28.2
Bahrain,BHR,2002,27.2
Bahrain,BHR,2003,25.7
Bahrain,BHR,2004,23.9
Bahrain,BHR,2005,22
Bahrain,BHR,2006,20.1
Bahrain,BHR,2007,18.5
Bahrain,BHR,2008,17.6
Bahrain,BHR,2009,17.1
Bahrain,BHR,2010,16.9
Bahrain,BHR,2011,16.9
Bahrain,BHR,2012,17
Bangladesh,BGD,1980,9.3
Bangladesh,BGD,1981,9.2
Bangladesh,BGD,1982,9.1
Bangladesh,BGD,1983,9
Bangladesh,BGD,1984,8.8
Bangladesh,BGD,1985,8.7
Bangladesh,BGD,1986,8.5
Bangladesh,BGD,1987,8.4
Bangladesh,BGD,1988,8.2
Bangladesh,BGD,1989,8
Bangladesh,BGD,1990,7.8
Bangladesh,BGD,1991,7.6
Bangladesh,BGD,1992,7.4
Bangladesh,BGD,1993,7.2
Bangladesh,BGD,1994,7
Bangladesh,BGD,1995,6.8
Bangladesh,BGD,1996,6.6
Bangladesh,BGD,1997,6.4
Bangladesh,BGD,1998,6.1
Bangladesh,BGD,1999,5.9
Bangladesh,BGD,2000,5.6
Bangladesh,BGD,2001,5.4
Bangladesh,BGD,2002,5.1
Bangladesh,BGD,2003,4.8
Bangladesh,BGD,2004,4.5
Bangladesh,BGD,2005,4.3
Bangladesh,BGD,2006,4.1
Bangladesh,BGD,2007,3.9
Bangladesh,BGD,2008,3.8
Bangladesh,BGD,2009,3.6
Bangladesh,BGD,2010,3.4
Bangladesh,BGD,2011,3.2
Bangladesh,BGD,2012,3
Barbados,BRB,1980,39.3
Barbados,BRB,1981,38
Barbados,BRB,1982,37.1
Barbados,BRB,1983,36.3
Barbados,BRB,1984,35.5
Barbados,BRB,1985,34.8
Barbados,BRB,1986,34
Barbados,BRB,1987,33.1
Barbados,BRB,1988,32.2
Barbados,BRB,1989,31.3
Barbados,BRB,1990,30.8
Barbados,BRB,1991,30.7
Barbados,BRB,1992,30.9
Barbados,BRB,1993,31.2
Barbados,BRB,1994,31.6
Barbados,BRB,1995,31.8
Barbados,BRB,1996,32
Barbados,BRB,1997,32
Barbados,BRB,1998,31.8
Barbados,BRB,1999,31.5
Barbados,BRB,2000,31.2
Barbados,BRB,2001,31
Barbados,BRB,2002,30.9
Barbados,BRB,2003,30.8
Barbados,BRB,2004,30.4
Barbados,BRB,2005,30
Barbados,BRB,2006,29.5
Barbados,BRB,2007,28.8
Barbados,BRB,2008,28.1
Barbados,BRB,2009,27.7
Barbados,BRB,2010,27.3
Barbados,BRB,2011,26.8
Barbados,BRB,2012,26.3
Belarus,BLR,1980,14.5
Belarus,BLR,1981,14.5
Belarus,BLR,1982,14.6
Belarus,BLR,1983,14.7
Belarus,BLR,1984,14.8
Belarus,BLR,1985,14.9
Belarus,BLR,1986,15.1
Belarus,BLR,1987,15.3
Belarus,BLR,1988,15.6
Belarus,BLR,1989,15.8
Belarus,BLR,1990,16.1
Belarus,BLR,1991,16.3
Belarus,BLR,1992,16.5
Belarus,BLR,1993,16.6
Belarus,BLR,1994,16.6
Belarus,BLR,1995,16.6
Belarus,BLR,1996,16.5
Belarus,BLR,1997,16.8
Belarus,BLR,1998,17.2
Belarus,BLR,1999,17.7
Belarus,BLR,2000,18.3
Belarus,BLR,2001,19.3
Belarus,BLR,2002,20.4
Belarus,BLR,2003,21.6
Belarus,BLR,2004,22.8
Belarus,BLR,2005,24.1
Belarus,BLR,2006,25.3
Belarus,BLR,2007,26.5
Belarus,BLR,2008,27.5
Belarus,BLR,2009,28.4
Belarus,BLR,2010,29.1
Belarus,BLR,2011,29.2
Belarus,BLR,2012,29.3
Belgium,BEL,1980,24
Belgium,BEL,1981,23.8
Belgium,BEL,1982,23.6
Belgium,BEL,1983,23.5
Belgium,BEL,1984,23.3
Belgium,BEL,1985,23.1
Belgium,BEL,1986,22.9
Belgium,BEL,1987,22.6
Belgium,BEL,1988,22.1
Belgium,BEL,1989,21.6
Belgium,BEL,1990,21.1
Belgium,BEL,1991,20.6
Belgium,BEL,1992,20
Belgium,BEL,1993,19.4
Belgium,BEL,1994,18.9
Belgium,BEL,1995,18.5
Belgium,BEL,1996,18.3
Belgium,BEL,1997,18.2
Belgium,BEL,1998,18.1
Belgium,BEL,1999,18.1
Belgium,BEL,2000,18.3
Belgium,BEL,2001,18.5
Belgium,BEL,2002,18.2
Belgium,BEL,2003,18.1
Belgium,BEL,2004,17.8
Belgium,BEL,2005,17.3
Belgium,BEL,2006,16.7
Belgium,BEL,2007,16.1
Belgium,BEL,2008,15.5
Belgium,BEL,2009,15.1
Belgium,BEL,2010,14.7
Belgium,BEL,2011,14.5
Belgium,BEL,2012,14.3
Belize,BLZ,1980,50.9
Belize,BLZ,1981,49.7
Belize,BLZ,1982,48.6
Belize,BLZ,1983,47.6
Belize,BLZ,1984,46.5
Belize,BLZ,1985,45.5
Belize,BLZ,1986,44.4
Belize,BLZ,1987,43.3
Belize,BLZ,1988,42.1
Belize,BLZ,1989,40.9
Belize,BLZ,1990,39.7
Belize,BLZ,1991,38.7
Belize,BLZ,1992,37.7
Belize,BLZ,1993,36.8
Belize,BLZ,1994,36
Belize,BLZ,1995,35.3
Belize,BLZ,1996,34.6
Belize,BLZ,1997,34.4
Belize,BLZ,1998,34.1
Belize,BLZ,1999,33.9
Belize,BLZ,2000,33.7
Belize,BLZ,2001,33.6
Belize,BLZ,2002,33.5
Belize,BLZ,2003,33.4
Belize,BLZ,2004,33.7
Belize,BLZ,2005,34
Belize,BLZ,2006,33.8
Belize,BLZ,2007,33.6
Belize,BLZ,2008,33.3
Belize,BLZ,2009,33
Belize,BLZ,2010,32.7
Belize,BLZ,2011,32.4
Belize,BLZ,2012,32.1
Benin,BEN,1980,21.5
Benin,BEN,1981,19.6
Benin,BEN,1982,17.5
Benin,BEN,1983,16.2
Benin,BEN,1984,15
Benin,BEN,1985,13.7
Benin,BEN,1986,12.5
Benin,BEN,1987,11.8
Benin,BEN,1988,11.2
Benin,BEN,1989,11
Benin,BEN,1990,10.7
Benin,BEN,1991,10.4
Benin,BEN,1992,10.1
Benin,BEN,1993,9.7
Benin,BEN,1994,9.4
Benin,BEN,1995,9.1
Benin,BEN,1996,8.7
Benin,BEN,1997,8.3
Benin,BEN,1998,8
Benin,BEN,1999,7.5
Benin,BEN,2000,7.2
Benin,BEN,2001,6.8
Benin,BEN,2002,6.4
Benin,BEN,2003,6.2
Benin,BEN,2004,6
Benin,BEN,2005,5.8
Benin,BEN,2006,5.7
Benin,BEN,2007,5.5
Benin,BEN,2008,5.4
Benin,BEN,2009,5.2
Benin,BEN,2010,5.1
Benin,BEN,2011,4.9
Benin,BEN,2012,4.8
Bhutan,BTN,1980,42
Bhutan,BTN,1981,41.8
Bhutan,BTN,1982,41.6
Bhutan,BTN,1983,41.3
Bhutan,BTN,1984,41.2
Bhutan,BTN,1985,41.1
Bhutan,BTN,1986,40.9
Bhutan,BTN,1987,40.2
Bhutan,BTN,1988,39.8
Bhutan,BTN,1989,39.3
Bhutan,BTN,1990,38.7
Bhutan,BTN,1991,38.4
Bhutan,BTN,1992,38.1
Bhutan,BTN,1993,37.6
Bhutan,BTN,1994,37.3
Bhutan,BTN,1995,36.8
Bhutan,BTN,1996,36.4
Bhutan,BTN,1997,35.9
Bhutan,BTN,1998,35.5
Bhutan,BTN,1999,34.8
Bhutan,BTN,2000,33.9
Bhutan,BTN,2001,32.8
Bhutan,BTN,2002,31.5
Bhutan,BTN,2003,30.2
Bhutan,BTN,2004,29.1
Bhutan,BTN,2005,28.1
Bhutan,BTN,2006,27.3
Bhutan,BTN,2007,26.4
Bhutan,BTN,2008,25.6
Bhutan,BTN,2009,24.9
Bhutan,BTN,2010,24.2
Bhutan,BTN,2011,23.6
Bhutan,BTN,2012,23
Bolivia,BOL,1980,3
Bolivia,BOL,1981,3
Bolivia,BOL,1982,3
Bolivia,BOL,1983,2.9
Bolivia,BOL,1984,2.9
Bolivia,BOL,1985,2.8
Bolivia,BOL,1986,2.8
Bolivia,BOL,1987,2.7
Bolivia,BOL,1988,2.6
Bolivia,BOL,1989,2.6
Bolivia,BOL,1990,2.5
Bolivia,BOL,1991,2.5
Bolivia,BOL,1992,2.4
Bolivia,BOL,1993,2.3
Bolivia,BOL,1994,2.3
Bolivia,BOL,1995,2.2
Bolivia,BOL,1996,2.2
Bolivia,BOL,1997,2.2
Bolivia,BOL,1998,2.2
Bolivia,BOL,1999,2.2
Bolivia,BOL,2000,2.2
Bolivia,BOL,2001,2.2
Bolivia,BOL,2002,2.2
Bolivia,BOL,2003,2.2
Bolivia,BOL,2004,2.3
Bolivia,BOL,2005,2.4
Bolivia,BOL,2006,2.6
Bolivia,BOL,2007,2.8
Bolivia,BOL,2008,2.9
Bolivia,BOL,2009,3
Bolivia,BOL,2010,3.1
Bolivia,BOL,2011,3.1
Bolivia,BOL,2012,3.1
Bosnia and Herzegovina,BIH,1980,23.6
Bosnia and Herzegovina,BIH,1981,23.6
Bosnia and Herzegovina,BIH,1982,23.5
Bosnia and Herzegovina,BIH,1983,23.4
Bosnia and Herzegovina,BIH,1984,23.2
Bosnia and Herzegovina,BIH,1985,23.1
Bosnia and Herzegovina,BIH,1986,23
Bosnia and Herzegovina,BIH,1987,22.8
Bosnia and Herzegovina,BIH,1988,22.6
Bosnia and Herzegovina,BIH,1989,22.5
Bosnia and Herzegovina,BIH,1990,22.2
Bosnia and Herzegovina,BIH,1991,22
Bosnia and Herzegovina,BIH,1992,21.7
Bosnia and Herzegovina,BIH,1993,21.5
Bosnia and Herzegovina,BIH,1994,21.3
Bosnia and Herzegovina,BIH,1995,21.2
Bosnia and Herzegovina,BIH,1996,21.4
Bosnia and Herzegovina,BIH,1997,21.8
Bosnia and Herzegovina,BIH,1998,22
Bosnia and Herzegovina,BIH,1999,22.2
Bosnia and Herzegovina,BIH,2000,22.3
Bosnia and Herzegovina,BIH,2001,22.4
Bosnia and Herzegovina,BIH,2002,22.5
Bosnia and Herzegovina,BIH,2003,22.7
Bosnia and Herzegovina,BIH,2004,22.8
Bosnia and Herzegovina,BIH,2005,22.9
Bosnia and Herzegovina,BIH,2006,23.1
Bosnia and Herzegovina,BIH,2007,23.2
Bosnia and Herzegovina,BIH,2008,23.4
Bosnia and Herzegovina,BIH,2009,23.5
Bosnia and Herzegovina,BIH,2010,23.5
Bosnia and Herzegovina,BIH,2011,23.5
Bosnia and Herzegovina,BIH,2012,23.4
Botswana,BWA,1980,32.1
Botswana,BWA,1981,31.4
Botswana,BWA,1982,30.7
Botswana,BWA,1983,30
Botswana,BWA,1984,29.4
Botswana,BWA,1985,28.8
Botswana,BWA,1986,28.3
Botswana,BWA,1987,27.8
Botswana,BWA,1988,26.9
Botswana,BWA,1989,26.1
Botswana,BWA,1990,25.3
Botswana,BWA,1991,24.6
Botswana,BWA,1992,24.2
Botswana,BWA,1993,23.8
Botswana,BWA,1994,23.5
Botswana,BWA,1995,23.2
Botswana,BWA,1996,22.9
Botswana,BWA,1997,22.5
Botswana,BWA,1998,22.1
Botswana,BWA,1999,21.6
Botswana,BWA,2000,21
Botswana,BWA,2001,20.4
Botswana,BWA,2002,19.8
Botswana,BWA,2003,19.1
Botswana,BWA,2004,18.4
Botswana,BWA,2005,17.7
Botswana,BWA,2006,17.1
Botswana,BWA,2007,16.5
Botswana,BWA,2008,15.9
Botswana,BWA,2009,15.6
Botswana,BWA,2010,15.2
Botswana,BWA,2011,14.9
Botswana,BWA,2012,14.6
Brazil,BRA,1980,39.6
Brazil,BRA,1981,38.5
Brazil,BRA,1982,37.8
Brazil,BRA,1983,37.6
Brazil,BRA,1984,37.3
Brazil,BRA,1985,36.9
Brazil,BRA,1986,36
Brazil,BRA,1987,35.2
Brazil,BRA,1988,34.6
Brazil,BRA,1989,34.1
Brazil,BRA,1990,34
Brazil,BRA,1991,34
Brazil,BRA,1992,34
Brazil,BRA,1993,33.8
Brazil,BRA,1994,33.4
Brazil,BRA,1995,32.8
Brazil,BRA,1996,32.1
Brazil,BRA,1997,31.6
Brazil,BRA,1998,31.2
Brazil,BRA,1999,30.9
Brazil,BRA,2000,30.4
Brazil,BRA,2001,30.1
Brazil,BRA,2002,29.8
Brazil,BRA,2003,29.7
Brazil,BRA,2004,29.5
Brazil,BRA,2005,29.2
Brazil,BRA,2006,28.8
Brazil,BRA,2007,28.1
Brazil,BRA,2008,27
Brazil,BRA,2009,26.2
Brazil,BRA,2010,25
Brazil,BRA,2011,23.8
Brazil,BRA,2012,22.8
Brunei,BRN,1980,39.4
Brunei,BRN,1981,39.6
Brunei,BRN,1982,39.8
Brunei,BRN,1983,40.2
Brunei,BRN,1984,40.5
Brunei,BRN,1985,40.9
Brunei,BRN,1986,41.4
Brunei,BRN,1987,41.8
Brunei,BRN,1988,42.1
Brunei,BRN,1989,42.5
Brunei,BRN,1990,42.9
Brunei,BRN,1991,43.3
Brunei,BRN,1992,43.6
Brunei,BRN,1993,44
Brunei,BRN,1994,44.3
Brunei,BRN,1995,44.5
Brunei,BRN,1996,44.6
Brunei,BRN,1997,44.8
Brunei,BRN,1998,45.1
Brunei,BRN,1999,45.4
Brunei,BRN,2000,45.7
Brunei,BRN,2001,45.9
Brunei,BRN,2002,46.2
Brunei,BRN,2003,46.4
Brunei,BRN,2004,46.7
Brunei,BRN,2005,47
Brunei,BRN,2006,47.2
Brunei,BRN,2007,47.4
Brunei,BRN,2008,47.6
Brunei,BRN,2009,48
Brunei,BRN,2010,48.2
Brunei,BRN,2011,48.5
Brunei,BRN,2012,48.6
Bulgaria,BGR,1980,19.9
Bulgaria,BGR,1981,20.2
Bulgaria,BGR,1982,20.5
Bulgaria,BGR,1983,20.8
Bulgaria,BGR,1984,21
Bulgaria,BGR,1985,21.3
Bulgaria,BGR,1986,21.5
Bulgaria,BGR,1987,21.7
Bulgaria,BGR,1988,21.7
Bulgaria,BGR,1989,21.8
Bulgaria,BGR,1990,21.9
Bulgaria,BGR,1991,22.1
Bulgaria,BGR,1992,22.5
Bulgaria,BGR,1993,22.9
Bulgaria,BGR,1994,23.4
Bulgaria,BGR,1995,23.9
Bulgaria,BGR,1996,24.6
Bulgaria,BGR,1997,25
Bulgaria,BGR,1998,25.2
Bulgaria,BGR,1999,25.2
Bulgaria,BGR,2000,25.2
Bulgaria,BGR,2001,25.2
Bulgaria,BGR,2002,25.1
Bulgaria,BGR,2003,24.9
Bulgaria,BGR,2004,24.5
Bulgaria,BGR,2005,24
Bulgaria,BGR,2006,23.4
Bulgaria,BGR,2007,22.6
Bulgaria,BGR,2008,21.5
Bulgaria,BGR,2009,20.3
Bulgaria,BGR,2010,19.3
Bulgaria,BGR,2011,18.1
Bulgaria,BGR,2012,16.9
Burkina Faso,BFA,1980,4.3
Burkina Faso,BFA,1981,4.3
Burkina Faso,BFA,1982,4.3
Burkina Faso,BFA,1983,4.3
Burkina Faso,BFA,1984,4.4
Burkina Faso,BFA,1985,4.4
Burkina Faso,BFA,1986,4.3
Burkina Faso,BFA,1987,4.3
Burkina Faso,BFA,1988,4.2
Burkina Faso,BFA,1989,4.2
Burkina Faso,BFA,1990,4.2
Burkina Faso,BFA,1991,4.1
Burkina Faso,BFA,1992,4.1
Burkina Faso,BFA,1993,4.1
Burkina Faso,BFA,1994,4.1
Burkina Faso,BFA,1995,4
Burkina Faso,BFA,1996,3.9
Burkina Faso,BFA,1997,3.7
Burkina Faso,BFA,1998,3.5
Burkina Faso,BFA,1999,3.4
Burkina Faso,BFA,2000,3.2
Burkina Faso,BFA,2001,3.1
Burkina Faso,BFA,2002,2.9
Burkina Faso,BFA,2003,2.8
Burkina Faso,BFA,2004,2.7
Burkina Faso,BFA,2005,2.6
Burkina Faso,BFA,2006,2.4
Burkina Faso,BFA,2007,2.3
Burkina Faso,BFA,2008,2.2
Burkina Faso,BFA,2009,2.1
Burkina Faso,BFA,2010,1.9
Burkina Faso,BFA,2011,1.8
Burkina Faso,BFA,2012,1.7
Burundi,BDI,1980,15.3
Burundi,BDI,1981,14.8
Burundi,BDI,1982,14
Burundi,BDI,1983,13.2
Burundi,BDI,1984,12.2
Burundi,BDI,1985,11.5
Burundi,BDI,1986,10.8
Burundi,BDI,1987,10.1
Burundi,BDI,1988,9.5
Burundi,BDI,1989,8.9
Burundi,BDI,1990,8.5
Burundi,BDI,1991,8.1
Burundi,BDI,1992,7.8
Burundi,BDI,1993,7.4
Burundi,BDI,1994,6.9
Burundi,BDI,1995,6.4
Burundi,BDI,1996,5.8
Burundi,BDI,1997,5.4
Burundi,BDI,1998,5.1
Burundi,BDI,1999,4.9
Burundi,BDI,2000,4.8
Burundi,BDI,2001,4.7
Burundi,BDI,2002,4.7
Burundi,BDI,2003,4.8
Burundi,BDI,2004,5.1
Burundi,BDI,2005,5.4
Burundi,BDI,2006,5.8
Burundi,BDI,2007,6.4
Burundi,BDI,2008,7.1
Burundi,BDI,2009,7.9
Burundi,BDI,2010,8.9
Burundi,BDI,2011,10
Burundi,BDI,2012,11.2
Cambodia,KHM,1980,12.8
Cambodia,KHM,1981,12.7
Cambodia,KHM,1982,12.6
Cambodia,KHM,1983,12.5
Cambodia,KHM,1984,12.3
Cambodia,KHM,1985,12.1
Cambodia,KHM,1986,11.8
Cambodia,KHM,1987,11.6
Cambodia,KHM,1988,11.4
Cambodia,KHM,1989,11.3
Cambodia,KHM,1990,11.1
Cambodia,KHM,1991,10.9
Cambodia,KHM,1992,10.8
Cambodia,KHM,1993,10.7
Cambodia,KHM,1994,10.6
Cambodia,KHM,1995,10.5
Cambodia,KHM,1996,10.4
Cambodia,KHM,1997,10.3
Cambodia,KHM,1998,10.3
Cambodia,KHM,1999,10.2
Cambodia,KHM,2000,10.1
Cambodia,KHM,2001,10.1
Cambodia,KHM,2002,10
Cambodia,KHM,2003,9.9
Cambodia,KHM,2004,9.9
Cambodia,KHM,2005,10
Cambodia,KHM,2006,10
Cambodia,KHM,2007,10.1
Cambodia,KHM,2008,10.2
Cambodia,KHM,2009,10.3
Cambodia,KHM,2010,10.4
Cambodia,KHM,2011,10.4
Cambodia,KHM,2012,10.4
Cameroon,CMR,1980,12.7
Cameroon,CMR,1981,13.1
Cameroon,CMR,1982,13.5
Cameroon,CMR,1983,13.9
Cameroon,CMR,1984,14.2
Cameroon,CMR,1985,14.6
Cameroon,CMR,1986,14.9
Cameroon,CMR,1987,15.1
Cameroon,CMR,1988,15.2
Cameroon,CMR,1989,15.3
Cameroon,CMR,1990,15.2
Cameroon,CMR,1991,15.1
Cameroon,CMR,1992,15
Cameroon,CMR,1993,14.8
Cameroon,CMR,1994,14.6
Cameroon,CMR,1995,14.3
Cameroon,CMR,1996,14.1
Cameroon,CMR,1997,14.1
Cameroon,CMR,1998,14.1
Cameroon,CMR,1999,14.1
Cameroon,CMR,2000,14
Cameroon,CMR,2001,14
Cameroon,CMR,2002,13.9
Cameroon,CMR,2003,13.9
Cameroon,CMR,2004,13.8
Cameroon,CMR,2005,13.8
Cameroon,CMR,2006,13.8
Cameroon,CMR,2007,13.8
Cameroon,CMR,2008,13.8
Cameroon,CMR,2009,13.7
Cameroon,CMR,2010,13.6
Cameroon,CMR,2011,13.5
Cameroon,CMR,2012,13.3
Canada,CAN,1980,29.2
Canada,CAN,1981,28.4
Canada,CAN,1982,27.7
Canada,CAN,1983,27
Canada,CAN,1984,26
Canada,CAN,1985,24.8
Canada,CAN,1986,23.7
Canada,CAN,1987,22.8
Canada,CAN,1988,21.9
Canada,CAN,1989,21.2
Canada,CAN,1990,20.8
Canada,CAN,1991,20.7
Canada,CAN,1992,20.7
Canada,CAN,1993,20.9
Canada,CAN,1994,20.9
Canada,CAN,1995,21.1
Canada,CAN,1996,21.3
Canada,CAN,1997,21.5
Canada,CAN,1998,21.7
Canada,CAN,1999,21.8
Canada,CAN,2000,22
Canada,CAN,2001,22.5
Canada,CAN,2002,23.1
Canada,CAN,2003,23.8
Canada,CAN,2004,24.5
Canada,CAN,2005,24.9
Canada,CAN,2006,25.2
Canada,CAN,2007,25.4
Canada,CAN,2008,25.6
Canada,CAN,2009,26.1
Canada,CAN,2010,26.6
Canada,CAN,2011,27.2
Canada,CAN,2012,27.6
Cape Verde,CPV,1980,19.5
Cape Verde,CPV,1981,18.7
Cape Verde,CPV,1982,17.7
Cape Verde,CPV,1983,16.6
Cape Verde,CPV,1984,15.5
Cape Verde,CPV,1985,14.4
Cape Verde,CPV,1986,13.5
Cape Verde,CPV,1987,12.7
Cape Verde,CPV,1988,12
Cape Verde,CPV,1989,11.3
Cape Verde,CPV,1990,10.8
Cape Verde,CPV,1991,10.5
Cape Verde,CPV,1992,10.2
Cape Verde,CPV,1993,9.9
Cape Verde,CPV,1994,9.5
Cape Verde,CPV,1995,9.1
Cape Verde,CPV,1996,8.7
Cape Verde,CPV,1997,8.2
Cape Verde,CPV,1998,7.8
Cape Verde,CPV,1999,7.2
Cape Verde,CPV,2000,6.7
Cape Verde,CPV,2001,6.2
Cape Verde,CPV,2002,5.7
Cape Verde,CPV,2003,5.3
Cape Verde,CPV,2004,5
Cape Verde,CPV,2005,4.7
Cape Verde,CPV,2006,4.3
Cape Verde,CPV,2007,4
Cape Verde,CPV,2008,3.6
Cape Verde,CPV,2009,3.4
Cape Verde,CPV,2010,3.1
Cape Verde,CPV,2011,2.9
Cape Verde,CPV,2012,2.7
Central African Republic,CAF,1980,16.5
Central African Republic,CAF,1981,16.7
Central African Republic,CAF,1982,16.9
Central African Republic,CAF,1983,17
Central African Republic,CAF,1984,17.1
Central African Republic,CAF,1985,17.3
Central African Republic,CAF,1986,17.6
Central African Republic,CAF,1987,17.7
Central African Republic,CAF,1988,17.9
Central African Republic,CAF,1989,18
Central African Republic,CAF,1990,18
Central African Republic,CAF,1991,18
Central African Republic,CAF,1992,17.9
Central African Republic,CAF,1993,17.6
Central African Republic,CAF,1994,17.4
Central African Republic,CAF,1995,17.2
Central African Republic,CAF,1996,16.9
Central African Republic,CAF,1997,16.6
Central African Republic,CAF,1998,16.3
Central African Republic,CAF,1999,16
Central African Republic,CAF,2000,15.7
Central African Republic,CAF,2001,15.4
Central African Republic,CAF,2002,15.1
Central African Republic,CAF,2003,14.7
Central African Republic,CAF,2004,14.3
Central African Republic,CAF,2005,13.8
Central African Republic,CAF,2006,13.5
Central African Republic,CAF,2007,13.1
Central African Republic,CAF,2008,12.8
Central African Republic,CAF,2009,12.5
Central African Republic,CAF,2010,12.2
Central African Republic,CAF,2011,12
Central African Republic,CAF,2012,11.8
Chad,TCD,1980,1.8
Chad,TCD,1981,1.9
Chad,TCD,1982,2
Chad,TCD,1983,2.1
Chad,TCD,1984,2.2
Chad,TCD,1985,2.2
Chad,TCD,1986,2.2
Chad,TCD,1987,2.2
Chad,TCD,1988,2.2
Chad,TCD,1989,2.1
Chad,TCD,1990,2.1
Chad,TCD,1991,2.1
Chad,TCD,1992,2.1
Chad,TCD,1993,2.1
Chad,TCD,1994,2.1
Chad,TCD,1995,2.1
Chad,TCD,1996,2.1
Chad,TCD,1997,2.2
Chad,TCD,1998,2.2
Chad,TCD,1999,2.2
Chad,TCD,2000,2.2
Chad,TCD,2001,2.2
Chad,TCD,2002,2.1
Chad,TCD,2003,2
Chad,TCD,2004,1.8
Chad,TCD,2005,1.6
Chad,TCD,2006,1.5
Chad,TCD,2007,1.3
Chad,TCD,2008,1.3
Chad,TCD,2009,1.2
Chad,TCD,2010,1.1
Chad,TCD,2011,1
Chad,TCD,2012,1
Chile,CHL,1980,8.8
Chile,CHL,1981,8.6
Chile,CHL,1982,8.5
Chile,CHL,1983,8.5
Chile,CHL,1984,8.5
Chile,CHL,1985,8.4
Chile,CHL,1986,8.4
Chile,CHL,1987,8.4
Chile,CHL,1988,8.4
Chile,CHL,1989,8.4
Chile,CHL,1990,8.5
Chile,CHL,1991,8.5
Chile,CHL,1992,8.5
Chile,CHL,1993,8.5
Chile,CHL,1994,8.6
Chile,CHL,1995,8.6
Chile,CHL,1996,8.6
Chile,CHL,1997,8.7
Chile,CHL,1998,8.8
Chile,CHL,1999,8.9
Chile,CHL,2000,9
Chile,CHL,2001,9.3
Chile,CHL,2002,9.6
Chile,CHL,2003,9.9
Chile,CHL,2004,10.2
Chile,CHL,2005,10.4
Chile,CHL,2006,10.6
Chile,CHL,2007,10.4
Chile,CHL,2008,10.2
Chile,CHL,2009,9.9
Chile,CHL,2010,9.7
Chile,CHL,2011,9.4
Chile,CHL,2012,9.2
China,CHN,1980,15.5
China,CHN,1981,15.7
China,CHN,1982,16
China,CHN,1983,16.2
China,CHN,1984,16.5
China,CHN,1985,16.8
China,CHN,1986,17.2
China,CHN,1987,17.4
China,CHN,1988,17.7
China,CHN,1989,17.9
China,CHN,1990,18
China,CHN,1991,18.1
China,CHN,1992,18.2
China,CHN,1993,18.2
China,CHN,1994,18.2
China,CHN,1995,18.2
China,CHN,1996,18.2
China,CHN,1997,18.5
China,CHN,1998,18.8
China,CHN,1999,19.2
China,CHN,2000,19.7
China,CHN,2001,20.3
China,CHN,2002,20.8
China,CHN,2003,21.1
China,CHN,2004,21.2
China,CHN,2005,21.5
China,CHN,2006,21.8
China,CHN,2007,22.1
China,CHN,2008,22.2
China,CHN,2009,22.2
China,CHN,2010,22.3
China,CHN,2011,22.3
China,CHN,2012,22.3
Colombia,COL,1980,31.8
Colombia,COL,1981,30.3
Colombia,COL,1982,29.1
Colombia,COL,1983,28.1
Colombia,COL,1984,27.3
Colombia,COL,1985,26.5
Colombia,COL,1986,25.7
Colombia,COL,1987,24.8
Colombia,COL,1988,23.9
Colombia,COL,1989,23.2
Colombia,COL,1990,22.3
Colombia,COL,1991,21.6
Colombia,COL,1992,20.7
Colombia,COL,1993,19.8
Colombia,COL,1994,18.8
Colombia,COL,1995,17.9
Colombia,COL,1996,17.1
Colombia,COL,1997,16.6
Colombia,COL,1998,16.3
Colombia,COL,1999,16.4
Colombia,COL,2000,16.4
Colombia,COL,2001,16.4
Colombia,COL,2002,16.5
Colombia,COL,2003,16.5
Colombia,COL,2004,16.3
Colombia,COL,2005,16.1
Colombia,COL,2006,15.5
Colombia,COL,2007,14.7
Colombia,COL,2008,13.8
Colombia,COL,2009,12.8
Colombia,COL,2010,11.8
Colombia,COL,2011,10.9
Colombia,COL,2012,10.1
Comoros,COM,1980,3.6
Comoros,COM,1981,3.5
Comoros,COM,1982,3.5
Comoros,COM,1983,3.5
Comoros,COM,1984,3.5
Comoros,COM,1985,3.5
Comoros,COM,1986,3.5
Comoros,COM,1987,3.4
Comoros,COM,1988,3.4
Comoros,COM,1989,3.5
Comoros,COM,1990,3.5
Comoros,COM,1991,3.5
Comoros,COM,1992,3.5
Comoros,COM,1993,3.5
Comoros,COM,1994,3.5
Comoros,COM,1995,3.5
Comoros,COM,1996,3.5
Comoros,COM,1997,3.5
Comoros,COM,1998,3.6
Comoros,COM,1999,3.6
Comoros,COM,2000,3.7
Comoros,COM,2001,3.7
Comoros,COM,2002,3.8
Comoros,COM,2003,3.8
Comoros,COM,2004,4
Comoros,COM,2005,4.1
Comoros,COM,2006,4.3
Comoros,COM,2007,4.4
Comoros,COM,2008,4.5
Comoros,COM,2009,4.6
Comoros,COM,2010,4.7
Comoros,COM,2011,4.8
Comoros,COM,2012,4.9
Congo,COG,1980,23.3
Congo,COG,1981,22.6
Congo,COG,1982,21.7
Congo,COG,1983,20.9
Congo,COG,1984,20.1
Congo,COG,1985,19.4
Congo,COG,1986,18.9
Congo,COG,1987,18.5
Congo,COG,1988,18
Congo,COG,1989,17.4
Congo,COG,1990,17
Congo,COG,1991,16.6
Congo,COG,1992,16.3
Congo,COG,1993,16
Congo,COG,1994,15.8
Congo,COG,1995,15.5
Congo,COG,1996,15.2
Congo,COG,1997,15
Congo,COG,1998,14.7
Congo,COG,1999,14.6
Congo,COG,2000,14.4
Congo,COG,2001,14.3
Congo,COG,2002,14.2
Congo,COG,2003,14.1
Congo,COG,2004,14.1
Congo,COG,2005,14
Congo,COG,2006,13.9
Congo,COG,2007,14
Congo,COG,2008,14
Congo,COG,2009,14.1
Congo,COG,2010,14.1
Congo,COG,2011,14.2
Congo,COG,2012,14.3
Costa Rica,CRI,1980,35.2
Costa Rica,CRI,1981,34
Costa Rica,CRI,1982,33.2
Costa Rica,CRI,1983,32.5
Costa Rica,CRI,1984,31.7
Costa Rica,CRI,1985,31
Costa Rica,CRI,1986,30.4
Costa Rica,CRI,1987,29.8
Costa Rica,CRI,1988,29.3
Costa Rica,CRI,1989,28.9
Costa Rica,CRI,1990,28.6
Costa Rica,CRI,1991,28.4
Costa Rica,CRI,1992,28.2
Costa Rica,CRI,1993,28
Costa Rica,CRI,1994,28.3
Costa Rica,CRI,1995,28.6
Costa Rica,CRI,1996,28.9
Costa Rica,CRI,1997,28.9
Costa Rica,CRI,1998,28.4
Costa Rica,CRI,1999,27.7
Costa Rica,CRI,2000,26.8
Costa Rica,CRI,2001,25.9
Costa Rica,CRI,2002,25.1
Costa Rica,CRI,2003,24.2
Costa Rica,CRI,2004,23.4
Costa Rica,CRI,2005,22.6
Costa Rica,CRI,2006,21.8
Costa Rica,CRI,2007,21.1
Costa Rica,CRI,2008,20.4
Costa Rica,CRI,2009,19.9
Costa Rica,CRI,2010,19.5
Costa Rica,CRI,2011,19.1
Costa Rica,CRI,2012,18.8
Cote d'Ivoire,CIV,1980,23.5
Cote d'Ivoire,CIV,1981,23.6
Cote d'Ivoire,CIV,1982,23.6
Cote d'Ivoire,CIV,1983,23.6
Cote d'Ivoire,CIV,1984,23.7
Cote d'Ivoire,CIV,1985,23.7
Cote d'Ivoire,CIV,1986,23.8
Cote d'Ivoire,CIV,1987,23.8
Cote d'Ivoire,CIV,1988,23.8
Cote d'Ivoire,CIV,1989,23.8
Cote d'Ivoire,CIV,1990,23.8
Cote d'Ivoire,CIV,1991,23.8
Cote d'Ivoire,CIV,1992,23.8
Cote d'Ivoire,CIV,1993,23.7
Cote d'Ivoire,CIV,1994,23.7
Cote d'Ivoire,CIV,1995,23.6
Cote d'Ivoire,CIV,1996,23.5
Cote d'Ivoire,CIV,1997,23.4
Cote d'Ivoire,CIV,1998,23.3
Cote d'Ivoire,CIV,1999,23
Cote d'Ivoire,CIV,2000,22.8
Cote d'Ivoire,CIV,2001,22.5
Cote d'Ivoire,CIV,2002,22.3
Cote d'Ivoire,CIV,2003,22
Cote d'Ivoire,CIV,2004,21.4
Cote d'Ivoire,CIV,2005,20.8
Cote d'Ivoire,CIV,2006,20.1
Cote d'Ivoire,CIV,2007,19.5
Cote d'Ivoire,CIV,2008,18.8
Cote d'Ivoire,CIV,2009,18.3
Cote d'Ivoire,CIV,2010,17.7
Cote d'Ivoire,CIV,2011,17.3
Cote d'Ivoire,CIV,2012,16.9
Croatia,HRV,1980,19
Croatia,HRV,1981,19.2
Croatia,HRV,1982,19.3
Croatia,HRV,1983,19.5
Croatia,HRV,1984,19.7
Croatia,HRV,1985,19.9
Croatia,HRV,1986,20.1
Croatia,HRV,1987,20.3
Croatia,HRV,1988,20.6
Croatia,HRV,1989,20.9
Croatia,HRV,1990,21.1
Croatia,HRV,1991,21.3
Croatia,HRV,1992,21.4
Croatia,HRV,1993,21.6
Croatia,HRV,1994,21.7
Croatia,HRV,1995,21.9
Croatia,HRV,1996,22.3
Croatia,HRV,1997,22.8
Croatia,HRV,1998,23.3
Croatia,HRV,1999,23.7
Croatia,HRV,2000,24.2
Croatia,HRV,2001,24.7
Croatia,HRV,2002,25.1
Croatia,HRV,2003,25.4
Croatia,HRV,2004,25.7
Croatia,HRV,2005,25.9
Croatia,HRV,2006,26.2
Croatia,HRV,2007,26.5
Croatia,HRV,2008,26.7
Croatia,HRV,2009,26.9
Croatia,HRV,2010,27
Croatia,HRV,2011,27.1
Croatia,HRV,2012,27.2
Cuba,CUB,1980,45.2
Cuba,CUB,1981,44.6
Cuba,CUB,1982,43.8
Cuba,CUB,1983,42.9
Cuba,CUB,1984,41.8
Cuba,CUB,1985,40.8
Cuba,CUB,1986,39.7
Cuba,CUB,1987,38.7
Cuba,CUB,1988,37.7
Cuba,CUB,1989,36.7
Cuba,CUB,1990,36
Cuba,CUB,1991,35.5
Cuba,CUB,1992,35.2
Cuba,CUB,1993,35.2
Cuba,CUB,1994,35.2
Cuba,CUB,1995,35.2
Cuba,CUB,1996,35.2
Cuba,CUB,1997,35.4
Cuba,CUB,1998,35.5
Cuba,CUB,1999,35.4
Cuba,CUB,2000,35.2
Cuba,CUB,2001,34.9
Cuba,CUB,2002,34.6
Cuba,CUB,2003,34.2
Cuba,CUB,2004,33.7
Cuba,CUB,2005,33.2
Cuba,CUB,2006,32.4
Cuba,CUB,2007,31.7
Cuba,CUB,2008,30.9
Cuba,CUB,2009,30.3
Cuba,CUB,2010,29.8
Cuba,CUB,2011,29.4
Cuba,CUB,2012,29.1
Cyprus,CYP,1980,20.4
Cyprus,CYP,1981,20.2
Cyprus,CYP,1982,20
Cyprus,CYP,1983,19.9
Cyprus,CYP,1984,19.8
Cyprus,CYP,1985,19.7
Cyprus,CYP,1986,19.7
Cyprus,CYP,1987,19.6
Cyprus,CYP,1988,19.6
Cyprus,CYP,1989,19.6
Cyprus,CYP,1990,19.6
Cyprus,CYP,1991,19.6
Cyprus,CYP,1992,19.6
Cyprus,CYP,1993,19.6
Cyprus,CYP,1994,19.7
Cyprus,CYP,1995,19.8
Cyprus,CYP,1996,19.8
Cyprus,CYP,1997,20.5
Cyprus,CYP,1998,21
Cyprus,CYP,1999,21.4
Cyprus,CYP,2000,21.8
Cyprus,CYP,2001,22.2
Cyprus,CYP,2002,22.7
Cyprus,CYP,2003,23.2
Cyprus,CYP,2004,23.8
Cyprus,CYP,2005,24.4
Cyprus,CYP,2006,25.5
Cyprus,CYP,2007,26.6
Cyprus,CYP,2008,27.7
Cyprus,CYP,2009,28.6
Cyprus,CYP,2010,29
Cyprus,CYP,2011,29.2
Cyprus,CYP,2012,29.3
Czechia,CZE,1980,21.8
Czechia,CZE,1981,21.6
Czechia,CZE,1982,21.5
Czechia,CZE,1983,21.5
Czechia,CZE,1984,21.5
Czechia,CZE,1985,21.6
Czechia,CZE,1986,21.6
Czechia,CZE,1987,21.7
Czechia,CZE,1988,21.7
Czechia,CZE,1989,21.7
Czechia,CZE,1990,21.8
Czechia,CZE,1991,21.9
Czechia,CZE,1992,22.2
Czechia,CZE,1993,22.4
Czechia,CZE,1994,22.7
Czechia,CZE,1995,23.1
Czechia,CZE,1996,23.5
Czechia,CZE,1997,23.9
Czechia,CZE,1998,24.2
Czechia,CZE,1999,24.4
Czechia,CZE,2000,24.5
Czechia,CZE,2001,24.5
Czechia,CZE,2002,24.5
Czechia,CZE,2003,24.2
Czechia,CZE,2004,24.1
Czechia,CZE,2005,24.1
Czechia,CZE,2006,24.3
Czechia,CZE,2007,24.5
Czechia,CZE,2008,24.7
Czechia,CZE,2009,24.8
Czechia,CZE,2010,24.8
Czechia,CZE,2011,24.8
Czechia,CZE,2012,24.6
Democratic Republic of Congo,COD,1980,8.6
Democratic Republic of Congo,COD,1981,8.6
Democratic Republic of Congo,COD,1982,8.5
Democratic Republic of Congo,COD,1983,8.5
Democratic Republic of Congo,COD,1984,8.5
Democratic Republic of Congo,COD,1985,8.5
Democratic Republic of Congo,COD,1986,8.5
Democratic Republic of Congo,COD,1987,8.5
Democratic Republic of Congo,COD,1988,8.5
Democratic Republic of Congo,COD,1989,8.5
Democratic Republic of Congo,COD,1990,8.4
Democratic Republic of Congo,COD,1991,8.4
Democratic Republic of Congo,COD,1992,8.2
Democratic Republic of Congo,COD,1993,8.1
Democratic Republic of Congo,COD,1994,8
Democratic Republic of Congo,COD,1995,7.8
Democratic Republic of Congo,COD,1996,7.7
Democratic Republic of Congo,COD,1997,7.5
Democratic Republic of Congo,COD,1998,7.4
Democratic Republic of Congo,COD,1999,7.3
Democratic Republic of Congo,COD,2000,7.2
Democratic Republic of Congo,COD,2001,7.1
Democratic Republic of Congo,COD,2002,7
Democratic Republic of Congo,COD,2003,7
Democratic Republic of Congo,COD,2004,7
Democratic Republic of Congo,COD,2005,7
Democratic Republic of Congo,COD,2006,7
Democratic Republic of Congo,COD,2007,7
Democratic Republic of Congo,COD,2008,7.1
Democratic Republic of Congo,COD,2009,7.1
Democratic Republic of Congo,COD,2010,7.2
Democratic Republic of Congo,COD,2011,7.3
Democratic Republic of Congo,COD,2012,7.3
Denmark,DNK,1980,13.2
Denmark,DNK,1981,13
Denmark,DNK,1982,12.9
Denmark,DNK,1983,12.8
Denmark,DNK,1984,12.8
Denmark,DNK,1985,12.7
Denmark,DNK,1986,12.7
Denmark,DNK,1987,12.7
Denmark,DNK,1988,12.7
Denmark,DNK,1989,12.6
Denmark,DNK,1990,12.6
Denmark,DNK,1991,12.6
Denmark,DNK,1992,12.7
Denmark,DNK,1993,12.8
Denmark,DNK,1994,13
Denmark,DNK,1995,13.2
Denmark,DNK,1996,13.6
Denmark,DNK,1997,14.1
Denmark,DNK,1998,14.5
Denmark,DNK,1999,14.9
Denmark,DNK,2000,15.4
Denmark,DNK,2001,15.9
Denmark,DNK,2002,16.6
Denmark,DNK,2003,17.3
Denmark,DNK,2004,18
Denmark,DNK,2005,18.8
Denmark,DNK,2006,19.6
Denmark,DNK,2007,20.4
Denmark,DNK,2008,21.5
Denmark,DNK,2009,22.6
Denmark,DNK,2010,23.6
Denmark,DNK,2011,24.3
Denmark,DNK,2012,24.6
Djibouti,DJI,1980,13.1
Djibouti,DJI,1981,13.1
Djibouti,DJI,1982,12.9
Djibouti,DJI,1983,12.8
Djibouti,DJI,1984,12.7
Djibouti,DJI,1985,12.6
Djibouti,DJI,1986,12.6
Djibouti,DJI,1987,12.5
Djibouti,DJI,1988,12.5
Djibouti,DJI,1989,12.5
Djibouti,DJI,1990,12.4
Djibouti,DJI,1991,12.3
Djibouti,DJI,1992,12.2
Djibouti,DJI,1993,12.1
Djibouti,DJI,1994,12
Djibouti,DJI,1995,12
Djibouti,DJI,1996,11.9
Djibouti,DJI,1997,11.9
Djibouti,DJI,1998,11.9
Djibouti,DJI,1999,11.9
Djibouti,DJI,2000,11.9
Djibouti,DJI,2001,11.9
Djibouti,DJI,2002,11.9
Djibouti,DJI,2003,11.9
Djibouti,DJI,2004,11.9
Djibouti,DJI,2005,11.8
Djibouti,DJI,2006,11.8
Djibouti,DJI,2007,11.7
Djibouti,DJI,2008,11.6
Djibouti,DJI,2009,11.6
Djibouti,DJI,2010,11.5
Djibouti,DJI,2011,11.4
Djibouti,DJI,2012,11.3
Dominica,DMA,1980,40.5
Dominica,DMA,1981,39.2
Dominica,DMA,1982,38
Dominica,DMA,1983,37
Dominica,DMA,1984,35.8
Dominica,DMA,1985,34.8
Dominica,DMA,1986,33.5
Dominica,DMA,1987,32.1
Dominica,DMA,1988,30.4
Dominica,DMA,1989,29
Dominica,DMA,1990,27.7
Dominica,DMA,1991,26.5
Dominica,DMA,1992,25.4
Dominica,DMA,1993,24.4
Dominica,DMA,1994,23.5
Dominica,DMA,1995,22.8
Dominica,DMA,1996,22.1
Dominica,DMA,1997,21.5
Dominica,DMA,1998,20.8
Dominica,DMA,1999,20.2
Dominica,DMA,2000,19.6
Dominica,DMA,2001,19.1
Dominica,DMA,2002,18.7
Dominica,DMA,2003,18
Dominica,DMA,2004,17.3
Dominica,DMA,2005,16.7
Dominica,DMA,2006,15.9
Dominica,DMA,2007,15.2
Dominica,DMA,2008,14.2
Dominica,DMA,2009,13.4
Dominica,DMA,2010,12.7
Dominica,DMA,2011,12.1
Dominica,DMA,2012,11.6
Dominican Republic,DOM,1980,23.7
Dominican Republic,DOM,1981,23.2
Dominican Republic,DOM,1982,22.7
Dominican Republic,DOM,1983,22.1
Dominican Republic,DOM,1984,21.6
Dominican Republic,DOM,1985,21.3
Dominican Republic,DOM,1986,20.9
Dominican Republic,DOM,1987,20.3
Dominican Republic,DOM,1988,19.7
Dominican Republic,DOM,1989,19
Dominican Republic,DOM,1990,18.6
Dominican Republic,DOM,1991,18.1
Dominican Republic,DOM,1992,17.5
Dominican Republic,DOM,1993,16.9
Dominican Republic,DOM,1994,16.4
Dominican Republic,DOM,1995,15.9
Dominican Republic,DOM,1996,15.4
Dominican Republic,DOM,1997,15.8
Dominican Republic,DOM,1998,16.1
Dominican Republic,DOM,1999,16.2
Dominican Republic,DOM,2000,16.3
Dominican Republic,DOM,2001,16.3
Dominican Republic,DOM,2002,16.3
Dominican Republic,DOM,2003,16.4
Dominican Republic,DOM,2004,16.5
Dominican Republic,DOM,2005,16.5
Dominican Republic,DOM,2006,16.4
Dominican Republic,DOM,2007,16.1
Dominican Republic,DOM,2008,15.6
Dominican Republic,DOM,2009,15.1
Dominican Republic,DOM,2010,14.5
Dominican Republic,DOM,2011,14
Dominican Republic,DOM,2012,13.6
East Timor,TLS,1980,1.4
East Timor,TLS,1981,1.5
East Timor,TLS,1982,1.5
East Timor,TLS,1983,1.6
East Timor,TLS,1984,1.6
East Timor,TLS,1985,1.6
East Timor,TLS,1986,1.7
East Timor,TLS,1987,1.7
East Timor,TLS,1988,1.8
East Timor,TLS,1989,1.8
East Timor,TLS,1990,1.9
East Timor,TLS,1991,1.9
East Timor,TLS,1992,2
East Timor,TLS,1993,2
East Timor,TLS,1994,2
East Timor,TLS,1995,2.1
East Timor,TLS,1996,2.1
East Timor,TLS,1997,2.2
East Timor,TLS,1998,2.2
East Timor,TLS,1999,2.1
East Timor,TLS,2000,2.1
East Timor,TLS,2001,1.9
East Timor,TLS,2002,1.8
East Timor,TLS,2003,1.6
East Timor,TLS,2004,1.5
East Timor,TLS,2005,1.4
East Timor,TLS,2006,1.4
East Timor,TLS,2007,1.3
East Timor,TLS,2008,1.3
East Timor,TLS,2009,1.4
East Timor,TLS,2010,1.4
East Timor,TLS,2011,1.4
East Timor,TLS,2012,1.4
Ecuador,ECU,1980,16.8
Ecuador,ECU,1981,16.3
Ecuador,ECU,1982,16
Ecuador,ECU,1983,15.9
Ecuador,ECU,1984,15.8
Ecuador,ECU,1985,15.7
Ecuador,ECU,1986,15.6
Ecuador,ECU,1987,15.8
Ecuador,ECU,1988,15.8
Ecuador,ECU,1989,15.8
Ecuador,ECU,1990,15.9
Ecuador,ECU,1991,15.9
Ecuador,ECU,1992,15.9
Ecuador,ECU,1993,15.9
Ecuador,ECU,1994,15.9
Ecuador,ECU,1995,16
Ecuador,ECU,1996,16.1
Ecuador,ECU,1997,16.5
Ecuador,ECU,1998,17
Ecuador,ECU,1999,18.1
Ecuador,ECU,2000,19.3
Ecuador,ECU,2001,20.3
Ecuador,ECU,2002,21.1
Ecuador,ECU,2003,21.6
Ecuador,ECU,2004,21.3
Ecuador,ECU,2005,21.3
Ecuador,ECU,2006,20.6
Ecuador,ECU,2007,19.8
Ecuador,ECU,2008,18.7
Ecuador,ECU,2009,17.7
Ecuador,ECU,2010,16.8
Ecuador,ECU,2011,15.8
Ecuador,ECU,2012,14.8
Egypt,EGY,1980,23.7
Egypt,EGY,1981,23.5
Egypt,EGY,1982,23.4
Egypt,EGY,1983,23.3
Egypt,EGY,1984,23.2
Egypt,EGY,1985,23
Egypt,EGY,1986,22.9
Egypt,EGY,1987,22.7
Egypt,EGY,1988,22.5
Egypt,EGY,1989,22.3
Egypt,EGY,1990,22.1
Egypt,EGY,1991,21.9
Egypt,EGY,1992,21.8
Egypt,EGY,1993,21.6
Egypt,EGY,1994,21.5
Egypt,EGY,1995,21.4
Egypt,EGY,1996,21.3
Egypt,EGY,1997,21.4
Egypt,EGY,1998,21.5
Egypt,EGY,1999,21.5
Egypt,EGY,2000,21.6
Egypt,EGY,2001,21.6
Egypt,EGY,2002,21.6
Egypt,EGY,2003,21.9
Egypt,EGY,2004,22.2
Egypt,EGY,2005,22.3
Egypt,EGY,2006,21.8
Egypt,EGY,2007,21.2
Egypt,EGY,2008,20.6
Egypt,EGY,2009,20.1
Egypt,EGY,2010,19.7
Egypt,EGY,2011,19.2
Egypt,EGY,2012,19.1
El Salvador,SLV,1980,19.5
El Salvador,SLV,1981,19
El Salvador,SLV,1982,18.5
El Salvador,SLV,1983,18
El Salvador,SLV,1984,17.5
El Salvador,SLV,1985,17
El Salvador,SLV,1986,16.5
El Salvador,SLV,1987,16
El Salvador,SLV,1988,15.6
El Salvador,SLV,1989,15.2
El Salvador,SLV,1990,14.9
El Salvador,SLV,1991,14.6
El Salvador,SLV,1992,14.3
El Salvador,SLV,1993,14.1
El Salvador,SLV,1994,14
El Salvador,SLV,1995,13.9
El Salvador,SLV,1996,13.9
El Salvador,SLV,1997,14
El Salvador,SLV,1998,14.2
El Salvador,SLV,1999,14.4
El Salvador,SLV,2000,14.6
El Salvador,SLV,2001,14.9
El Salvador,SLV,2002,15.3
El Salvador,SLV,2003,15.8
El Salvador,SLV,2004,16.2
El Salvador,SLV,2005,16.5
El Salvador,SLV,2006,16.9
El Salvador,SLV,2007,17.2
El Salvador,SLV,2008,17.4
El Salvador,SLV,2009,17.6
El Salvador,SLV,2010,17.6
El Salvador,SLV,2011,17.5
El Salvador,SLV,2012,17.4
Equatorial Guinea,GNQ,1980,65.1
Equatorial Guinea,GNQ,1981,61.1
Equatorial Guinea,GNQ,1982,56.7
Equatorial Guinea,GNQ,1983,53.1
Equatorial Guinea,GNQ,1984,50.5
Equatorial Guinea,GNQ,1985,48.6
Equatorial Guinea,GNQ,1986,47.5
Equatorial Guinea,GNQ,1987,46.5
Equatorial Guinea,GNQ,1988,45.8
Equatorial Guinea,GNQ,1989,45.3
Equatorial Guinea,GNQ,1990,45.1
Equatorial Guinea,GNQ,1991,45
Equatorial Guinea,GNQ,1992,44.9
Equatorial Guinea,GNQ,1993,45
Equatorial Guinea,GNQ,1994,45.2
Equatorial Guinea,GNQ,1995,45.4
Equatorial Guinea,GNQ,1996,44.8
Equatorial Guinea,GNQ,1997,42.6
Equatorial Guinea,GNQ,1998,40.8
Equatorial Guinea,GNQ,1999,39
Equatorial Guinea,GNQ,2000,37.5
Equatorial Guinea,GNQ,2001,35.5
Equatorial Guinea,GNQ,2002,33.8
Equatorial Guinea,GNQ,2003,32.5
Equatorial Guinea,GNQ,2004,31
Equatorial Guinea,GNQ,2005,29.8
Equatorial Guinea,GNQ,2006,29
Equatorial Guinea,GNQ,2007,28.2
Equatorial Guinea,GNQ,2008,27.5
Equatorial Guinea,GNQ,2009,26.9
Equatorial Guinea,GNQ,2010,26.5
Equatorial Guinea,GNQ,2011,26.2
Equatorial Guinea,GNQ,2012,25.9
Eritrea,ERI,1980,32.2
Eritrea,ERI,1981,32.1
Eritrea,ERI,1982,31.9
Eritrea,ERI,1983,31.8
Eritrea,ERI,1984,31.6
Eritrea,ERI,1985,31.5
Eritrea,ERI,1986,31.4
Eritrea,ERI,1987,31.3
Eritrea,ERI,1988,31.3
Eritrea,ERI,1989,31.4
Eritrea,ERI,1990,31.5
Eritrea,ERI,1991,31.9
Eritrea,ERI,1992,32.4
Eritrea,ERI,1993,33.1
Eritrea,ERI,1994,33.9
Eritrea,ERI,1995,34.6
Eritrea,ERI,1996,35.3
Eritrea,ERI,1997,36.2
Eritrea,ERI,1998,36.9
Eritrea,ERI,1999,37.4
Eritrea,ERI,2000,37.6
Eritrea,ERI,2001,37.7
Eritrea,ERI,2002,37.7
Eritrea,ERI,2003,37.7
Eritrea,ERI,2004,37.6
Eritrea,ERI,2005,37.8
Eritrea,ERI,2006,38.1
Eritrea,ERI,2007,38.4
Eritrea,ERI,2008,38.6
Eritrea,ERI,2009,38.8
Eritrea,ERI,2010,39
Eritrea,ERI,2011,38.7
Eritrea,ERI,2012,38.3
Estonia,EST,1980,12.9
Estonia,EST,1981,13.2
Estonia,EST,1982,13.5
Estonia,EST,1983,13.8
Estonia,EST,1984,14.1
Estonia,EST,1985,14.5
Estonia,EST,1986,14.8
Estonia,EST,1987,15.3
Estonia,EST,1988,15.7
Estonia,EST,1989,16.1
Estonia,EST,1990,16.4
Estonia,EST,1991,16.7
Estonia,EST,1992,16.9
Estonia,EST,1993,17.2
Estonia,EST,1994,17.4
Estonia,EST,1995,17.9
Estonia,EST,1996,18.5
Estonia,EST,1997,19.4
Estonia,EST,1998,20.2
Estonia,EST,1999,20.8
Estonia,EST,2000,21.4
Estonia,EST,2001,21.9
Estonia,EST,2002,22.3
Estonia,EST,2003,22.6
Estonia,EST,2004,22.9
Estonia,EST,2005,23.2
Estonia,EST,2006,23.7
Estonia,EST,2007,24.1
Estonia,EST,2008,24.3
Estonia,EST,2009,24.2
Estonia,EST,2010,24.1
Estonia,EST,2011,23.8
Estonia,EST,2012,23.3
Eswatini,SWZ,1980,20.9
Eswatini,SWZ,1981,20.7
Eswatini,SWZ,1982,20.4
Eswatini,SWZ,1983,20.2
Eswatini,SWZ,1984,19.9
Eswatini,SWZ,1985,19.7
Eswatini,SWZ,1986,19.6
Eswatini,SWZ,1987,19.8
Eswatini,SWZ,1988,20
Eswatini,SWZ,1989,20.3
Eswatini,SWZ,1990,20.6
Eswatini,SWZ,1991,20.9
Eswatini,SWZ,1992,21.2
Eswatini,SWZ,1993,21.5
Eswatini,SWZ,1994,21.9
Eswatini,SWZ,1995,22.4
Eswatini,SWZ,1996,23.1
Eswatini,SWZ,1997,23.9
Eswatini,SWZ,1998,24.8
Eswatini,SWZ,1999,25.8
Eswatini,SWZ,2000,26.9
Eswatini,SWZ,2001,27.9
Eswatini,SWZ,2002,28.8
Eswatini,SWZ,2003,29.8
Eswatini,SWZ,2004,30.6
Eswatini,SWZ,2005,31.3
Eswatini,SWZ,2006,32
Eswatini,SWZ,2007,32.6
Eswatini,SWZ,2008,33.3
Eswatini,SWZ,2009,34.1
Eswatini,SWZ,2010,34.7
Eswatini,SWZ,2011,35.4
Eswatini,SWZ,2012,35.9
Ethiopia,ETH,1980,7.1
Ethiopia,ETH,1981,7.1
Ethiopia,ETH,1982,7.2
Ethiopia,ETH,1983,7.2
Ethiopia,ETH,1984,7.3
Ethiopia,ETH,1985,7.3
Ethiopia,ETH,1986,7.3
Ethiopia,ETH,1987,7.3
Ethiopia,ETH,1988,7.2
Ethiopia,ETH,1989,7.2
Ethiopia,ETH,1990,7.1
Ethiopia,ETH,1991,7.1
Ethiopia,ETH,1992,7
Ethiopia,ETH,1993,7
Ethiopia,ETH,1994,6.9
Ethiopia,ETH,1995,6.9
Ethiopia,ETH,1996,6.9
Ethiopia,ETH,1997,6.8
Ethiopia,ETH,1998,6.7
Ethiopia,ETH,1999,6.7
Ethiopia,ETH,2000,6.6
Ethiopia,ETH,2001,6.6
Ethiopia,ETH,2002,6.5
Ethiopia,ETH,2003,6.3
Ethiopia,ETH,2004,6.1
Ethiopia,ETH,2005,6
Ethiopia,ETH,2006,5.9
Ethiopia,ETH,2007,6
Ethiopia,ETH,2008,6
Ethiopia,ETH,2009,6.1
Ethiopia,ETH,2010,6.2
Ethiopia,ETH,2011,6.2
Ethiopia,ETH,2012,6.2
Fiji,FJI,1980,23.4
Fiji,FJI,1981,22.5
Fiji,FJI,1982,22
Fiji,FJI,1983,21.9
Fiji,FJI,1984,21.5
Fiji,FJI,1985,21.3
Fiji,FJI,1986,21.2
Fiji,FJI,1987,21.4
Fiji,FJI,1988,21.6
Fiji,FJI,1989,21.4
Fiji,FJI,1990,20.9
Fiji,FJI,1991,20.6
Fiji,FJI,1992,20.2
Fiji,FJI,1993,19.8
Fiji,FJI,1994,19.3
Fiji,FJI,1995,18.8
Fiji,FJI,1996,18.2
Fiji,FJI,1997,17.7
Fiji,FJI,1998,17.4
Fiji,FJI,1999,16.9
Fiji,FJI,2000,16.3
Fiji,FJI,2001,15.8
Fiji,FJI,2002,15.2
Fiji,FJI,2003,14.7
Fiji,FJI,2004,14.2
Fiji,FJI,2005,13.7
Fiji,FJI,2006,13.3
Fiji,FJI,2007,13
Fiji,FJI,2008,12.8
Fiji,FJI,2009,12.7
Fiji,FJI,2010,12.7
Fiji,FJI,2011,12.6
Fiji,FJI,2012,12.5
Finland,FIN,1980,18.1
Finland,FIN,1981,18
Finland,FIN,1982,17.8
Finland,FIN,1983,17.6
Finland,FIN,1984,17.3
Finland,FIN,1985,16.9
Finland,FIN,1986,16.3
Finland,FIN,1987,15.8
Finland,FIN,1988,15.3
Finland,FIN,1989,14.9
Finland,FIN,1990,14.7
Finland,FIN,1991,14.7
Finland,FIN,1992,15
Finland,FIN,1993,15.4
Finland,FIN,1994,15.8
Finland,FIN,1995,16
Finland,FIN,1996,16
Finland,FIN,1997,15.8
Finland,FIN,1998,15.5
Finland,FIN,1999,15.2
Finland,FIN,2000,15
Finland,FIN,2001,14.7
Finland,FIN,2002,14.6
Finland,FIN,2003,14.7
Finland,FIN,2004,14.8
Finland,FIN,2005,15.1
Finland,FIN,2006,15.5
Finland,FIN,2007,16
Finland,FIN,2008,16.4
Finland,FIN,2009,17.1
Finland,FIN,2010,17.5
Finland,FIN,2011,17.7
Finland,FIN,2012,17.8
France,FRA,1980,21
France,FRA,1981,20.4
France,FRA,1982,19.8
France,FRA,1983,19.1
France,FRA,1984,18.6
France,FRA,1985,18.1
France,FRA,1986,17.6
France,FRA,1987,17.2
France,FRA,1988,16.8
France,FRA,1989,16.5
France,FRA,1990,16.3
France,FRA,1991,16.2
France,FRA,1992,16.3
France,FRA,1993,16.4
France,FRA,1994,16.4
France,FRA,1995,16.4
France,FRA,1996,16.3
France,FRA,1997,16
France,FRA,1998,15.7
France,FRA,1999,15.4
France,FRA,2000,15.1
France,FRA,2001,14.9
France,FRA,2002,14.9
France,FRA,2003,15.1
France,FRA,2004,15.3
France,FRA,2005,15.3
France,FRA,2006,15.2
France,FRA,2007,15
France,FRA,2008,14.8
France,FRA,2009,14.7
France,FRA,2010,14.6
France,FRA,2011,14.5
France,FRA,2012,14.4
Gabon,GAB,1980,12.6
Gabon,GAB,1981,12.6
Gabon,GAB,1982,12.6
Gabon,GAB,1983,12.7
Gabon,GAB,1984,12.8
Gabon,GAB,1985,12.8
Gabon,GAB,1986,13
Gabon,GAB,1987,13.4
Gabon,GAB,1988,13.7
Gabon,GAB,1989,13.7
Gabon,GAB,1990,13.7
Gabon,GAB,1991,13.6
Gabon,GAB,1992,13.6
Gabon,GAB,1993,13.7
Gabon,GAB,1994,13.8
Gabon,GAB,1995,13.9
Gabon,GAB,1996,13.9
Gabon,GAB,1997,13.9
Gabon,GAB,1998,14
Gabon,GAB,1999,14.6
Gabon,GAB,2000,15.2
Gabon,GAB,2001,16
Gabon,GAB,2002,16.8
Gabon,GAB,2003,17.7
Gabon,GAB,2004,18.7
Gabon,GAB,2005,19.6
Gabon,GAB,2006,20.6
Gabon,GAB,2007,21.5
Gabon,GAB,2008,22.3
Gabon,GAB,2009,23.2
Gabon,GAB,2010,23.8
Gabon,GAB,2011,24.3
Gabon,GAB,2012,24.7
Gambia,GMB,1980,29.6
Gambia,GMB,1981,29.7
Gambia,GMB,1982,29.6
Gambia,GMB,1983,29.4
Gambia,GMB,1984,29.2
Gambia,GMB,1985,28.9
Gambia,GMB,1986,28.4
Gambia,GMB,1987,27.9
Gambia,GMB,1988,27.4
Gambia,GMB,1989,26.9
Gambia,GMB,1990,26.4
Gambia,GMB,1991,26.1
Gambia,GMB,1992,25.9
Gambia,GMB,1993,25.6
Gambia,GMB,1994,25.3
Gambia,GMB,1995,25
Gambia,GMB,1996,24.6
Gambia,GMB,1997,24.2
Gambia,GMB,1998,23.7
Gambia,GMB,1999,23.1
Gambia,GMB,2000,22.4
Gambia,GMB,2001,21.7
Gambia,GMB,2002,21.1
Gambia,GMB,2003,20.5
Gambia,GMB,2004,20
Gambia,GMB,2005,19.5
Gambia,GMB,2006,19.1
Gambia,GMB,2007,18.8
Gambia,GMB,2008,18.4
Gambia,GMB,2009,18.1
Gambia,GMB,2010,17.8
Gambia,GMB,2011,17.6
Gambia,GMB,2012,17.4
Georgia,GEO,1980,30
Georgia,GEO,1981,29.3
Georgia,GEO,1982,28.6
Georgia,GEO,1983,27.8
Georgia,GEO,1984,27.1
Georgia,GEO,1985,26.4
Georgia,GEO,1986,25.7
Georgia,GEO,1987,25
Georgia,GEO,1988,24.5
Georgia,GEO,1989,24
Georgia,GEO,1990,23.7
Georgia,GEO,1991,23.4
Georgia,GEO,1992,23.4
Georgia,GEO,1993,23.5
Georgia,GEO,1994,23.6
Georgia,GEO,1995,23.9
Georgia,GEO,1996,24.3
Georgia,GEO,1997,24.6
Georgia,GEO,1998,25
Georgia,GEO,1999,25.4
Georgia,GEO,2000,25.8
Georgia,GEO,2001,26.1
Georgia,GEO,2002,26.3
Georgia,GEO,2003,26.4
Georgia,GEO,2004,26.4
Georgia,GEO,2005,26.2
Georgia,GEO,2006,25.9
Georgia,GEO,2007,25.5
Georgia,GEO,2008,25.1
Georgia,GEO,2009,24.7
Georgia,GEO,2010,24.3
Georgia,GEO,2011,24
Georgia,GEO,2012,23.8
Germany,DEU,1980,20.3
Germany,DEU,1981,20
Germany,DEU,1982,19.8
Germany,DEU,1983,19.6
Germany,DEU,1984,19.4
Germany,DEU,1985,19.3
Germany,DEU,1986,19.2
Germany,DEU,1987,19.2
Germany,DEU,1988,19.4
Germany,DEU,1989,19.5
Germany,DEU,1990,19.8
Germany,DEU,1991,20
Germany,DEU,1992,20.3
Germany,DEU,1993,20.6
Germany,DEU,1994,21
Germany,DEU,1995,21.3
Germany,DEU,1996,21
Germany,DEU,1997,20.4
Germany,DEU,1998,20
Germany,DEU,1999,19.8
Germany,DEU,2000,19.7
Germany,DEU,2001,19.6
Germany,DEU,2002,19.6
Germany,DEU,2003,19.6
Germany,DEU,2004,19.1
Germany,DEU,2005,18.5
Germany,DEU,2006,17.9
Germany,DEU,2007,17.3
Germany,DEU,2008,16.8
Germany,DEU,2009,16.4
Germany,DEU,2010,16
Germany,DEU,2011,15.5
Germany,DEU,2012,15.1
Ghana,GHA,1980,19.5
Ghana,GHA,1981,19.2
Ghana,GHA,1982,18.9
Ghana,GHA,1983,18.7
Ghana,GHA,1984,18.4
Ghana,GHA,1985,17.9
Ghana,GHA,1986,17.4
Ghana,GHA,1987,16.9
Ghana,GHA,1988,16.3
Ghana,GHA,1989,15.7
Ghana,GHA,1990,15.1
Ghana,GHA,1991,14.6
Ghana,GHA,1992,14.1
Ghana,GHA,1993,13.6
Ghana,GHA,1994,13.2
Ghana,GHA,1995,12.9
Ghana,GHA,1996,12.6
Ghana,GHA,1997,12.5
Ghana,GHA,1998,12.4
Ghana,GHA,1999,12.4
Ghana,GHA,2000,12.4
Ghana,GHA,2001,12.5
Ghana,GHA,2002,12.6
Ghana,GHA,2003,12.8
Ghana,GHA,2004,13.3
Ghana,GHA,2005,13.8
Ghana,GHA,2006,14.2
Ghana,GHA,2007,14.7
Ghana,GHA,2008,15
Ghana,GHA,2009,15.2
Ghana,GHA,2010,15.3
Ghana,GHA,2011,15.2
Ghana,GHA,2012,15.1
Greece,GRC,1980,26.7
Greece,GRC,1981,26.6
Greece,GRC,1982,26.7
Greece,GRC,1983,26.8
Greece,GRC,1984,26.8
Greece,GRC,1985,26.7
Greece,GRC,1986,26.5
Greece,GRC,1987,26.4
Greece,GRC,1988,26.2
Greece,GRC,1989,25.8
Greece,GRC,1990,25.4
Greece,GRC,1991,25
Greece,GRC,1992,24.6
Greece,GRC,1993,24.3
Greece,GRC,1994,24.1
Greece,GRC,1995,23.9
Greece,GRC,1996,23.9
Greece,GRC,1997,23.9
Greece,GRC,1998,23.8
Greece,GRC,1999,23.8
Greece,GRC,2000,23.9
Greece,GRC,2001,24.1
Greece,GRC,2002,24.2
Greece,GRC,2003,24.4
Greece,GRC,2004,24.5
Greece,GRC,2005,24.4
Greece,GRC,2006,24.2
Greece,GRC,2007,23.7
Greece,GRC,2008,23.1
Greece,GRC,2009,22.5
Greece,GRC,2010,22
Greece,GRC,2011,21.5
Greece,GRC,2012,21
Grenada,GRD,1980,18.3
Grenada,GRD,1981,18.5
Grenada,GRD,1982,18.7
Grenada,GRD,1983,18.8
Grenada,GRD,1984,19
Grenada,GRD,1985,19.2
Grenada,GRD,1986,19.4
Grenada,GRD,1987,19.6
Grenada,GRD,1988,19.7
Grenada,GRD,1989,19.9
Grenada,GRD,1990,20.2
Grenada,GRD,1991,20.6
Grenada,GRD,1992,21
Grenada,GRD,1993,21.4
Grenada,GRD,1994,21.7
Grenada,GRD,1995,22.1
Grenada,GRD,1996,22.3
Grenada,GRD,1997,23.3
Grenada,GRD,1998,24.2
Grenada,GRD,1999,25
Grenada,GRD,2000,25.7
Grenada,GRD,2001,26
Grenada,GRD,2002,26.2
Grenada,GRD,2003,26.3
Grenada,GRD,2004,26.2
Grenada,GRD,2005,26.2
Grenada,GRD,2006,26
Grenada,GRD,2007,25.8
Grenada,GRD,2008,25.5
Grenada,GRD,2009,25
Grenada,GRD,2010,24.5
Grenada,GRD,2011,24.1
Grenada,GRD,2012,23.6
Guatemala,GTM,1980,9.6
Guatemala,GTM,1981,9.5
Guatemala,GTM,1982,9.5
Guatemala,GTM,1983,9.5
Guatemala,GTM,1984,9.5
Guatemala,GTM,1985,9.5
Guatemala,GTM,1986,9.5
Guatemala,GTM,1987,9.6
Guatemala,GTM,1988,9.6
Guatemala,GTM,1989,9.7
Guatemala,GTM,1990,9.8
Guatemala,GTM,1991,9.9
Guatemala,GTM,1992,10
Guatemala,GTM,1993,10.1
Guatemala,GTM,1994,10.2
Guatemala,GTM,1995,10.3
Guatemala,GTM,1996,10.4
Guatemala,GTM,1997,10.6
Guatemala,GTM,1998,10.7
Guatemala,GTM,1999,10.9
Guatemala,GTM,2000,11.1
Guatemala,GTM,2001,11.3
Guatemala,GTM,2002,11.5
Guatemala,GTM,2003,12.3
Guatemala,GTM,2004,12.5
Guatemala,GTM,2005,12.6
Guatemala,GTM,2006,12.6
Guatemala,GTM,2007,12.5
Guatemala,GTM,2008,12.2
Guatemala,GTM,2009,11.9
Guatemala,GTM,2010,11.5
Guatemala,GTM,2011,11
Guatemala,GTM,2012,10.5
Guinea,GIN,1980,2.6
Guinea,GIN,1981,2.5
Guinea,GIN,1982,2.4
Guinea,GIN,1983,2.4
Guinea,GIN,1984,2.3
Guinea,GIN,1985,2.3
Guinea,GIN,1986,2.3
Guinea,GIN,1987,2.2
Guinea,GIN,1988,2.2
Guinea,GIN,1989,2.2
Guinea,GIN,1990,2.1
Guinea,GIN,1991,2.1
Guinea,GIN,1992,2.1
Guinea,GIN,1993,2.1
Guinea,GIN,1994,2.1
Guinea,GIN,1995,2.1
Guinea,GIN,1996,2.1
Guinea,GIN,1997,2.1
Guinea,GIN,1998,2.1
Guinea,GIN,1999,2.1
Guinea,GIN,2000,2.1
Guinea,GIN,2001,2
Guinea,GIN,2002,2
Guinea,GIN,2003,2
Guinea,GIN,2004,1.9
Guinea,GIN,2005,1.9
Guinea,GIN,2006,1.9
Guinea,GIN,2007,1.9
Guinea,GIN,2008,1.9
Guinea,GIN,2009,1.8
Guinea,GIN,2010,1.8
Guinea,GIN,2011,1.8
Guinea,GIN,2012,1.8
Guinea-Bissau,GNB,1980,3.2
Guinea-Bissau,GNB,1981,3.2
Guinea-Bissau,GNB,1982,3.1
Guinea-Bissau,GNB,1983,3.1
Guinea-Bissau,GNB,1984,3.1
Guinea-Bissau,GNB,1985,3
Guinea-Bissau,GNB,1986,2.9
Guinea-Bissau,GNB,1987,2.8
Guinea-Bissau,GNB,1988,2.7
Guinea-Bissau,GNB,1989,2.6
Guinea-Bissau,GNB,1990,2.5
Guinea-Bissau,GNB,1991,2.5
Guinea-Bissau,GNB,1992,2.4
Guinea-Bissau,GNB,1993,2.4
Guinea-Bissau,GNB,1994,2.4
Guinea-Bissau,GNB,1995,2.4
Guinea-Bissau,GNB,1996,2.4
Guinea-Bissau,GNB,1997,2.4
Guinea-Bissau,GNB,1998,2.7
Guinea-Bissau,GNB,1999,3
Guinea-Bissau,GNB,2000,3.3
Guinea-Bissau,GNB,2001,3.7
Guinea-Bissau,GNB,2002,4.1
Guinea-Bissau,GNB,2003,4.6
Guinea-Bissau,GNB,2004,5.1
Guinea-Bissau,GNB,2005,5.6
Guinea-Bissau,GNB,2006,6.1
Guinea-Bissau,GNB,2007,6.6
Guinea-Bissau,GNB,2008,6.9
Guinea-Bissau,GNB,2009,7.3
Guinea-Bissau,GNB,2010,7.6
Guinea-Bissau,GNB,2011,7.9
Guinea-Bissau,GNB,2012,8.2
Guyana,GUY,1980,25.6
Guyana,GUY,1981,25.9
Guyana,GUY,1982,25.6
Guyana,GUY,1983,25.1
Guyana,GUY,1984,24.5
Guyana,GUY,1985,24
Guyana,GUY,1986,23.6
Guyana,GUY,1987,23.3
Guyana,GUY,1988,22.9
Guyana,GUY,1989,22.4
Guyana,GUY,1990,21.8
Guyana,GUY,1991,21.5
Guyana,GUY,1992,21.6
Guyana,GUY,1993,21.9
Guyana,GUY,1994,22.5
Guyana,GUY,1995,23.1
Guyana,GUY,1996,23.8
Guyana,GUY,1997,24.6
Guyana,GUY,1998,25.2
Guyana,GUY,1999,25.6
Guyana,GUY,2000,26.1
Guyana,GUY,2001,26.7
Guyana,GUY,2002,27.2
Guyana,GUY,2003,27.6
Guyana,GUY,2004,27.9
Guyana,GUY,2005,28.2
Guyana,GUY,2006,28.4
Guyana,GUY,2007,28.9
Guyana,GUY,2008,29.2
Guyana,GUY,2009,29.7
Guyana,GUY,2010,30.4
Guyana,GUY,2011,31.1
Guyana,GUY,2012,31.8
Haiti,HTI,1980,11
Haiti,HTI,1981,11.3
Haiti,HTI,1982,11.1
Haiti,HTI,1983,10.8
Haiti,HTI,1984,10.4
Haiti,HTI,1985,9.9
Haiti,HTI,1986,9.5
Haiti,HTI,1987,8.9
Haiti,HTI,1988,8.5
Haiti,HTI,1989,8
Haiti,HTI,1990,7.5
Haiti,HTI,1991,7.1
Haiti,HTI,1992,6.7
Haiti,HTI,1993,6.3
Haiti,HTI,1994,5.7
Haiti,HTI,1995,5.3
Haiti,HTI,1996,5.1
Haiti,HTI,1997,4.9
Haiti,HTI,1998,4.8
Haiti,HTI,1999,4.8
Haiti,HTI,2000,4.8
Haiti,HTI,2001,4.9
Haiti,HTI,2002,4.9
Haiti,HTI,2003,5
Haiti,HTI,2004,5
Haiti,HTI,2005,5.1
Haiti,HTI,2006,5.1
Haiti,HTI,2007,5.2
Haiti,HTI,2008,5.3
Haiti,HTI,2009,5.5
Haiti,HTI,2010,5.7
Haiti,HTI,2011,5.9
Haiti,HTI,2012,6.2
Honduras,HND,1980,22.1
Honduras,HND,1981,21.2
Honduras,HND,1982,20.6
Honduras,HND,1983,20.3
Honduras,HND,1984,20.1
Honduras,HND,1985,19.9
Honduras,HND,1986,19.8
Honduras,HND,1987,19.5
Honduras,HND,1988,19.3
Honduras,HND,1989,19
Honduras,HND,1990,18.8
Honduras,HND,1991,18.7
Honduras,HND,1992,18.4
Honduras,HND,1993,18
Honduras,HND,1994,17.9
Honduras,HND,1995,17.8
Honduras,HND,1996,17.6
Honduras,HND,1997,17.3
Honduras,HND,1998,17
Honduras,HND,1999,17
Honduras,HND,2000,16.9
Honduras,HND,2001,16.8
Honduras,HND,2002,16.9
Honduras,HND,2003,16.9
Honduras,HND,2004,16.5
Honduras,HND,2005,15.9
Honduras,HND,2006,15.2
Honduras,HND,2007,14.3
Honduras,HND,2008,13.5
Honduras,HND,2009,13
Honduras,HND,2010,12.6
Honduras,HND,2011,12.2
Honduras,HND,2012,11.9
Hungary,HUN,1980,26.1
Hungary,HUN,1981,25.9
Hungary,HUN,1982,25.7
Hungary,HUN,1983,25.5
Hungary,HUN,1984,25.4
Hungary,HUN,1985,25.4
Hungary,HUN,1986,25.4
Hungary,HUN,1987,25.3
Hungary,HUN,1988,25.2
Hungary,HUN,1989,25.1
Hungary,HUN,1990,25
Hungary,HUN,1991,25.4
Hungary,HUN,1992,25.9
Hungary,HUN,1993,26.3
Hungary,HUN,1994,26.7
Hungary,HUN,1995,27
Hungary,HUN,1996,27.3
Hungary,HUN,1997,26.6
Hungary,HUN,1998,25.8
Hungary,HUN,1999,24.9
Hungary,HUN,2000,23.9
Hungary,HUN,2001,22.6
Hungary,HUN,2002,21.3
Hungary,HUN,2003,20
Hungary,HUN,2004,18.7
Hungary,HUN,2005,17.4
Hungary,HUN,2006,16.5
Hungary,HUN,2007,15.8
Hungary,HUN,2008,15.4
Hungary,HUN,2009,15.3
Hungary,HUN,2010,15.5
Hungary,HUN,2011,15.8
Hungary,HUN,2012,16
Iceland,ISL,1980,26.5
Iceland,ISL,1981,25.7
Iceland,ISL,1982,25
Iceland,ISL,1983,24.7
Iceland,ISL,1984,24.2
Iceland,ISL,1985,23.9
Iceland,ISL,1986,23.4
Iceland,ISL,1987,22.8
Iceland,ISL,1988,22.4
Iceland,ISL,1989,22.3
Iceland,ISL,1990,22.5
Iceland,ISL,1991,22.7
Iceland,ISL,1992,23.1
Iceland,ISL,1993,23.5
Iceland,ISL,1994,23.7
Iceland,ISL,1995,23.8
Iceland,ISL,1996,23.7
Iceland,ISL,1997,23.7
Iceland,ISL,1998,23.7
Iceland,ISL,1999,23.7
Iceland,ISL,2000,23.6
Iceland,ISL,2001,23.4
Iceland,ISL,2002,23.2
Iceland,ISL,2003,23.1
Iceland,ISL,2004,22.9
Iceland,ISL,2005,22.5
Iceland,ISL,2006,22.1
Iceland,ISL,2007,22
Iceland,ISL,2008,22.4
Iceland,ISL,2009,23.7
Iceland,ISL,2010,25.3
Iceland,ISL,2011,26.5
Iceland,ISL,2012,27
India,IND,1980,11.6
India,IND,1981,11.8
India,IND,1982,12
India,IND,1983,12.1
India,IND,1984,12.2
India,IND,1985,12.2
India,IND,1986,12.3
India,IND,1987,12.3
India,IND,1988,12.3
India,IND,1989,12.3
India,IND,1990,12.2
India,IND,1991,12.1
India,IND,1992,12
India,IND,1993,11.9
India,IND,1994,11.7
India,IND,1995,11.6
India,IND,1996,11.4
India,IND,1997,11.2
India,IND,1998,10.9
India,IND,1999,10.7
India,IND,2000,10.4
India,IND,2001,10.1
India,IND,2002,9.8
India,IND,2003,9.5
India,IND,2004,9.3
India,IND,2005,9.2
India,IND,2006,9
India,IND,2007,9.1
India,IND,2008,9.1
India,IND,2009,9.1
India,IND,2010,8.9
India,IND,2011,8.6
India,IND,2012,8.2
Indonesia,IDN,1980,8.9
Indonesia,IDN,1981,9
Indonesia,IDN,1982,9.1
Indonesia,IDN,1983,9.2
Indonesia,IDN,1984,9.3
Indonesia,IDN,1985,9.3
Indonesia,IDN,1986,9.4
Indonesia,IDN,1987,9.4
Indonesia,IDN,1988,9.4
Indonesia,IDN,1989,9.5
Indonesia,IDN,1990,9.6
Indonesia,IDN,1991,9.8
Indonesia,IDN,1992,9.9
Indonesia,IDN,1993,10.1
Indonesia,IDN,1994,10.6
Indonesia,IDN,1995,11
Indonesia,IDN,1996,11.2
Indonesia,IDN,1997,11.3
Indonesia,IDN,1998,11.2
Indonesia,IDN,1999,11.1
Indonesia,IDN,2000,11
Indonesia,IDN,2001,10.9
Indonesia,IDN,2002,10.8
Indonesia,IDN,2003,10.8
Indonesia,IDN,2004,10.8
Indonesia,IDN,2005,10.8
Indonesia,IDN,2006,10.8
Indonesia,IDN,2007,10.9
Indonesia,IDN,2008,10.9
Indonesia,IDN,2009,10.9
Indonesia,IDN,2010,10.9
Indonesia,IDN,2011,10.9
Indonesia,IDN,2012,11
Iran,IRN,1980,25.7
Iran,IRN,1981,25.5
Iran,IRN,1982,25.4
Iran,IRN,1983,25.2
Iran,IRN,1984,25
Iran,IRN,1985,24.8
Iran,IRN,1986,24.7
Iran,IRN,1987,24.6
Iran,IRN,1988,24.5
Iran,IRN,1989,24.5
Iran,IRN,1990,24.4
Iran,IRN,1991,24.2
Iran,IRN,1992,24.1
Iran,IRN,1993,24.1
Iran,IRN,1994,24
Iran,IRN,1995,24
Iran,IRN,1996,23.9
Iran,IRN,1997,24
Iran,IRN,1998,24
Iran,IRN,1999,24
Iran,IRN,2000,23.9
Iran,IRN,2001,23.6
Iran,IRN,2002,23.3
Iran,IRN,2003,23
Iran,IRN,2004,22.7
Iran,IRN,2005,22.5
Iran,IRN,2006,22.4
Iran,IRN,2007,22.2
Iran,IRN,2008,22
Iran,IRN,2009,21.8
Iran,IRN,2010,21.5
Iran,IRN,2011,21.2
Iran,IRN,2012,20.9
Iraq,IRQ,1980,21.1
Iraq,IRQ,1981,21.4
Iraq,IRQ,1982,21.7
Iraq,IRQ,1983,22
Iraq,IRQ,1984,22.3
Iraq,IRQ,1985,22.6
Iraq,IRQ,1986,22.8
Iraq,IRQ,1987,23.1
Iraq,IRQ,1988,23.3
Iraq,IRQ,1989,23.4
Iraq,IRQ,1990,23.4
Iraq,IRQ,1991,23.2
Iraq,IRQ,1992,23
Iraq,IRQ,1993,22.7
Iraq,IRQ,1994,22.4
Iraq,IRQ,1995,22.1
Iraq,IRQ,1996,21.8
Iraq,IRQ,1997,21.7
Iraq,IRQ,1998,21.7
Iraq,IRQ,1999,21.7
Iraq,IRQ,2000,21.7
Iraq,IRQ,2001,21.7
Iraq,IRQ,2002,21.7
Iraq,IRQ,2003,21.6
Iraq,IRQ,2004,21.8
Iraq,IRQ,2005,22
Iraq,IRQ,2006,22.2
Iraq,IRQ,2007,22.2
Iraq,IRQ,2008,22.1
Iraq,IRQ,2009,21.9
Iraq,IRQ,2010,21.8
Iraq,IRQ,2011,21.7
Iraq,IRQ,2012,21.6
Ireland,IRL,1980,18.5
Ireland,IRL,1981,18.4
Ireland,IRL,1982,18.3
Ireland,IRL,1983,18.2
Ireland,IRL,1984,18.3
Ireland,IRL,1985,18.5
Ireland,IRL,1986,18.8
Ireland,IRL,1987,19.1
Ireland,IRL,1988,19.5
Ireland,IRL,1989,19.9
Ireland,IRL,1990,20.2
Ireland,IRL,1991,20.4
Ireland,IRL,1992,20.6
Ireland,IRL,1993,20.8
Ireland,IRL,1994,20.9
Ireland,IRL,1995,21.1
Ireland,IRL,1996,21.4
Ireland,IRL,1997,21.8
Ireland,IRL,1998,22.3
Ireland,IRL,1999,22.7
Ireland,IRL,2000,23.3
Ireland,IRL,2001,24
Ireland,IRL,2002,24.6
Ireland,IRL,2003,25.2
Ireland,IRL,2004,25.6
Ireland,IRL,2005,25.7
Ireland,IRL,2006,25.4
Ireland,IRL,2007,24.8
Ireland,IRL,2008,24.4
Ireland,IRL,2009,24.2
Ireland,IRL,2010,23.9
Ireland,IRL,2011,23.5
Ireland,IRL,2012,23.2
Israel,ISR,1980,21.2
Israel,ISR,1981,21.2
Israel,ISR,1982,21.2
Israel,ISR,1983,21.3
Israel,ISR,1984,21.5
Israel,ISR,1985,21.6
Israel,ISR,1986,21.7
Israel,ISR,1987,21.6
Israel,ISR,1988,21.6
Israel,ISR,1989,21.6
Israel,ISR,1990,21.5
Israel,ISR,1991,21.4
Israel,ISR,1992,21.2
Israel,ISR,1993,20.9
Israel,ISR,1994,20.6
Israel,ISR,1995,20.2
Israel,ISR,1996,19.8
Israel,ISR,1997,19.6
Israel,ISR,1998,19.5
Israel,ISR,1999,19.5
Israel,ISR,2000,19.6
Israel,ISR,2001,19.9
Israel,ISR,2002,20.3
Israel,ISR,2003,20.7
Israel,ISR,2004,20.9
Israel,ISR,2005,21
Israel,ISR,2006,20.9
Israel,ISR,2007,20.8
Israel,ISR,2008,20.5
Israel,ISR,2009,20.3
Israel,ISR,2010,19.9
Israel,ISR,2011,19.4
Israel,ISR,2012,18.9
Italy,ITA,1980,20.7
Italy,ITA,1981,20.3
Italy,ITA,1982,20.1
Italy,ITA,1983,19.9
Italy,ITA,1984,19.8
Italy,ITA,1985,19.7
Italy,ITA,1986,19.5
Italy,ITA,1987,19.3
Italy,ITA,1988,19.1
Italy,ITA,1989,18.8
Italy,ITA,1990,18.7
Italy,ITA,1991,18.8
Italy,ITA,1992,19
Italy,ITA,1993,19.3
Italy,ITA,1994,19.7
Italy,ITA,1995,20.1
Italy,ITA,1996,20.6
Italy,ITA,1997,21.2
Italy,ITA,1998,21.6
Italy,ITA,1999,21.8
Italy,ITA,2000,21.9
Italy,ITA,2001,21.8
Italy,ITA,2002,21.7
Italy,ITA,2003,21.8
Italy,ITA,2004,21.8
Italy,ITA,2005,21.8
Italy,ITA,2006,21.8
Italy,ITA,2007,21.6
Italy,ITA,2008,21.3
Italy,ITA,2009,21
Italy,ITA,2010,20.7
Italy,ITA,2011,20.4
Italy,ITA,2012,20
Jamaica,JAM,1980,17.7
Jamaica,JAM,1981,17.6
Jamaica,JAM,1982,17.6
Jamaica,JAM,1983,17.6
Jamaica,JAM,1984,17.6
Jamaica,JAM,1985,17.5
Jamaica,JAM,1986,17.4
Jamaica,JAM,1987,17.1
Jamaica,JAM,1988,16.9
Jamaica,JAM,1989,16.6
Jamaica,JAM,1990,16.3
Jamaica,JAM,1991,16.1
Jamaica,JAM,1992,15.8
Jamaica,JAM,1993,15.6
Jamaica,JAM,1994,15.4
Jamaica,JAM,1995,15.1
Jamaica,JAM,1996,14.9
Jamaica,JAM,1997,14.9
Jamaica,JAM,1998,14.8
Jamaica,JAM,1999,14.8
Jamaica,JAM,2000,14.7
Jamaica,JAM,2001,14.7
Jamaica,JAM,2002,14.8
Jamaica,JAM,2003,14.8
Jamaica,JAM,2004,14.9
Jamaica,JAM,2005,15
Jamaica,JAM,2006,15.1
Jamaica,JAM,2007,15.1
Jamaica,JAM,2008,15.2
Jamaica,JAM,2009,15.2
Jamaica,JAM,2010,15.2
Jamaica,JAM,2011,15.1
Jamaica,JAM,2012,15.1
Japan,JPN,1980,23.2
Japan,JPN,1981,23.3
Japan,JPN,1982,23.4
Japan,JPN,1983,23.7
Japan,JPN,1984,24.1
Japan,JPN,1985,24.5
Japan,JPN,1986,24.8
Japan,JPN,1987,25.2
Japan,JPN,1988,25.4
Japan,JPN,1989,25.5
Japan,JPN,1990,25.5
Japan,JPN,1991,25.4
Japan,JPN,1992,25.3
Japan,JPN,1993,25.2
Japan,JPN,1994,25
Japan,JPN,1995,24.7
Japan,JPN,1996,24.5
Japan,JPN,1997,24.3
Japan,JPN,1998,24.2
Japan,JPN,1999,24.2
Japan,JPN,2000,24.3
Japan,JPN,2001,24.3
Japan,JPN,2002,24.3
Japan,JPN,2003,24.4
Japan,JPN,2004,24.5
Japan,JPN,2005,24.6
Japan,JPN,2006,24.7
Japan,JPN,2007,24.7
Japan,JPN,2008,24.7
Japan,JPN,2009,24.8
Japan,JPN,2010,24.6
Japan,JPN,2011,24.3
Japan,JPN,2012,23.8
Jordan,JOR,1980,26.6
Jordan,JOR,1981,25.6
Jordan,JOR,1982,24.6
Jordan,JOR,1983,23.7
Jordan,JOR,1984,22.9
Jordan,JOR,1985,22.3
Jordan,JOR,1986,21.9
Jordan,JOR,1987,21.5
Jordan,JOR,1988,21.2
Jordan,JOR,1989,21
Jordan,JOR,1990,20.8
Jordan,JOR,1991,20.5
Jordan,JOR,1992,19.9
Jordan,JOR,1993,19.3
Jordan,JOR,1994,18.8
Jordan,JOR,1995,18.4
Jordan,JOR,1996,18
Jordan,JOR,1997,17.7
Jordan,JOR,1998,17.4
Jordan,JOR,1999,17.2
Jordan,JOR,2000,16.9
Jordan,JOR,2001,16.6
Jordan,JOR,2002,16.4
Jordan,JOR,2003,16.1
Jordan,JOR,2004,15.8
Jordan,JOR,2005,15.5
Jordan,JOR,2006,15.1
Jordan,JOR,2007,14.7
Jordan,JOR,2008,14.2
Jordan,JOR,2009,13.8
Jordan,JOR,2010,13.4
Jordan,JOR,2011,13.1
Jordan,JOR,2012,12.9
Kazakhstan,KAZ,1980,24
Kazakhstan,KAZ,1981,23.9
Kazakhstan,KAZ,1982,23.8
Kazakhstan,KAZ,1983,23.7
Kazakhstan,KAZ,1984,23.7
Kazakhstan,KAZ,1985,23.6
Kazakhstan,KAZ,1986,23.6
Kazakhstan,KAZ,1987,23.6
Kazakhstan,KAZ,1988,23.6
Kazakhstan,KAZ,1989,23.6
Kazakhstan,KAZ,1990,23.7
Kazakhstan,KAZ,1991,23.6
Kazakhstan,KAZ,1992,23.6
Kazakhstan,KAZ,1993,23.6
Kazakhstan,KAZ,1994,23.6
Kazakhstan,KAZ,1995,23.7
Kazakhstan,KAZ,1996,23.8
Kazakhstan,KAZ,1997,24.6
Kazakhstan,KAZ,1998,24.9
Kazakhstan,KAZ,1999,24.9
Kazakhstan,KAZ,2000,24.5
Kazakhstan,KAZ,2001,24.2
Kazakhstan,KAZ,2002,24
Kazakhstan,KAZ,2003,23.7
Kazakhstan,KAZ,2004,23.4
Kazakhstan,KAZ,2005,23
Kazakhstan,KAZ,2006,22.5
Kazakhstan,KAZ,2007,22.1
Kazakhstan,KAZ,2008,21.6
Kazakhstan,KAZ,2009,21.2
Kazakhstan,KAZ,2010,20.8
Kazakhstan,KAZ,2011,20.6
Kazakhstan,KAZ,2012,20.5
Kenya,KEN,1980,11.5
Kenya,KEN,1981,11.5
Kenya,KEN,1982,11.4
Kenya,KEN,1983,11.3
Kenya,KEN,1984,11.2
Kenya,KEN,1985,11.1
Kenya,KEN,1986,11
Kenya,KEN,1987,10.9
Kenya,KEN,1988,10.9
Kenya,KEN,1989,10.9
Kenya,KEN,1990,10.9
Kenya,KEN,1991,10.8
Kenya,KEN,1992,10.7
Kenya,KEN,1993,10.5
Kenya,KEN,1994,10.4
Kenya,KEN,1995,10.3
Kenya,KEN,1996,10.2
Kenya,KEN,1997,10.3
Kenya,KEN,1998,10.3
Kenya,KEN,1999,10.3
Kenya,KEN,2000,10.3
Kenya,KEN,2001,10.4
Kenya,KEN,2002,10.4
Kenya,KEN,2003,10.5
Kenya,KEN,2004,10.8
Kenya,KEN,2005,11.1
Kenya,KEN,2006,11.4
Kenya,KEN,2007,11.7
Kenya,KEN,2008,11.9
Kenya,KEN,2009,12
Kenya,KEN,2010,12.1
Kenya,KEN,2011,12
Kenya,KEN,2012,12
Kiribati,KIR,1980,8.5
Kiribati,KIR,1981,8.2
Kiribati,KIR,1982,8
Kiribati,KIR,1983,7.7
Kiribati,KIR,1984,7.5
Kiribati,KIR,1985,7.3
Kiribati,KIR,1986,7.2
Kiribati,KIR,1987,7.2
Kiribati,KIR,1988,7.2
Kiribati,KIR,1989,7.2
Kiribati,KIR,1990,7.3
Kiribati,KIR,1991,7.4
Kiribati,KIR,1992,7.6
Kiribati,KIR,1993,7.7
Kiribati,KIR,1994,7.8
Kiribati,KIR,1995,8
Kiribati,KIR,1996,8.2
Kiribati,KIR,1997,8.5
Kiribati,KIR,1998,8.9
Kiribati,KIR,1999,9.2
Kiribati,KIR,2000,9.5
Kiribati,KIR,2001,9.7
Kiribati,KIR,2002,10
Kiribati,KIR,2003,10.2
Kiribati,KIR,2004,10.5
Kiribati,KIR,2005,11
Kiribati,KIR,2006,11.5
Kiribati,KIR,2007,12.1
Kiribati,KIR,2008,12.6
Kiribati,KIR,2009,12.9
Kiribati,KIR,2010,13
Kiribati,KIR,2011,13
Kiribati,KIR,2012,12.9
Kuwait,KWT,1980,33.9
Kuwait,KWT,1981,32.5
Kuwait,KWT,1982,31.1
Kuwait,KWT,1983,30
Kuwait,KWT,1984,29.3
Kuwait,KWT,1985,28.9
Kuwait,KWT,1986,28.9
Kuwait,KWT,1987,29.3
Kuwait,KWT,1988,29.5
Kuwait,KWT,1989,29.6
Kuwait,KWT,1990,28.8
Kuwait,KWT,1991,27.4
Kuwait,KWT,1992,25.9
Kuwait,KWT,1993,24.5
Kuwait,KWT,1994,23.1
Kuwait,KWT,1995,22.1
Kuwait,KWT,1996,21.6
Kuwait,KWT,1997,21.3
Kuwait,KWT,1998,21.4
Kuwait,KWT,1999,21.3
Kuwait,KWT,2000,21.2
Kuwait,KWT,2001,21
Kuwait,KWT,2002,20.8
Kuwait,KWT,2003,20.6
Kuwait,KWT,2004,20.6
Kuwait,KWT,2005,20.8
Kuwait,KWT,2006,20.9
Kuwait,KWT,2007,21.1
Kuwait,KWT,2008,21.4
Kuwait,KWT,2009,21.5
Kuwait,KWT,2010,21.5
Kuwait,KWT,2011,21.6
Kuwait,KWT,2012,21.8
Kyrgyzstan,KGZ,1980,25.6
Kyrgyzstan,KGZ,1981,24.5
Kyrgyzstan,KGZ,1982,23.5
Kyrgyzstan,KGZ,1983,22.7
Kyrgyzstan,KGZ,1984,22
Kyrgyzstan,KGZ,1985,21.4
Kyrgyzstan,KGZ,1986,21
Kyrgyzstan,KGZ,1987,20.8
Kyrgyzstan,KGZ,1988,20.7
Kyrgyzstan,KGZ,1989,20.8
Kyrgyzstan,KGZ,1990,20.9
Kyrgyzstan,KGZ,1991,20.8
Kyrgyzstan,KGZ,1992,20.3
Kyrgyzstan,KGZ,1993,19.6
Kyrgyzstan,KGZ,1994,18.7
Kyrgyzstan,KGZ,1995,17.7
Kyrgyzstan,KGZ,1996,17
Kyrgyzstan,KGZ,1997,16.6
Kyrgyzstan,KGZ,1998,16.3
Kyrgyzstan,KGZ,1999,16.2
Kyrgyzstan,KGZ,2000,16.4
Kyrgyzstan,KGZ,2001,16.7
Kyrgyzstan,KGZ,2002,17.1
Kyrgyzstan,KGZ,2003,17.4
Kyrgyzstan,KGZ,2004,17.9
Kyrgyzstan,KGZ,2005,18
Kyrgyzstan,KGZ,2006,18.3
Kyrgyzstan,KGZ,2007,18.5
Kyrgyzstan,KGZ,2008,18.9
Kyrgyzstan,KGZ,2009,18.9
Kyrgyzstan,KGZ,2010,18.6
Kyrgyzstan,KGZ,2011,18.2
Kyrgyzstan,KGZ,2012,17.6
Laos,LAO,1980,17
Laos,LAO,1981,17
Laos,LAO,1982,16.9
Laos,LAO,1983,16.9
Laos,LAO,1984,16.9
Laos,LAO,1985,16.8
Laos,LAO,1986,16.7
Laos,LAO,1987,16.7
Laos,LAO,1988,16.7
Laos,LAO,1989,16.6
Laos,LAO,1990,16.6
Laos,LAO,1991,16.5
Laos,LAO,1992,16.5
Laos,LAO,1993,16.4
Laos,LAO,1994,16.3
Laos,LAO,1995,16.1
Laos,LAO,1996,16
Laos,LAO,1997,15.9
Laos,LAO,1998,15.8
Laos,LAO,1999,15.8
Laos,LAO,2000,15.8
Laos,LAO,2001,15.7
Laos,LAO,2002,15.7
Laos,LAO,2003,15.6
Laos,LAO,2004,15.6
Laos,LAO,2005,15.5
Laos,LAO,2006,15.3
Laos,LAO,2007,14.9
Laos,LAO,2008,14.5
Laos,LAO,2009,14
Laos,LAO,2010,13.5
Laos,LAO,2011,13
Laos,LAO,2012,12.4
Latvia,LVA,1980,17.9
Latvia,LVA,1981,18
Latvia,LVA,1982,18.1
Latvia,LVA,1983,18.2
Latvia,LVA,1984,18.3
Latvia,LVA,1985,18.4
Latvia,LVA,1986,18.5
Latvia,LVA,1987,18.6
Latvia,LVA,1988,18.7
Latvia,LVA,1989,18.8
Latvia,LVA,1990,19.1
Latvia,LVA,1991,19.4
Latvia,LVA,1992,20.1
Latvia,LVA,1993,20.8
Latvia,LVA,1994,21.5
Latvia,LVA,1995,22.2
Latvia,LVA,1996,22.7
Latvia,LVA,1997,23.1
Latvia,LVA,1998,23.3
Latvia,LVA,1999,23.2
Latvia,LVA,2000,23
Latvia,LVA,2001,22.5
Latvia,LVA,2002,22
Latvia,LVA,2003,21.4
Latvia,LVA,2004,20.8
Latvia,LVA,2005,20.1
Latvia,LVA,2006,19.4
Latvia,LVA,2007,18.6
Latvia,LVA,2008,17.8
Latvia,LVA,2009,17.3
Latvia,LVA,2010,16.9
Latvia,LVA,2011,16.5
Latvia,LVA,2012,16.1
Lebanon,LBN,1980,25
Lebanon,LBN,1981,25.1
Lebanon,LBN,1982,25.4
Lebanon,LBN,1983,25.5
Lebanon,LBN,1984,25.2
Lebanon,LBN,1985,24.7
Lebanon,LBN,1986,24.4
Lebanon,LBN,1987,23.9
Lebanon,LBN,1988,23.8
Lebanon,LBN,1989,23.9
Lebanon,LBN,1990,23.9
Lebanon,LBN,1991,23.6
Lebanon,LBN,1992,23.3
Lebanon,LBN,1993,23
Lebanon,LBN,1994,22.6
Lebanon,LBN,1995,22.2
Lebanon,LBN,1996,21.7
Lebanon,LBN,1997,21.4
Lebanon,LBN,1998,21.4
Lebanon,LBN,1999,21.6
Lebanon,LBN,2000,22
Lebanon,LBN,2001,22.6
Lebanon,LBN,2002,23.4
Lebanon,LBN,2003,24.1
Lebanon,LBN,2004,24.8
Lebanon,LBN,2005,25.5
Lebanon,LBN,2006,26.1
Lebanon,LBN,2007,26.7
Lebanon,LBN,2008,27.2
Lebanon,LBN,2009,27.6
Lebanon,LBN,2010,27.8
Lebanon,LBN,2011,27.7
Lebanon,LBN,2012,27.6
Lesotho,LSO,1980,27.3
Lesotho,LSO,1981,26.9
Lesotho,LSO,1982,26.6
Lesotho,LSO,1983,26.3
Lesotho,LSO,1984,26
Lesotho,LSO,1985,25.7
Lesotho,LSO,1986,25.4
Lesotho,LSO,1987,25.1
Lesotho,LSO,1988,24.8
Lesotho,LSO,1989,24.4
Lesotho,LSO,1990,23.9
Lesotho,LSO,1991,23.5
Lesotho,LSO,1992,23.1
Lesotho,LSO,1993,22.7
Lesotho,LSO,1994,22.3
Lesotho,LSO,1995,22
Lesotho,LSO,1996,21.8
Lesotho,LSO,1997,21.8
Lesotho,LSO,1998,21.9
Lesotho,LSO,1999,22.1
Lesotho,LSO,2000,22.2
Lesotho,LSO,2001,22.3
Lesotho,LSO,2002,22.7
Lesotho,LSO,2003,23.1
Lesotho,LSO,2004,23.5
Lesotho,LSO,2005,23.9
Lesotho,LSO,2006,24.4
Lesotho,LSO,2007,24.8
Lesotho,LSO,2008,25.2
Lesotho,LSO,2009,25.4
Lesotho,LSO,2010,25.4
Lesotho,LSO,2011,25.1
Lesotho,LSO,2012,24.7
Liberia,LBR,1980,11.3
Liberia,LBR,1981,11.3
Liberia,LBR,1982,11.3
Liberia,LBR,1983,11.2
Liberia,LBR,1984,11.2
Liberia,LBR,1985,11.1
Liberia,LBR,1986,11.1
Liberia,LBR,1987,11.1
Liberia,LBR,1988,11.1
Liberia,LBR,1989,11
Liberia,LBR,1990,10.9
Liberia,LBR,1991,10.8
Liberia,LBR,1992,10.6
Liberia,LBR,1993,10.4
Liberia,LBR,1994,10.1
Liberia,LBR,1995,9.9
Liberia,LBR,1996,9.6
Liberia,LBR,1997,9.6
Liberia,LBR,1998,9.8
Liberia,LBR,1999,9.9
Liberia,LBR,2000,10.1
Liberia,LBR,2001,10.3
Liberia,LBR,2002,10.5
Liberia,LBR,2003,10.6
Liberia,LBR,2004,10.7
Liberia,LBR,2005,10.7
Liberia,LBR,2006,10.8
Liberia,LBR,2007,11
Liberia,LBR,2008,11.4
Liberia,LBR,2009,11.7
Liberia,LBR,2010,12.1
Liberia,LBR,2011,12.5
Liberia,LBR,2012,12.6
Libya,LBY,1980,52.3
Libya,LBY,1981,51
Libya,LBY,1982,49.5
Libya,LBY,1983,47.8
Libya,LBY,1984,45.9
Libya,LBY,1985,44
Libya,LBY,1986,41.9
Libya,LBY,1987,39.2
Libya,LBY,1988,36.7
Libya,LBY,1989,34.7
Libya,LBY,1990,33.6
Libya,LBY,1991,33.4
Libya,LBY,1992,33.1
Libya,LBY,1993,32.9
Libya,LBY,1994,32.6
Libya,LBY,1995,32.3
Libya,LBY,1996,32
Libya,LBY,1997,30.8
Libya,LBY,1998,29.6
Libya,LBY,1999,28.6
Libya,LBY,2000,27.9
Libya,LBY,2001,27.1
Libya,LBY,2002,26.4
Libya,LBY,2003,26.2
Libya,LBY,2004,26.1
Libya,LBY,2005,26
Libya,LBY,2006,25.9
Libya,LBY,2007,24.7
Libya,LBY,2008,23.6
Libya,LBY,2009,22.6
Libya,LBY,2010,22.6
Libya,LBY,2011,20.8
Libya,LBY,2012,20.9
Lithuania,LTU,1980,13.8
Lithuania,LTU,1981,13.8
Lithuania,LTU,1982,13.9
Lithuania,LTU,1983,14
Lithuania,LTU,1984,14.1
Lithuania,LTU,1985,14.3
Lithuania,LTU,1986,14.4
Lithuania,LTU,1987,14.6
Lithuania,LTU,1988,14.7
Lithuania,LTU,1989,14.9
Lithuania,LTU,1990,15.2
Lithuania,LTU,1991,15.5
Lithuania,LTU,1992,16.1
Lithuania,LTU,1993,16.9
Lithuania,LTU,1994,17.8
Lithuania,LTU,1995,18.4
Lithuania,LTU,1996,18.9
Lithuania,LTU,1997,19.1
Lithuania,LTU,1998,19.1
Lithuania,LTU,1999,19.1
Lithuania,LTU,2000,19.1
Lithuania,LTU,2001,18.9
Lithuania,LTU,2002,18.6
Lithuania,LTU,2003,18
Lithuania,LTU,2004,17.3
Lithuania,LTU,2005,16.4
Lithuania,LTU,2006,15.7
Lithuania,LTU,2007,14.9
Lithuania,LTU,2008,14.2
Lithuania,LTU,2009,13.8
Lithuania,LTU,2010,13.7
Lithuania,LTU,2011,13.5
Lithuania,LTU,2012,13.4
Luxembourg,LUX,1980,26.6
Luxembourg,LUX,1981,26.5
Luxembourg,LUX,1982,26.3
Luxembourg,LUX,1983,26.1
Luxembourg,LUX,1984,25.7
Luxembourg,LUX,1985,25.3
Luxembourg,LUX,1986,24.6
Luxembourg,LUX,1987,24
Luxembourg,LUX,1988,23.2
Luxembourg,LUX,1989,22.4
Luxembourg,LUX,1990,21.7
Luxembourg,LUX,1991,20.9
Luxembourg,LUX,1992,20.4
Luxembourg,LUX,1993,19.9
Luxembourg,LUX,1994,19.3
Luxembourg,LUX,1995,18.8
Luxembourg,LUX,1996,18.3
Luxembourg,LUX,1997,17.9
Luxembourg,LUX,1998,17.4
Luxembourg,LUX,1999,17
Luxembourg,LUX,2000,16.6
Luxembourg,LUX,2001,16.2
Luxembourg,LUX,2002,15.9
Luxembourg,LUX,2003,15.7
Luxembourg,LUX,2004,15.7
Luxembourg,LUX,2005,15.6
Luxembourg,LUX,2006,15.5
Luxembourg,LUX,2007,15.4
Luxembourg,LUX,2008,15.4
Luxembourg,LUX,2009,15.6
Luxembourg,LUX,2010,15.5
Luxembourg,LUX,2011,15.5
Luxembourg,LUX,2012,15.5
Madagascar,MDG,1980,7.2
Madagascar,MDG,1981,6.9
Madagascar,MDG,1982,6.6
Madagascar,MDG,1983,6.3
Madagascar,MDG,1984,6
Madagascar,MDG,1985,5.7
Madagascar,MDG,1986,5.4
Madagascar,MDG,1987,5.2
Madagascar,MDG,1988,5
Madagascar,MDG,1989,4.9
Madagascar,MDG,1990,4.7
Madagascar,MDG,1991,4.5
Madagascar,MDG,1992,4.3
Madagascar,MDG,1993,4
Madagascar,MDG,1994,3.8
Madagascar,MDG,1995,3.6
Madagascar,MDG,1996,3.4
Madagascar,MDG,1997,3.4
Madagascar,MDG,1998,3.4
Madagascar,MDG,1999,3.4
Madagascar,MDG,2000,3.5
Madagascar,MDG,2001,3.6
Madagascar,MDG,2002,3.5
Madagascar,MDG,2003,3.5
Madagascar,MDG,2004,3.6
Madagascar,MDG,2005,3.9
Madagascar,MDG,2006,4.2
Madagascar,MDG,2007,4.6
Madagascar,MDG,2008,5.1
Madagascar,MDG,2009,5.4
Madagascar,MDG,2010,5.5
Madagascar,MDG,2011,5.6
Madagascar,MDG,2012,5.7
Malawi,MWI,1980,17.4
Malawi,MWI,1981,17.3
Malawi,MWI,1982,17.1
Malawi,MWI,1983,16.9
Malawi,MWI,1984,16.6
Malawi,MWI,1985,16.2
Malawi,MWI,1986,15.8
Malawi,MWI,1987,15.4
Malawi,MWI,1988,14.9
Malawi,MWI,1989,14.4
Malawi,MWI,1990,13.8
Malawi,MWI,1991,13.3
Malawi,MWI,1992,12.8
Malawi,MWI,1993,12.2
Malawi,MWI,1994,11.7
Malawi,MWI,1995,11.2
Malawi,MWI,1996,10.8
Malawi,MWI,1997,10.7
Malawi,MWI,1998,10.5
Malawi,MWI,1999,10.4
Malawi,MWI,2000,10.3
Malawi,MWI,2001,10.4
Malawi,MWI,2002,10.4
Malawi,MWI,2003,10.5
Malawi,MWI,2004,10.5
Malawi,MWI,2005,10.6
Malawi,MWI,2006,10.6
Malawi,MWI,2007,10.7
Malawi,MWI,2008,10.8
Malawi,MWI,2009,10.9
Malawi,MWI,2010,10.9
Malawi,MWI,2011,10.9
Malawi,MWI,2012,10.8
Malaysia,MYS,1980,24.3
Malaysia,MYS,1981,23.6
Malaysia,MYS,1982,23
Malaysia,MYS,1983,22.5
Malaysia,MYS,1984,21.9
Malaysia,MYS,1985,21.4
Malaysia,MYS,1986,21.1
Malaysia,MYS,1987,20.7
Malaysia,MYS,1988,20.3
Malaysia,MYS,1989,19.9
Malaysia,MYS,1990,19.5
Malaysia,MYS,1991,19.1
Malaysia,MYS,1992,18.6
Malaysia,MYS,1993,18.1
Malaysia,MYS,1994,17.6
Malaysia,MYS,1995,17.1
Malaysia,MYS,1996,16.6
Malaysia,MYS,1997,16.2
Malaysia,MYS,1998,16.1
Malaysia,MYS,1999,16
Malaysia,MYS,2000,15.8
Malaysia,MYS,2001,15.8
Malaysia,MYS,2002,15.9
Malaysia,MYS,2003,15.9
Malaysia,MYS,2004,16.1
Malaysia,MYS,2005,16.3
Malaysia,MYS,2006,16.3
Malaysia,MYS,2007,16.2
Malaysia,MYS,2008,16.1
Malaysia,MYS,2009,16
Malaysia,MYS,2010,15.7
Malaysia,MYS,2011,15.4
Malaysia,MYS,2012,15.2
Maldives,MDV,1980,27.4
Maldives,MDV,1981,27.4
Maldives,MDV,1982,27.4
Maldives,MDV,1983,27.3
Maldives,MDV,1984,27.2
Maldives,MDV,1985,27.2
Maldives,MDV,1986,27.1
Maldives,MDV,1987,27.1
Maldives,MDV,1988,27.1
Maldives,MDV,1989,27.2
Maldives,MDV,1990,27.3
Maldives,MDV,1991,27.5
Maldives,MDV,1992,27.8
Maldives,MDV,1993,28.1
Maldives,MDV,1994,28.4
Maldives,MDV,1995,28.6
Maldives,MDV,1996,28.7
Maldives,MDV,1997,28.7
Maldives,MDV,1998,28.7
Maldives,MDV,1999,28.6
Maldives,MDV,2000,28.4
Maldives,MDV,2001,28.2
Maldives,MDV,2002,28
Maldives,MDV,2003,27.6
Maldives,MDV,2004,27.2
Maldives,MDV,2005,26.7
Maldives,MDV,2006,26.1
Maldives,MDV,2007,25.4
Maldives,MDV,2008,24.7
Maldives,MDV,2009,24.1
Maldives,MDV,2010,23.6
Maldives,MDV,2011,23.2
Maldives,MDV,2012,22.8
Mali,MLI,1980,5.8
Mali,MLI,1981,5.8
Mali,MLI,1982,5.9
Mali,MLI,1983,5.9
Mali,MLI,1984,6
Mali,MLI,1985,6.1
Mali,MLI,1986,6.2
Mali,MLI,1987,6.3
Mali,MLI,1988,6.4
Mali,MLI,1989,6.5
Mali,MLI,1990,6.6
Mali,MLI,1991,6.7
Mali,MLI,1992,6.8
Mali,MLI,1993,6.8
Mali,MLI,1994,6.9
Mali,MLI,1995,7
Mali,MLI,1996,7.1
Mali,MLI,1997,7.2
Mali,MLI,1998,7.3
Mali,MLI,1999,7.4
Mali,MLI,2000,7.5
Mali,MLI,2001,7.6
Mali,MLI,2002,7.7
Mali,MLI,2003,7.8
Mali,MLI,2004,7.9
Mali,MLI,2005,8
Mali,MLI,2006,8.1
Mali,MLI,2007,8.3
Mali,MLI,2008,8.4
Mali,MLI,2009,8.5
Mali,MLI,2010,8.6
Mali,MLI,2011,8.7
Mali,MLI,2012,8.7
Malta,MLT,1980,36.3
Malta,MLT,1981,36.2
Malta,MLT,1982,36.2
Malta,MLT,1983,36.3
Malta,MLT,1984,36.4
Malta,MLT,1985,36.6
Malta,MLT,1986,36.9
Malta,MLT,1987,37.1
Malta,MLT,1988,37.3
Malta,MLT,1989,37.5
Malta,MLT,1990,37.6
Malta,MLT,1991,37.7
Malta,MLT,1992,37.8
Malta,MLT,1993,37.8
Malta,MLT,1994,37.8
Malta,MLT,1995,37.8
Malta,MLT,1996,37.7
Malta,MLT,1997,37.9
Malta,MLT,1998,38
Malta,MLT,1999,38.1
Malta,MLT,2000,38.2
Malta,MLT,2001,38.4
Malta,MLT,2002,38.6
Malta,MLT,2003,39.2
Malta,MLT,2004,39.8
Malta,MLT,2005,40.4
Malta,MLT,2006,40.9
Malta,MLT,2007,41.3
Malta,MLT,2008,41.4
Malta,MLT,2009,41.1
Malta,MLT,2010,40.9
Malta,MLT,2011,40.6
Malta,MLT,2012,40.3
Marshall Islands,MHL,1980,22.1
Marshall Islands,MHL,1981,22.1
Marshall Islands,MHL,1982,22.1
Marshall Islands,MHL,1983,22
Marshall Islands,MHL,1984,21.9
Marshall Islands,MHL,1985,21.9
Marshall Islands,MHL,1986,21.6
Marshall Islands,MHL,1987,21.3
Marshall Islands,MHL,1988,21
Marshall Islands,MHL,1989,20.7
Marshall Islands,MHL,1990,20.5
Marshall Islands,MHL,1991,20.3
Marshall Islands,MHL,1992,20.1
Marshall Islands,MHL,1993,19.9
Marshall Islands,MHL,1994,19.6
Marshall Islands,MHL,1995,19.3
Marshall Islands,MHL,1996,19.1
Marshall Islands,MHL,1997,19.2
Marshall Islands,MHL,1998,19.2
Marshall Islands,MHL,1999,19.3
Marshall Islands,MHL,2000,19.4
Marshall Islands,MHL,2001,19.4
Marshall Islands,MHL,2002,19.5
Marshall Islands,MHL,2003,19.6
Marshall Islands,MHL,2004,19.7
Marshall Islands,MHL,2005,19.8
Marshall Islands,MHL,2006,19.8
Marshall Islands,MHL,2007,19.9
Marshall Islands,MHL,2008,20
Marshall Islands,MHL,2009,20.1
Marshall Islands,MHL,2010,20.2
Marshall Islands,MHL,2011,20.2
Marshall Islands,MHL,2012,20.1
Mauritania,MRT,1980,14
Mauritania,MRT,1981,14
Mauritania,MRT,1982,14.1
Mauritania,MRT,1983,14.2
Mauritania,MRT,1984,14.6
Mauritania,MRT,1985,15
Mauritania,MRT,1986,15.4
Mauritania,MRT,1987,15.9
Mauritania,MRT,1988,16.5
Mauritania,MRT,1989,17.1
Mauritania,MRT,1990,17.9
Mauritania,MRT,1991,18.8
Mauritania,MRT,1992,19.7
Mauritania,MRT,1993,20.7
Mauritania,MRT,1994,21.9
Mauritania,MRT,1995,23.1
Mauritania,MRT,1996,24.2
Mauritania,MRT,1997,25.6
Mauritania,MRT,1998,27
Mauritania,MRT,1999,28.4
Mauritania,MRT,2000,29.7
Mauritania,MRT,2001,31.2
Mauritania,MRT,2002,32.7
Mauritania,MRT,2003,34.1
Mauritania,MRT,2004,35.7
Mauritania,MRT,2005,37.2
Mauritania,MRT,2006,38.1
Mauritania,MRT,2007,38.9
Mauritania,MRT,2008,39.6
Mauritania,MRT,2009,40.4
Mauritania,MRT,2010,41
Mauritania,MRT,2011,41.5
Mauritania,MRT,2012,41.8
Mauritius,MUS,1980,23.6
Mauritius,MUS,1981,23.3
Mauritius,MUS,1982,23
Mauritius,MUS,1983,22.8
Mauritius,MUS,1984,22.5
Mauritius,MUS,1985,22.2
Mauritius,MUS,1986,21.9
Mauritius,MUS,1987,21.5
Mauritius,MUS,1988,21.1
Mauritius,MUS,1989,20.7
Mauritius,MUS,1990,20.3
Mauritius,MUS,1991,19.9
Mauritius,MUS,1992,19.6
Mauritius,MUS,1993,19.4
Mauritius,MUS,1994,19.4
Mauritius,MUS,1995,19.4
Mauritius,MUS,1996,19.5
Mauritius,MUS,1997,19.8
Mauritius,MUS,1998,20.1
Mauritius,MUS,1999,20.8
Mauritius,MUS,2000,21.5
Mauritius,MUS,2001,22.3
Mauritius,MUS,2002,23
Mauritius,MUS,2003,23.6
Mauritius,MUS,2004,23.9
Mauritius,MUS,2005,24.1
Mauritius,MUS,2006,24.2
Mauritius,MUS,2007,24.3
Mauritius,MUS,2008,24.5
Mauritius,MUS,2009,24.6
Mauritius,MUS,2010,24.7
Mauritius,MUS,2011,24.8
Mauritius,MUS,2012,25
Mexico,MEX,1980,15.6
Mexico,MEX,1981,14
Mexico,MEX,1982,12.8
Mexico,MEX,1983,12.2
Mexico,MEX,1984,11.6
Mexico,MEX,1985,11.1
Mexico,MEX,1986,10.9
Mexico,MEX,1987,10.7
Mexico,MEX,1988,10.6
Mexico,MEX,1989,10.6
Mexico,MEX,1990,10.5
Mexico,MEX,1991,10.4
Mexico,MEX,1992,10.2
Mexico,MEX,1993,10.1
Mexico,MEX,1994,10.3
Mexico,MEX,1995,11
Mexico,MEX,1996,11.7
Mexico,MEX,1997,12.5
Mexico,MEX,1998,13.1
Mexico,MEX,1999,13.7
Mexico,MEX,2000,13.9
Mexico,MEX,2001,14.2
Mexico,MEX,2002,14.4
Mexico,MEX,2003,14.7
Mexico,MEX,2004,14.6
Mexico,MEX,2005,14.4
Mexico,MEX,2006,14.3
Mexico,MEX,2007,14.1
Mexico,MEX,2008,13.9
Mexico,MEX,2009,14
Mexico,MEX,2010,13.4
Mexico,MEX,2011,12.6
Mexico,MEX,2012,11.8
Micronesia,,1980,21.5
Micronesia,,1981,21.6
Micronesia,,1982,21.7
Micronesia,,1983,21.8
Micronesia,,1984,22
Micronesia,,1985,22
Micronesia,,1986,21.9
Micronesia,,1987,21.8
Micronesia,,1988,21.7
Micronesia,,1989,21.6
Micronesia,,1990,21.6
Micronesia,,1991,21.7
Micronesia,,1992,21.8
Micronesia,,1993,21.9
Micronesia,,1994,22
Micronesia,,1995,21.9
Micronesia,,1996,21.9
Micronesia,,1997,21.8
Micronesia,,1998,21.7
Micronesia,,1999,21.7
Micronesia,,2000,21.6
Micronesia,,2001,21.6
Micronesia,,2002,21.6
Micronesia,,2003,21.6
Micronesia,,2004,21.6
Micronesia,,2005,21.6
Micronesia,,2006,21.6
Micronesia,,2007,21.5
Micronesia,,2008,21.5
Micronesia,,2009,21.5
Micronesia,,2010,21.4
Micronesia,,2011,21.3
Micronesia,,2012,21.1
Moldova,MDA,1980,29.9
Moldova,MDA,1981,29.4
Moldova,MDA,1982,29.1
Moldova,MDA,1983,28.9
Moldova,MDA,1984,28.8
Moldova,MDA,1985,28.7
Moldova,MDA,1986,28.7
Moldova,MDA,1987,28.7
Moldova,MDA,1988,28.8
Moldova,MDA,1989,29
Moldova,MDA,1990,29.1
Moldova,MDA,1991,28.8
Moldova,MDA,1992,27.8
Moldova,MDA,1993,26.9
Moldova,MDA,1994,25.5
Moldova,MDA,1995,24.2
Moldova,MDA,1996,22.9
Moldova,MDA,1997,22.3
Moldova,MDA,1998,21.7
Moldova,MDA,1999,21.1
Moldova,MDA,2000,20.8
Moldova,MDA,2001,20.9
Moldova,MDA,2002,21.4
Moldova,MDA,2003,22.3
Moldova,MDA,2004,23.5
Moldova,MDA,2005,24.9
Moldova,MDA,2006,26.9
Moldova,MDA,2007,29
Moldova,MDA,2008,31.2
Moldova,MDA,2009,32.9
Moldova,MDA,2010,34.6
Moldova,MDA,2011,35.6
Moldova,MDA,2012,36.3
Mongolia,MNG,1980,12.4
Mongolia,MNG,1981,12.6
Mongolia,MNG,1982,12.8
Mongolia,MNG,1983,13
Mongolia,MNG,1984,13.2
Mongolia,MNG,1985,13.3
Mongolia,MNG,1986,13.4
Mongolia,MNG,1987,13.4
Mongolia,MNG,1988,13.4
Mongolia,MNG,1989,13.5
Mongolia,MNG,1990,13.4
Mongolia,MNG,1991,13.2
Mongolia,MNG,1992,12.9
Mongolia,MNG,1993,12.6
Mongolia,MNG,1994,12.3
Mongolia,MNG,1995,12.1
Mongolia,MNG,1996,12
Mongolia,MNG,1997,11.9
Mongolia,MNG,1998,11.8
Mongolia,MNG,1999,11.8
Mongolia,MNG,2000,11.8
Mongolia,MNG,2001,11.8
Mongolia,MNG,2002,11.9
Mongolia,MNG,2003,11.9
Mongolia,MNG,2004,12
Mongolia,MNG,2005,12.2
Mongolia,MNG,2006,12.4
Mongolia,MNG,2007,12.7
Mongolia,MNG,2008,13
Mongolia,MNG,2009,13.1
Mongolia,MNG,2010,13.3
Mongolia,MNG,2011,13.6
Mongolia,MNG,2012,13.9
Montenegro,MNE,1980,21.6
Montenegro,MNE,1981,21.6
Montenegro,MNE,1982,21.5
Montenegro,MNE,1983,21.4
Montenegro,MNE,1984,21.3
Montenegro,MNE,1985,21.3
Montenegro,MNE,1986,21.4
Montenegro,MNE,1987,21.5
Montenegro,MNE,1988,21.6
Montenegro,MNE,1989,21.8
Montenegro,MNE,1990,21.9
Montenegro,MNE,1991,22.2
Montenegro,MNE,1992,22.6
Montenegro,MNE,1993,23.2
Montenegro,MNE,1994,23.9
Montenegro,MNE,1995,24.5
Montenegro,MNE,1996,24.9
Montenegro,MNE,1997,25.2
Montenegro,MNE,1998,25.3
Montenegro,MNE,1999,25.4
Montenegro,MNE,2000,25.4
Montenegro,MNE,2001,25.3
Montenegro,MNE,2002,25.2
Montenegro,MNE,2003,25
Montenegro,MNE,2004,24.8
Montenegro,MNE,2005,24.7
Montenegro,MNE,2006,24.5
Montenegro,MNE,2007,24.3
Montenegro,MNE,2008,24.1
Montenegro,MNE,2009,24
Montenegro,MNE,2010,23.9
Montenegro,MNE,2011,23.7
Montenegro,MNE,2012,23.6
Morocco,MAR,1980,22.9
Morocco,MAR,1981,22.5
Morocco,MAR,1982,22
Morocco,MAR,1983,21.7
Morocco,MAR,1984,21.3
Morocco,MAR,1985,20.9
Morocco,MAR,1986,20.4
Morocco,MAR,1987,20.2
Morocco,MAR,1988,19.7
Morocco,MAR,1989,19.2
Morocco,MAR,1990,18.8
Morocco,MAR,1991,18.3
Morocco,MAR,1992,18
Morocco,MAR,1993,17.9
Morocco,MAR,1994,17.6
Morocco,MAR,1995,17.6
Morocco,MAR,1996,17.4
Morocco,MAR,1997,17.3
Morocco,MAR,1998,17.1
Morocco,MAR,1999,17
Morocco,MAR,2000,16.9
Morocco,MAR,2001,16.8
Morocco,MAR,2002,16.6
Morocco,MAR,2003,16.4
Morocco,MAR,2004,16.2
Morocco,MAR,2005,15.9
Morocco,MAR,2006,15.6
Morocco,MAR,2007,15.4
Morocco,MAR,2008,15.1
Morocco,MAR,2009,14.8
Morocco,MAR,2010,14.6
Morocco,MAR,2011,14.3
Morocco,MAR,2012,14
Mozambique,MOZ,1980,4.3
Mozambique,MOZ,1981,4.3
Mozambique,MOZ,1982,4.2
Mozambique,MOZ,1983,4
Mozambique,MOZ,1984,3.8
Mozambique,MOZ,1985,3.6
Mozambique,MOZ,1986,3.4
Mozambique,MOZ,1987,3.4
Mozambique,MOZ,1988,3.4
Mozambique,MOZ,1989,3.5
Mozambique,MOZ,1990,3.6
Mozambique,MOZ,1991,3.6
Mozambique,MOZ,1992,3.6
Mozambique,MOZ,1993,3.5
Mozambique,MOZ,1994,3.5
Mozambique,MOZ,1995,3.5
Mozambique,MOZ,1996,3.5
Mozambique,MOZ,1997,3.5
Mozambique,MOZ,1998,3.6
Mozambique,MOZ,1999,3.7
Mozambique,MOZ,2000,3.8
Mozambique,MOZ,2001,3.9
Mozambique,MOZ,2002,4
Mozambique,MOZ,2003,4.1
Mozambique,MOZ,2004,4.2
Mozambique,MOZ,2005,4.3
Mozambique,MOZ,2006,4.4
Mozambique,MOZ,2007,4.5
Mozambique,MOZ,2008,4.7
Mozambique,MOZ,2009,4.9
Mozambique,MOZ,2010,5
Mozambique,MOZ,2011,5.2
Mozambique,MOZ,2012,5.4
Myanmar,MMR,1980,27.6
Myanmar,MMR,1981,27.6
Myanmar,MMR,1982,27.5
Myanmar,MMR,1983,27.3
Myanmar,MMR,1984,27.2
Myanmar,MMR,1985,27
Myanmar,MMR,1986,26.9
Myanmar,MMR,1987,26.9
Myanmar,MMR,1988,27.2
Myanmar,MMR,1989,27.4
Myanmar,MMR,1990,27.5
Myanmar,MMR,1991,27.6
Myanmar,MMR,1992,27.6
Myanmar,MMR,1993,27.4
Myanmar,MMR,1994,27
Myanmar,MMR,1995,26.5
Myanmar,MMR,1996,25.9
Myanmar,MMR,1997,25.1
Myanmar,MMR,1998,24.3
Myanmar,MMR,1999,23.4
Myanmar,MMR,2000,22.4
Myanmar,MMR,2001,21.2
Myanmar,MMR,2002,19.9
Myanmar,MMR,2003,18.6
Myanmar,MMR,2004,17.4
Myanmar,MMR,2005,16.2
Myanmar,MMR,2006,15.1
Myanmar,MMR,2007,14
Myanmar,MMR,2008,13
Myanmar,MMR,2009,12.2
Myanmar,MMR,2010,11.4
Myanmar,MMR,2011,10.7
Myanmar,MMR,2012,10
Namibia,NAM,1980,6.4
Namibia,NAM,1981,6.5
Namibia,NAM,1982,6.5
Namibia,NAM,1983,6.7
Namibia,NAM,1984,6.8
Namibia,NAM,1985,6.9
Namibia,NAM,1986,7
Namibia,NAM,1987,7
Namibia,NAM,1988,7
Namibia,NAM,1989,7
Namibia,NAM,1990,7
Namibia,NAM,1991,7
Namibia,NAM,1992,6.9
Namibia,NAM,1993,6.8
Namibia,NAM,1994,6.8
Namibia,NAM,1995,6.7
Namibia,NAM,1996,6.6
Namibia,NAM,1997,6.6
Namibia,NAM,1998,6.6
Namibia,NAM,1999,6.6
Namibia,NAM,2000,6.6
Namibia,NAM,2001,6.8
Namibia,NAM,2002,7
Namibia,NAM,2003,7.1
Namibia,NAM,2004,7.1
Namibia,NAM,2005,7
Namibia,NAM,2006,6.9
Namibia,NAM,2007,6.7
Namibia,NAM,2008,6.5
Namibia,NAM,2009,6.3
Namibia,NAM,2010,6.1
Namibia,NAM,2011,5.9
Namibia,NAM,2012,5.6
Nepal,NPL,1980,6.4
Nepal,NPL,1981,6.5
Nepal,NPL,1982,6.6
Nepal,NPL,1983,6.7
Nepal,NPL,1984,6.8
Nepal,NPL,1985,6.9
Nepal,NPL,1986,6.9
Nepal,NPL,1987,6.9
Nepal,NPL,1988,6.9
Nepal,NPL,1989,6.8
Nepal,NPL,1990,6.7
Nepal,NPL,1991,6.6
Nepal,NPL,1992,6.4
Nepal,NPL,1993,6.3
Nepal,NPL,1994,6.1
Nepal,NPL,1995,5.9
Nepal,NPL,1996,5.8
Nepal,NPL,1997,5.7
Nepal,NPL,1998,5.6
Nepal,NPL,1999,5.6
Nepal,NPL,2000,5.5
Nepal,NPL,2001,5.4
Nepal,NPL,2002,5.5
Nepal,NPL,2003,5.6
Nepal,NPL,2004,5.7
Nepal,NPL,2005,5.8
Nepal,NPL,2006,5.9
Nepal,NPL,2007,6
Nepal,NPL,2008,6
Nepal,NPL,2009,5.9
Nepal,NPL,2010,5.8
Nepal,NPL,2011,5.7
Nepal,NPL,2012,5.5
Netherlands,NLD,1980,11.2
Netherlands,NLD,1981,11
Netherlands,NLD,1982,10.9
Netherlands,NLD,1983,10.9
Netherlands,NLD,1984,10.9
Netherlands,NLD,1985,10.9
Netherlands,NLD,1986,10.9
Netherlands,NLD,1987,11
Netherlands,NLD,1988,11.2
Netherlands,NLD,1989,11.3
Netherlands,NLD,1990,11.4
Netherlands,NLD,1991,11.6
Netherlands,NLD,1992,11.9
Netherlands,NLD,1993,12.2
Netherlands,NLD,1994,12.5
Netherlands,NLD,1995,12.8
Netherlands,NLD,1996,13.1
Netherlands,NLD,1997,13.3
Netherlands,NLD,1998,13.4
Netherlands,NLD,1999,13.5
Netherlands,NLD,2000,13.6
Netherlands,NLD,2001,13.7
Netherlands,NLD,2002,13.9
Netherlands,NLD,2003,14.2
Netherlands,NLD,2004,14.4
Netherlands,NLD,2005,14.5
Netherlands,NLD,2006,14.5
Netherlands,NLD,2007,14.5
Netherlands,NLD,2008,14.4
Netherlands,NLD,2009,14.4
Netherlands,NLD,2010,14.1
Netherlands,NLD,2011,13.8
Netherlands,NLD,2012,13.4
New Zealand,NZL,1980,19.5
New Zealand,NZL,1981,19.4
New Zealand,NZL,1982,19.4
New Zealand,NZL,1983,19.4
New Zealand,NZL,1984,19.4
New Zealand,NZL,1985,19.4
New Zealand,NZL,1986,19.5
New Zealand,NZL,1987,19.6
New Zealand,NZL,1988,19.7
New Zealand,NZL,1989,19.8
New Zealand,NZL,1990,20
New Zealand,NZL,1991,20.2
New Zealand,NZL,1992,20.4
New Zealand,NZL,1993,20.4
New Zealand,NZL,1994,20.3
New Zealand,NZL,1995,20.1
New Zealand,NZL,1996,19.9
New Zealand,NZL,1997,19.6
New Zealand,NZL,1998,19.4
New Zealand,NZL,1999,19
New Zealand,NZL,2000,18.7
New Zealand,NZL,2001,18.4
New Zealand,NZL,2002,18.1
New Zealand,NZL,2003,17.9
New Zealand,NZL,2004,18
New Zealand,NZL,2005,18.3
New Zealand,NZL,2006,18.8
New Zealand,NZL,2007,19.4
New Zealand,NZL,2008,19.8
New Zealand,NZL,2009,20.1
New Zealand,NZL,2010,20.3
New Zealand,NZL,2011,20.3
New Zealand,NZL,2012,20.1
Nicaragua,NIC,1980,27
Nicaragua,NIC,1981,25.8
Nicaragua,NIC,1982,24.6
Nicaragua,NIC,1983,23.7
Nicaragua,NIC,1984,22.8
Nicaragua,NIC,1985,21.8
Nicaragua,NIC,1986,20.8
Nicaragua,NIC,1987,20
Nicaragua,NIC,1988,18.7
Nicaragua,NIC,1989,17.4
Nicaragua,NIC,1990,16.1
Nicaragua,NIC,1991,14.8
Nicaragua,NIC,1992,13.7
Nicaragua,NIC,1993,12.6
Nicaragua,NIC,1994,11.9
Nicaragua,NIC,1995,11.4
Nicaragua,NIC,1996,11.2
Nicaragua,NIC,1997,11.2
Nicaragua,NIC,1998,11.4
Nicaragua,NIC,1999,11.8
Nicaragua,NIC,2000,12.2
Nicaragua,NIC,2001,12.6
Nicaragua,NIC,2002,12.9
Nicaragua,NIC,2003,13.2
Nicaragua,NIC,2004,13.6
Nicaragua,NIC,2005,13.9
Nicaragua,NIC,2006,14.3
Nicaragua,NIC,2007,14.8
Nicaragua,NIC,2008,15.2
Nicaragua,NIC,2009,15.3
Nicaragua,NIC,2010,15.5
Nicaragua,NIC,2011,15.8
Nicaragua,NIC,2012,16.2
Niger,NER,1980,6.3
Niger,NER,1981,6.5
Niger,NER,1982,6.7
Niger,NER,1983,7
Niger,NER,1984,7.4
Niger,NER,1985,7.8
Niger,NER,1986,8.1
Niger,NER,1987,8.4
Niger,NER,1988,8.6
Niger,NER,1989,8.9
Niger,NER,1990,9.1
Niger,NER,1991,9.3
Niger,NER,1992,9.5
Niger,NER,1993,9.7
Niger,NER,1994,9.8
Niger,NER,1995,9.9
Niger,NER,1996,9.9
Niger,NER,1997,9.9
Niger,NER,1998,9.8
Niger,NER,1999,9.7
Niger,NER,2000,9.6
Niger,NER,2001,9.5
Niger,NER,2002,9.4
Niger,NER,2003,9.3
Niger,NER,2004,9.3
Niger,NER,2005,9.2
Niger,NER,2006,9.1
Niger,NER,2007,9.1
Niger,NER,2008,8.9
Niger,NER,2009,8.7
Niger,NER,2010,8.4
Niger,NER,2011,8.2
Niger,NER,2012,7.9
Nigeria,NGA,1980,7.7
Nigeria,NGA,1981,7.5
Nigeria,NGA,1982,7.4
Nigeria,NGA,1983,7.4
Nigeria,NGA,1984,7.3
Nigeria,NGA,1985,7.2
Nigeria,NGA,1986,7.2
Nigeria,NGA,1987,7.2
Nigeria,NGA,1988,7.1
Nigeria,NGA,1989,7.1
Nigeria,NGA,1990,7.1
Nigeria,NGA,1991,7.1
Nigeria,NGA,1992,7.3
Nigeria,NGA,1993,7.5
Nigeria,NGA,1994,7.8
Nigeria,NGA,1995,8.3
Nigeria,NGA,1996,8.9
Nigeria,NGA,1997,9.8
Nigeria,NGA,1998,10.7
Nigeria,NGA,1999,11.4
Nigeria,NGA,2000,12
Nigeria,NGA,2001,12.5
Nigeria,NGA,2002,12.9
Nigeria,NGA,2003,13.2
Nigeria,NGA,2004,13.6
Nigeria,NGA,2005,13.9
Nigeria,NGA,2006,14.2
Nigeria,NGA,2007,14.4
Nigeria,NGA,2008,14.5
Nigeria,NGA,2009,14.6
Nigeria,NGA,2010,14.7
Nigeria,NGA,2011,14.8
Nigeria,NGA,2012,14.7
North Korea,PRK,1980,18
North Korea,PRK,1981,17.9
North Korea,PRK,1982,17.7
North Korea,PRK,1983,17.6
North Korea,PRK,1984,17.3
North Korea,PRK,1985,17.1
North Korea,PRK,1986,16.8
North Korea,PRK,1987,16.4
North Korea,PRK,1988,16
North Korea,PRK,1989,15.7
North Korea,PRK,1990,15.4
North Korea,PRK,1991,15.1
North Korea,PRK,1992,14.9
North Korea,PRK,1993,14.7
North Korea,PRK,1994,14.5
North Korea,PRK,1995,14.4
North Korea,PRK,1996,14.3
North Korea,PRK,1997,14.2
North Korea,PRK,1998,14.2
North Korea,PRK,1999,14.2
North Korea,PRK,2000,14.2
North Korea,PRK,2001,14.2
North Korea,PRK,2002,14.2
North Korea,PRK,2003,14.2
North Korea,PRK,2004,14.2
North Korea,PRK,2005,14.3
North Korea,PRK,2006,14.4
North Korea,PRK,2007,14.5
North Korea,PRK,2008,14.6
North Korea,PRK,2009,14.7
North Korea,PRK,2010,14.8
North Korea,PRK,2011,14.8
North Korea,PRK,2012,14.9
North Macedonia,MKD,1980,22.9
North Macedonia,MKD,1981,22.7
North Macedonia,MKD,1982,22.5
North Macedonia,MKD,1983,22.3
North Macedonia,MKD,1984,22.1
North Macedonia,MKD,1985,22.1
North Macedonia,MKD,1986,22.1
North Macedonia,MKD,1987,22.1
North Macedonia,MKD,1988,22.2
North Macedonia,MKD,1989,22.3
North Macedonia,MKD,1990,22.4
North Macedonia,MKD,1991,22.5
North Macedonia,MKD,1992,22.6
North Macedonia,MKD,1993,22.6
North Macedonia,MKD,1994,22.7
North Macedonia,MKD,1995,22.6
North Macedonia,MKD,1996,22.6
North Macedonia,MKD,1997,22.2
North Macedonia,MKD,1998,22
North Macedonia,MKD,1999,21.8
North Macedonia,MKD,2000,21.5
North Macedonia,MKD,2001,21.3
North Macedonia,MKD,2002,21
North Macedonia,MKD,2003,20.8
North Macedonia,MKD,2004,20.6
North Macedonia,MKD,2005,20.3
North Macedonia,MKD,2006,20.1
North Macedonia,MKD,2007,19.9
North Macedonia,MKD,2008,19.6
North Macedonia,MKD,2009,19.4
North Macedonia,MKD,2010,19.2
North Macedonia,MKD,2011,19
North Macedonia,MKD,2012,18.8
Norway,NOR,1980,4.8
Norway,NOR,1981,4.8
Norway,NOR,1982,4.9
Norway,NOR,1983,4.9
Norway,NOR,1984,5
Norway,NOR,1985,5
Norway,NOR,1986,5.1
Norway,NOR,1987,5.2
Norway,NOR,1988,5.3
Norway,NOR,1989,5.4
Norway,NOR,1990,5.5
Norway,NOR,1991,5.6
Norway,NOR,1992,5.8
Norway,NOR,1993,5.9
Norway,NOR,1994,6.1
Norway,NOR,1995,6.3
Norway,NOR,1996,6.5
Norway,NOR,1997,6.7
Norway,NOR,1998,6.9
Norway,NOR,1999,7.1
Norway,NOR,2000,7.4
Norway,NOR,2001,7.7
Norway,NOR,2002,8
Norway,NOR,2003,8.4
Norway,NOR,2004,8.7
Norway,NOR,2005,9.1
Norway,NOR,2006,9.6
Norway,NOR,2007,10
Norway,NOR,2008,10.4
Norway,NOR,2009,10.8
Norway,NOR,2010,11
Norway,NOR,2011,11.2
Norway,NOR,2012,11.2
Oman,OMN,1980,41.7
Oman,OMN,1981,40.3
Oman,OMN,1982,39.1
Oman,OMN,1983,37.9
Oman,OMN,1984,36.9
Oman,OMN,1985,35.9
Oman,OMN,1986,35.2
Oman,OMN,1987,34.8
Oman,OMN,1988,34.3
Oman,OMN,1989,33.7
Oman,OMN,1990,32.9
Oman,OMN,1991,31.9
Oman,OMN,1992,30.9
Oman,OMN,1993,30.1
Oman,OMN,1994,29.9
Oman,OMN,1995,30.9
Oman,OMN,1996,33
Oman,OMN,1997,36.1
Oman,OMN,1998,39.8
Oman,OMN,1999,43.7
Oman,OMN,2000,46.9
Oman,OMN,2001,48.1
Oman,OMN,2002,48.3
Oman,OMN,2003,47.8
Oman,OMN,2004,46.9
Oman,OMN,2005,45.8
Oman,OMN,2006,44.5
Oman,OMN,2007,43.1
Oman,OMN,2008,41.3
Oman,OMN,2009,39.4
Oman,OMN,2010,37.4
Oman,OMN,2011,35.3
Oman,OMN,2012,33.5
Pakistan,PAK,1980,18.2
Pakistan,PAK,1981,18.2
Pakistan,PAK,1982,18.2
Pakistan,PAK,1983,18.2
Pakistan,PAK,1984,18.2
Pakistan,PAK,1985,18.1
Pakistan,PAK,1986,18
Pakistan,PAK,1987,17.9
Pakistan,PAK,1988,17.8
Pakistan,PAK,1989,17.7
Pakistan,PAK,1990,17.5
Pakistan,PAK,1991,17.4
Pakistan,PAK,1992,17.2
Pakistan,PAK,1993,17.1
Pakistan,PAK,1994,16.9
Pakistan,PAK,1995,16.7
Pakistan,PAK,1996,16.6
Pakistan,PAK,1997,16.5
Pakistan,PAK,1998,16.5
Pakistan,PAK,1999,16.4
Pakistan,PAK,2000,16.4
Pakistan,PAK,2001,16.4
Pakistan,PAK,2002,16.3
Pakistan,PAK,2003,16.2
Pakistan,PAK,2004,16.1
Pakistan,PAK,2005,16.1
Pakistan,PAK,2006,16.1
Pakistan,PAK,2007,16.1
Pakistan,PAK,2008,16.1
Pakistan,PAK,2009,16.1
Pakistan,PAK,2010,16
Pakistan,PAK,2011,16
Pakistan,PAK,2012,15.8
Palestine,PSE,1980,12.6
Palestine,PSE,1981,12.3
Palestine,PSE,1982,12
Palestine,PSE,1983,11.8
Palestine,PSE,1984,11.6
Palestine,PSE,1985,11.5
Palestine,PSE,1986,11.2
Palestine,PSE,1987,11
Palestine,PSE,1988,10.9
Palestine,PSE,1989,10.8
Palestine,PSE,1990,10.5
Palestine,PSE,1991,10.4
Palestine,PSE,1992,10
Palestine,PSE,1993,9.7
Palestine,PSE,1994,9.3
Palestine,PSE,1995,9
Palestine,PSE,1996,8.8
Palestine,PSE,1997,8.6
Palestine,PSE,1998,8.3
Palestine,PSE,1999,8.1
Palestine,PSE,2000,8.2
Palestine,PSE,2001,8.6
Palestine,PSE,2002,9.4
Palestine,PSE,2003,10.2
Palestine,PSE,2004,11
Palestine,PSE,2005,11.9
Palestine,PSE,2006,12.8
Palestine,PSE,2007,13.8
Palestine,PSE,2008,14.7
Palestine,PSE,2009,15.4
Palestine,PSE,2010,15.8
Palestine,PSE,2011,15.6
Palestine,PSE,2012,15.3
Panama,PAN,1980,23.2
Panama,PAN,1981,22.9
Panama,PAN,1982,22.6
Panama,PAN,1983,22.2
Panama,PAN,1984,21.7
Panama,PAN,1985,21.3
Panama,PAN,1986,20.8
Panama,PAN,1987,20.4
Panama,PAN,1988,19.9
Panama,PAN,1989,19.4
Panama,PAN,1990,19
Panama,PAN,1991,18.8
Panama,PAN,1992,18.6
Panama,PAN,1993,18.6
Panama,PAN,1994,18.6
Panama,PAN,1995,18.6
Panama,PAN,1996,18.7
Panama,PAN,1997,19.1
Panama,PAN,1998,19.8
Panama,PAN,1999,20.7
Panama,PAN,2000,21.5
Panama,PAN,2001,22.4
Panama,PAN,2002,23.3
Panama,PAN,2003,24.2
Panama,PAN,2004,25.1
Panama,PAN,2005,26
Panama,PAN,2006,27
Panama,PAN,2007,27.9
Panama,PAN,2008,28.6
Panama,PAN,2009,29.1
Panama,PAN,2010,29.6
Panama,PAN,2011,30
Panama,PAN,2012,30.5
Papua New Guinea,PNG,1980,15.5
Papua New Guinea,PNG,1981,15.7
Papua New Guinea,PNG,1982,15.9
Papua New Guinea,PNG,1983,16
Papua New Guinea,PNG,1984,16.2
Papua New Guinea,PNG,1985,16.3
Papua New Guinea,PNG,1986,16.4
Papua New Guinea,PNG,1987,16.4
Papua New Guinea,PNG,1988,16.3
Papua New Guinea,PNG,1989,16.3
Papua New Guinea,PNG,1990,16.3
Papua New Guinea,PNG,1991,16.3
Papua New Guinea,PNG,1992,16.1
Papua New Guinea,PNG,1993,15.8
Papua New Guinea,PNG,1994,15.5
Papua New Guinea,PNG,1995,15.3
Papua New Guinea,PNG,1996,15.1
Papua New Guinea,PNG,1997,15
Papua New Guinea,PNG,1998,14.9
Papua New Guinea,PNG,1999,14.9
Papua New Guinea,PNG,2000,14.9
Papua New Guinea,PNG,2001,14.9
Papua New Guinea,PNG,2002,14.9
Papua New Guinea,PNG,2003,15
Papua New Guinea,PNG,2004,15
Papua New Guinea,PNG,2005,15.1
Papua New Guinea,PNG,2006,15.1
Papua New Guinea,PNG,2007,15.1
Papua New Guinea,PNG,2008,15.1
Papua New Guinea,PNG,2009,15
Papua New Guinea,PNG,2010,14.9
Papua New Guinea,PNG,2011,14.7
Papua New Guinea,PNG,2012,14.5
Paraguay,PRY,1980,26.9
Paraguay,PRY,1981,26.3
Paraguay,PRY,1982,25.8
Paraguay,PRY,1983,25.3
Paraguay,PRY,1984,24.8
Paraguay,PRY,1985,24.3
Paraguay,PRY,1986,23.9
Paraguay,PRY,1987,23.4
Paraguay,PRY,1988,23
Paraguay,PRY,1989,22.6
Paraguay,PRY,1990,22.2
Paraguay,PRY,1991,21.8
Paraguay,PRY,1992,21.4
Paraguay,PRY,1993,21
Paraguay,PRY,1994,20.6
Paraguay,PRY,1995,20.2
Paraguay,PRY,1996,19.8
Paraguay,PRY,1997,19.8
Paraguay,PRY,1998,19.7
Paraguay,PRY,1999,19.7
Paraguay,PRY,2000,19.6
Paraguay,PRY,2001,19.6
Paraguay,PRY,2002,19.6
Paraguay,PRY,2003,19.7
Paraguay,PRY,2004,20.1
Paraguay,PRY,2005,20.6
Paraguay,PRY,2006,21.1
Paraguay,PRY,2007,21.6
Paraguay,PRY,2008,22.1
Paraguay,PRY,2009,22.5
Paraguay,PRY,2010,22.8
Paraguay,PRY,2011,23.1
Paraguay,PRY,2012,23.2
Peru,PER,1980,10.8
Peru,PER,1981,10.5
Peru,PER,1982,10.3
Peru,PER,1983,10.3
Peru,PER,1984,10.3
Peru,PER,1985,10.2
Peru,PER,1986,9.9
Peru,PER,1987,9.5
Peru,PER,1988,9.3
Peru,PER,1989,9.4
Peru,PER,1990,9.4
Peru,PER,1991,9.4
Peru,PER,1992,9.4
Peru,PER,1993,9.3
Peru,PER,1994,9
Peru,PER,1995,8.6
Peru,PER,1996,8.3
Peru,PER,1997,7.7
Peru,PER,1998,7.3
Peru,PER,1999,6.8
Peru,PER,2000,6.5
Peru,PER,2001,6.2
Peru,PER,2002,6
Peru,PER,2003,5.8
Peru,PER,2004,5.6
Peru,PER,2005,5.4
Peru,PER,2006,5.1
Peru,PER,2007,4.9
Peru,PER,2008,4.7
Peru,PER,2009,4.5
Peru,PER,2010,4.3
Peru,PER,2011,4.1
Peru,PER,2012,4
Philippines,PHL,1980,18.5
Philippines,PHL,1981,18.4
Philippines,PHL,1982,18.2
Philippines,PHL,1983,18.1
Philippines,PHL,1984,18
Philippines,PHL,1985,18
Philippines,PHL,1986,17.9
Philippines,PHL,1987,17.8
Philippines,PHL,1988,17.7
Philippines,PHL,1989,17.5
Philippines,PHL,1990,17.3
Philippines,PHL,1991,17.1
Philippines,PHL,1992,16.9
Philippines,PHL,1993,16.8
Philippines,PHL,1994,16.6
Philippines,PHL,1995,16.5
Philippines,PHL,1996,16.4
Philippines,PHL,1997,16.4
Philippines,PHL,1998,16.6
Philippines,PHL,1999,17
Philippines,PHL,2000,17.4
Philippines,PHL,2001,17.9
Philippines,PHL,2002,18.4
Philippines,PHL,2003,19
Philippines,PHL,2004,19.5
Philippines,PHL,2005,20
Philippines,PHL,2006,20.4
Philippines,PHL,2007,20.8
Philippines,PHL,2008,21.2
Philippines,PHL,2009,21.5
Philippines,PHL,2010,21.6
Philippines,PHL,2011,21.5
Philippines,PHL,2012,21.4
Poland,POL,1980,20.7
Poland,POL,1981,20.9
Poland,POL,1982,21.5
Poland,POL,1983,22.1
Poland,POL,1984,22.9
Poland,POL,1985,23.6
Poland,POL,1986,24.2
Poland,POL,1987,24.6
Poland,POL,1988,24.9
Poland,POL,1989,25
Poland,POL,1990,25.2
Poland,POL,1991,25.5
Poland,POL,1992,25.8
Poland,POL,1993,26
Poland,POL,1994,26.2
Poland,POL,1995,26.3
Poland,POL,1996,26.3
Poland,POL,1997,25.9
Poland,POL,1998,25.3
Poland,POL,1999,24.5
Poland,POL,2000,23.6
Poland,POL,2001,22.8
Poland,POL,2002,22.1
Poland,POL,2003,21.3
Poland,POL,2004,20.6
Poland,POL,2005,20
Poland,POL,2006,19.6
Poland,POL,2007,19.3
Poland,POL,2008,18.9
Poland,POL,2009,18.5
Poland,POL,2010,18.2
Poland,POL,2011,17.8
Poland,POL,2012,17.4
Portugal,PRT,1980,23.5
Portugal,PRT,1981,23.7
Portugal,PRT,1982,23.9
Portugal,PRT,1983,24.2
Portugal,PRT,1984,24.6
Portugal,PRT,1985,24.8
Portugal,PRT,1986,24.9
Portugal,PRT,1987,24.7
Portugal,PRT,1988,24.1
Portugal,PRT,1989,23.4
Portugal,PRT,1990,22.8
Portugal,PRT,1991,22.4
Portugal,PRT,1992,22.5
Portugal,PRT,1993,22.8
Portugal,PRT,1994,23.3
Portugal,PRT,1995,24
Portugal,PRT,1996,24.4
Portugal,PRT,1997,23.9
Portugal,PRT,1998,23
Portugal,PRT,1999,22.1
Portugal,PRT,2000,21
Portugal,PRT,2001,20
Portugal,PRT,2002,19.1
Portugal,PRT,2003,18.6
Portugal,PRT,2004,18.2
Portugal,PRT,2005,17.8
Portugal,PRT,2006,17.3
Portugal,PRT,2007,16.8
Portugal,PRT,2008,16.3
Portugal,PRT,2009,15.8
Portugal,PRT,2010,15.4
Portugal,PRT,2011,15
Portugal,PRT,2012,14.7
Qatar,QAT,1980,17.9
Qatar,QAT,1981,17.4
Qatar,QAT,1982,16.9
Qatar,QAT,1983,16.5
Qatar,QAT,1984,16.3
Qatar,QAT,1985,16.2
Qatar,QAT,1986,16.2
Qatar,QAT,1987,16.4
Qatar,QAT,1988,16.5
Qatar,QAT,1989,16.6
Qatar,QAT,1990,16.8
Qatar,QAT,1991,16.9
Qatar,QAT,1992,16.9
Qatar,QAT,1993,17
Qatar,QAT,1994,17.1
Qatar,QAT,1995,17.3
Qatar,QAT,1996,17.4
Qatar,QAT,1997,17.5
Qatar,QAT,1998,17.6
Qatar,QAT,1999,17.7
Qatar,QAT,2000,17.7
Qatar,QAT,2001,17.7
Qatar,QAT,2002,17.7
Qatar,QAT,2003,17.6
Qatar,QAT,2004,17
Qatar,QAT,2005,16.3
Qatar,QAT,2006,15.6
Qatar,QAT,2007,15
Qatar,QAT,2008,14.5
Qatar,QAT,2009,14.3
Qatar,QAT,2010,14.1
Qatar,QAT,2011,14
Qatar,QAT,2012,13.9
Romania,ROU,1980,19
Romania,ROU,1981,19.1
Romania,ROU,1982,19.2
Romania,ROU,1983,19.3
Romania,ROU,1984,19.4
Romania,ROU,1985,19.4
Romania,ROU,1986,19.4
Romania,ROU,1987,19.4
Romania,ROU,1988,19.2
Romania,ROU,1989,19.1
Romania,ROU,1990,18.8
Romania,ROU,1991,18.6
Romania,ROU,1992,18.4
Romania,ROU,1993,18.3
Romania,ROU,1994,18.1
Romania,ROU,1995,18.2
Romania,ROU,1996,18.4
Romania,ROU,1997,19.1
Romania,ROU,1998,19.8
Romania,ROU,1999,20.7
Romania,ROU,2000,21.7
Romania,ROU,2001,22.6
Romania,ROU,2002,23.1
Romania,ROU,2003,23.2
Romania,ROU,2004,22.8
Romania,ROU,2005,22
Romania,ROU,2006,21.3
Romania,ROU,2007,20.7
Romania,ROU,2008,20.1
Romania,ROU,2009,19.8
Romania,ROU,2010,19.7
Romania,ROU,2011,19.6
Romania,ROU,2012,19.6
Russia,RUS,1980,21.9
Russia,RUS,1981,21.6
Russia,RUS,1982,21.2
Russia,RUS,1983,20.9
Russia,RUS,1984,20.6
Russia,RUS,1985,20.3
Russia,RUS,1986,20.1
Russia,RUS,1987,19.8
Russia,RUS,1988,19.6
Russia,RUS,1989,19.4
Russia,RUS,1990,19.3
Russia,RUS,1991,19.2
Russia,RUS,1992,19.2
Russia,RUS,1993,19.3
Russia,RUS,1994,19.5
Russia,RUS,1995,19.7
Russia,RUS,1996,20
Russia,RUS,1997,20.6
Russia,RUS,1998,21.3
Russia,RUS,1999,22
Russia,RUS,2000,22.7
Russia,RUS,2001,23.3
Russia,RUS,2002,23.8
Russia,RUS,2003,24.2
Russia,RUS,2004,24.2
Russia,RUS,2005,24.2
Russia,RUS,2006,24.2
Russia,RUS,2007,24.1
Russia,RUS,2008,24
Russia,RUS,2009,24
Russia,RUS,2010,24.2
Russia,RUS,2011,24.3
Russia,RUS,2012,24.4
Rwanda,RWA,1980,21.7
Rwanda,RWA,1981,21.7
Rwanda,RWA,1982,21.7
Rwanda,RWA,1983,21.7
Rwanda,RWA,1984,21.7
Rwanda,RWA,1985,21.7
Rwanda,RWA,1986,21.7
Rwanda,RWA,1987,21.7
Rwanda,RWA,1988,21.6
Rwanda,RWA,1989,21.5
Rwanda,RWA,1990,21.4
Rwanda,RWA,1991,21.3
Rwanda,RWA,1992,21.3
Rwanda,RWA,1993,21.2
Rwanda,RWA,1994,21
Rwanda,RWA,1995,20.8
Rwanda,RWA,1996,20.5
Rwanda,RWA,1997,20.8
Rwanda,RWA,1998,21.1
Rwanda,RWA,1999,21.4
Rwanda,RWA,2000,21.6
Rwanda,RWA,2001,22.1
Rwanda,RWA,2002,22.7
Rwanda,RWA,2003,23.2
Rwanda,RWA,2004,23.9
Rwanda,RWA,2005,24.8
Rwanda,RWA,2006,26.4
Rwanda,RWA,2007,28.4
Rwanda,RWA,2008,30.6
Rwanda,RWA,2009,32.8
Rwanda,RWA,2010,34.8
Rwanda,RWA,2011,36.4
Rwanda,RWA,2012,36.7
Saint Lucia,LCA,1980,23.8
Saint Lucia,LCA,1981,23.8
Saint Lucia,LCA,1982,23.7
Saint Lucia,LCA,1983,23.5
Saint Lucia,LCA,1984,23.3
Saint Lucia,LCA,1985,23.2
Saint Lucia,LCA,1986,23.1
Saint Lucia,LCA,1987,23
Saint Lucia,LCA,1988,23
Saint Lucia,LCA,1989,23.1
Saint Lucia,LCA,1990,23.3
Saint Lucia,LCA,1991,23.4
Saint Lucia,LCA,1992,23.6
Saint Lucia,LCA,1993,23.7
Saint Lucia,LCA,1994,23.8
Saint Lucia,LCA,1995,23.9
Saint Lucia,LCA,1996,24.1
Saint Lucia,LCA,1997,24.9
Saint Lucia,LCA,1998,25.7
Saint Lucia,LCA,1999,26.3
Saint Lucia,LCA,2000,26.8
Saint Lucia,LCA,2001,27.1
Saint Lucia,LCA,2002,27.3
Saint Lucia,LCA,2003,27.4
Saint Lucia,LCA,2004,27.5
Saint Lucia,LCA,2005,27.5
Saint Lucia,LCA,2006,27.5
Saint Lucia,LCA,2007,27.4
Saint Lucia,LCA,2008,27.3
Saint Lucia,LCA,2009,27.1
Saint Lucia,LCA,2010,27
Saint Lucia,LCA,2011,26.9
Saint Lucia,LCA,2012,26.8
Saint Vincent and the Grenadines,VCT,1980,135.9
Saint Vincent and the Grenadines,VCT,1981,133.1
Saint Vincent and the Grenadines,VCT,1982,130.4
Saint Vincent and the Grenadines,VCT,1983,127.5
Saint Vincent and the Grenadines,VCT,1984,124.7
Saint Vincent and the Grenadines,VCT,1985,122
Saint Vincent and the Grenadines,VCT,1986,119.4
Saint Vincent and the Grenadines,VCT,1987,116.9
Saint Vincent and the Grenadines,VCT,1988,114.2
Saint Vincent and the Grenadines,VCT,1989,111.6
Saint Vincent and the Grenadines,VCT,1990,109.2
Saint Vincent and the Grenadines,VCT,1991,107
Saint Vincent and the Grenadines,VCT,1992,105.1
Saint Vincent and the Grenadines,VCT,1993,103.4
Saint Vincent and the Grenadines,VCT,1994,102
Saint Vincent and the Grenadines,VCT,1995,100.6
Saint Vincent and the Grenadines,VCT,1996,99.2
Saint Vincent and the Grenadines,VCT,1997,97.8
Saint Vincent and the Grenadines,VCT,1998,96.4
Saint Vincent and the Grenadines,VCT,1999,95
Saint Vincent and the Grenadines,VCT,2000,93.7
Saint Vincent and the Grenadines,VCT,2001,92.4
Saint Vincent and the Grenadines,VCT,2002,91.2
Saint Vincent and the Grenadines,VCT,2003,89.9
Saint Vincent and the Grenadines,VCT,2004,88.7
Saint Vincent and the Grenadines,VCT,2005,87.6
Saint Vincent and the Grenadines,VCT,2006,86.6
Saint Vincent and the Grenadines,VCT,2007,85.5
Saint Vincent and the Grenadines,VCT,2008,84.5
Saint Vincent and the Grenadines,VCT,2009,83.7
Saint Vincent and the Grenadines,VCT,2010,82.9
Saint Vincent and the Grenadines,VCT,2011,82.2
Saint Vincent and the Grenadines,VCT,2012,81.6
Samoa,WSM,1980,25.8
Samoa,WSM,1981,25.6
Samoa,WSM,1982,25.3
Samoa,WSM,1983,25
Samoa,WSM,1984,24.6
Samoa,WSM,1985,24.2
Samoa,WSM,1986,23.7
Samoa,WSM,1987,23.3
Samoa,WSM,1988,22.9
Samoa,WSM,1989,22.4
Samoa,WSM,1990,22
Samoa,WSM,1991,21.7
Samoa,WSM,1992,21.5
Samoa,WSM,1993,21.2
Samoa,WSM,1994,20.9
Samoa,WSM,1995,20.7
Samoa,WSM,1996,20.3
Samoa,WSM,1997,20.2
Samoa,WSM,1998,20
Samoa,WSM,1999,19.9
Samoa,WSM,2000,19.7
Samoa,WSM,2001,19.4
Samoa,WSM,2002,19.2
Samoa,WSM,2003,19.3
Samoa,WSM,2004,19.3
Samoa,WSM,2005,19.4
Samoa,WSM,2006,19.6
Samoa,WSM,2007,19.7
Samoa,WSM,2008,19.9
Samoa,WSM,2009,20.1
Samoa,WSM,2010,20.1
Samoa,WSM,2011,20.1
Samoa,WSM,2012,20
Sao Tome and Principe,STP,1980,14.1
Sao Tome and Principe,STP,1981,13.9
Sao Tome and Principe,STP,1982,13.6
Sao Tome and Principe,STP,1983,13.2
Sao Tome and Principe,STP,1984,12.4
Sao Tome and Principe,STP,1985,11.8
Sao Tome and Principe,STP,1986,11
Sao Tome and Principe,STP,1987,10.1
Sao Tome and Principe,STP,1988,9.2
Sao Tome and Principe,STP,1989,8.8
Sao Tome and Principe,STP,1990,8.3
Sao Tome and Principe,STP,1991,7.9
Sao Tome and Principe,STP,1992,7.5
Sao Tome and Principe,STP,1993,7.2
Sao Tome and Principe,STP,1994,6.9
Sao Tome and Principe,STP,1995,6.6
Sao Tome and Principe,STP,1996,6.4
Sao Tome and Principe,STP,1997,6.2
Sao Tome and Principe,STP,1998,6
Sao Tome and Principe,STP,1999,5.7
Sao Tome and Principe,STP,2000,5.6
Sao Tome and Principe,STP,2001,5.4
Sao Tome and Principe,STP,2002,5.2
Sao Tome and Principe,STP,2003,5
Sao Tome and Principe,STP,2004,5
Sao Tome and Principe,STP,2005,4.9
Sao Tome and Principe,STP,2006,5
Sao Tome and Principe,STP,2007,5.1
Sao Tome and Principe,STP,2008,5.3
Sao Tome and Principe,STP,2009,5.6
Sao Tome and Principe,STP,2010,5.8
Sao Tome and Principe,STP,2011,6.1
Sao Tome and Principe,STP,2012,6.4
Saudi Arabia,SAU,1980,74
Saudi Arabia,SAU,1981,76.3
Saudi Arabia,SAU,1982,78.7
Saudi Arabia,SAU,1983,81
Saudi Arabia,SAU,1984,82.9
Saudi Arabia,SAU,1985,83.6
Saudi Arabia,SAU,1986,82.5
Saudi Arabia,SAU,1987,79.1
Saudi Arabia,SAU,1988,70.6
Saudi Arabia,SAU,1989,61.9
Saudi Arabia,SAU,1990,54.3
Saudi Arabia,SAU,1991,50.2
Saudi Arabia,SAU,1992,47.2
Saudi Arabia,SAU,1993,45
Saudi Arabia,SAU,1994,43.3
Saudi Arabia,SAU,1995,42
Saudi Arabia,SAU,1996,40.7
Saudi Arabia,SAU,1997,40.2
Saudi Arabia,SAU,1998,39.7
Saudi Arabia,SAU,1999,39.1
Saudi Arabia,SAU,2000,38.6
Saudi Arabia,SAU,2001,38
Saudi Arabia,SAU,2002,37.5
Saudi Arabia,SAU,2003,37.2
Saudi Arabia,SAU,2004,36.8
Saudi Arabia,SAU,2005,36.7
Saudi Arabia,SAU,2006,36.4
Saudi Arabia,SAU,2007,36.1
Saudi Arabia,SAU,2008,35.7
Saudi Arabia,SAU,2009,35.4
Saudi Arabia,SAU,2010,35.2
Saudi Arabia,SAU,2011,35.1
Saudi Arabia,SAU,2012,35
Senegal,SEN,1980,21
Senegal,SEN,1981,21.3
Senegal,SEN,1982,21.1
Senegal,SEN,1983,21.2
Senegal,SEN,1984,21.4
Senegal,SEN,1985,21.4
Senegal,SEN,1986,21.4
Senegal,SEN,1987,21
Senegal,SEN,1988,20.7
Senegal,SEN,1989,20.3
Senegal,SEN,1990,20
Senegal,SEN,1991,19.7
Senegal,SEN,1992,19.4
Senegal,SEN,1993,19.1
Senegal,SEN,1994,18.9
Senegal,SEN,1995,18.4
Senegal,SEN,1996,18
Senegal,SEN,1997,17.8
Senegal,SEN,1998,17.3
Senegal,SEN,1999,16.7
Senegal,SEN,2000,16.1
Senegal,SEN,2001,15.4
Senegal,SEN,2002,14.9
Senegal,SEN,2003,14.3
Senegal,SEN,2004,13.8
Senegal,SEN,2005,13.4
Senegal,SEN,2006,13
Senegal,SEN,2007,12.6
Senegal,SEN,2008,12.3
Senegal,SEN,2009,12
Senegal,SEN,2010,11.7
Senegal,SEN,2011,11.5
Senegal,SEN,2012,11.2
Serbia,SRB,1980,14.5
Serbia,SRB,1981,14.5
Serbia,SRB,1982,14.6
Serbia,SRB,1983,14.7
Serbia,SRB,1984,14.9
Serbia,SRB,1985,15.1
Serbia,SRB,1986,15.3
Serbia,SRB,1987,15.6
Serbia,SRB,1988,15.9
Serbia,SRB,1989,16.2
Serbia,SRB,1990,16.5
Serbia,SRB,1991,17
Serbia,SRB,1992,18
Serbia,SRB,1993,19.6
Serbia,SRB,1994,21.2
Serbia,SRB,1995,22.6
Serbia,SRB,1996,23.9
Serbia,SRB,1997,24.9
Serbia,SRB,1998,25.7
Serbia,SRB,1999,26.6
Serbia,SRB,2000,27.1
Serbia,SRB,2001,27.4
Serbia,SRB,2002,27.4
Serbia,SRB,2003,27.3
Serbia,SRB,2004,27.1
Serbia,SRB,2005,26.8
Serbia,SRB,2006,26.4
Serbia,SRB,2007,25.9
Serbia,SRB,2008,25.3
Serbia,SRB,2009,24.8
Serbia,SRB,2010,24.3
Serbia,SRB,2011,23.9
Serbia,SRB,2012,23.5
Seychelles,SYC,1980,20.9
Seychelles,SYC,1981,20.1
Seychelles,SYC,1982,19.6
Seychelles,SYC,1983,19.2
Seychelles,SYC,1984,18.9
Seychelles,SYC,1985,18.3
Seychelles,SYC,1986,17.9
Seychelles,SYC,1987,17.6
Seychelles,SYC,1988,17.3
Seychelles,SYC,1989,16.4
Seychelles,SYC,1990,15.3
Seychelles,SYC,1991,14.3
Seychelles,SYC,1992,13.1
Seychelles,SYC,1993,12
Seychelles,SYC,1994,11.3
Seychelles,SYC,1995,10.8
Seychelles,SYC,1996,10.4
Seychelles,SYC,1997,9.7
Seychelles,SYC,1998,9
Seychelles,SYC,1999,8.5
Seychelles,SYC,2000,8
Seychelles,SYC,2001,7.6
Seychelles,SYC,2002,7.3
Seychelles,SYC,2003,7.2
Seychelles,SYC,2004,7.1
Seychelles,SYC,2005,6.9
Seychelles,SYC,2006,6.6
Seychelles,SYC,2007,6.2
Seychelles,SYC,2008,5.9
Seychelles,SYC,2009,5.5
Seychelles,SYC,2010,5.1
Seychelles,SYC,2011,4.6
Seychelles,SYC,2012,4.2
Sierra Leone,SLE,1980,7.3
Sierra Leone,SLE,1981,7.3
Sierra Leone,SLE,1982,7.2
Sierra Leone,SLE,1983,7.1
Sierra Leone,SLE,1984,7.1
Sierra Leone,SLE,1985,7
Sierra Leone,SLE,1986,6.9
Sierra Leone,SLE,1987,6.8
Sierra Leone,SLE,1988,6.7
Sierra Leone,SLE,1989,6.6
Sierra Leone,SLE,1990,6.5
Sierra Leone,SLE,1991,6.3
Sierra Leone,SLE,1992,6.2
Sierra Leone,SLE,1993,6
Sierra Leone,SLE,1994,5.9
Sierra Leone,SLE,1995,5.7
Sierra Leone,SLE,1996,5.5
Sierra Leone,SLE,1997,5.3
Sierra Leone,SLE,1998,5
Sierra Leone,SLE,1999,4.8
Sierra Leone,SLE,2000,4.6
Sierra Leone,SLE,2001,4.4
Sierra Leone,SLE,2002,4.3
Sierra Leone,SLE,2003,4.3
Sierra Leone,SLE,2004,4.3
Sierra Leone,SLE,2005,4.3
Sierra Leone,SLE,2006,4.3
Sierra Leone,SLE,2007,4.4
Sierra Leone,SLE,2008,4.4
Sierra Leone,SLE,2009,4.4
Sierra Leone,SLE,2010,4.4
Sierra Leone,SLE,2011,4.4
Sierra Leone,SLE,2012,4.5
Singapore,SGP,1980,28.7
Singapore,SGP,1981,27.8
Singapore,SGP,1982,27.2
Singapore,SGP,1983,26.6
Singapore,SGP,1984,26
Singapore,SGP,1985,25.5
Singapore,SGP,1986,25.2
Singapore,SGP,1987,24.8
Singapore,SGP,1988,24.6
Singapore,SGP,1989,24.2
Singapore,SGP,1990,23.8
Singapore,SGP,1991,23.5
Singapore,SGP,1992,23.2
Singapore,SGP,1993,22.9
Singapore,SGP,1994,22.6
Singapore,SGP,1995,22.3
Singapore,SGP,1996,22.1
Singapore,SGP,1997,21.9
Singapore,SGP,1998,21.9
Singapore,SGP,1999,22.1
Singapore,SGP,2000,22.1
Singapore,SGP,2001,22.2
Singapore,SGP,2002,22.2
Singapore,SGP,2003,22.1
Singapore,SGP,2004,21.9
Singapore,SGP,2005,21.4
Singapore,SGP,2006,20.9
Singapore,SGP,2007,20.3
Singapore,SGP,2008,19.8
Singapore,SGP,2009,19.4
Singapore,SGP,2010,18.9
Singapore,SGP,2011,18.5
Singapore,SGP,2012,18.1
Slovakia,SVK,1980,25.9
Slovakia,SVK,1981,25.8
Slovakia,SVK,1982,25.8
Slovakia,SVK,1983,25.8
Slovakia,SVK,1984,25.8
Slovakia,SVK,1985,25.8
Slovakia,SVK,1986,25.8
Slovakia,SVK,1987,25.9
Slovakia,SVK,1988,25.9
Slovakia,SVK,1989,25.9
Slovakia,SVK,1990,25.9
Slovakia,SVK,1991,25.9
Slovakia,SVK,1992,25.9
Slovakia,SVK,1993,25.9
Slovakia,SVK,1994,25.9
Slovakia,SVK,1995,25.8
Slovakia,SVK,1996,25.8
Slovakia,SVK,1997,25.9
Slovakia,SVK,1998,26
Slovakia,SVK,1999,26.1
Slovakia,SVK,2000,26.2
Slovakia,SVK,2001,26.4
Slovakia,SVK,2002,26.5
Slovakia,SVK,2003,26.7
Slovakia,SVK,2004,27.2
Slovakia,SVK,2005,27.6
Slovakia,SVK,2006,28.1
Slovakia,SVK,2007,28.7
Slovakia,SVK,2008,29.2
Slovakia,SVK,2009,29.7
Slovakia,SVK,2010,29.8
Slovakia,SVK,2011,29.7
Slovakia,SVK,2012,29.7
Slovenia,SVN,1980,34.8
Slovenia,SVN,1981,34.4
Slovenia,SVN,1982,34.1
Slovenia,SVN,1983,33.8
Slovenia,SVN,1984,33.5
Slovenia,SVN,1985,33.2
Slovenia,SVN,1986,33
Slovenia,SVN,1987,32.7
Slovenia,SVN,1988,32.6
Slovenia,SVN,1989,32.4
Slovenia,SVN,1990,32.3
Slovenia,SVN,1991,32.2
Slovenia,SVN,1992,32.1
Slovenia,SVN,1993,32
Slovenia,SVN,1994,31.7
Slovenia,SVN,1995,31.5
Slovenia,SVN,1996,31.1
Slovenia,SVN,1997,30.6
Slovenia,SVN,1998,30.1
Slovenia,SVN,1999,29.6
Slovenia,SVN,2000,29.2
Slovenia,SVN,2001,28.9
Slovenia,SVN,2002,28.7
Slovenia,SVN,2003,28.4
Slovenia,SVN,2004,28.1
Slovenia,SVN,2005,27.7
Slovenia,SVN,2006,27.3
Slovenia,SVN,2007,26.7
Slovenia,SVN,2008,25.9
Slovenia,SVN,2009,25.2
Slovenia,SVN,2010,24.9
Slovenia,SVN,2011,24.8
Slovenia,SVN,2012,24.7
Solomon Islands,SLB,1980,5
Solomon Islands,SLB,1981,5
Solomon Islands,SLB,1982,5
Solomon Islands,SLB,1983,5
Solomon Islands,SLB,1984,4.9
Solomon Islands,SLB,1985,4.8
Solomon Islands,SLB,1986,4.7
Solomon Islands,SLB,1987,4.6
Solomon Islands,SLB,1988,4.4
Solomon Islands,SLB,1989,4.3
Solomon Islands,SLB,1990,4.2
Solomon Islands,SLB,1991,4.1
Solomon Islands,SLB,1992,4
Solomon Islands,SLB,1993,3.9
Solomon Islands,SLB,1994,3.9
Solomon Islands,SLB,1995,3.8
Solomon Islands,SLB,1996,3.8
Solomon Islands,SLB,1997,3.7
Solomon Islands,SLB,1998,3.7
Solomon Islands,SLB,1999,3.6
Solomon Islands,SLB,2000,3.5
Solomon Islands,SLB,2001,3.4
Solomon Islands,SLB,2002,3.3
Solomon Islands,SLB,2003,3.2
Solomon Islands,SLB,2004,3.2
Solomon Islands,SLB,2005,3.1
Solomon Islands,SLB,2006,3.1
Solomon Islands,SLB,2007,3.2
Solomon Islands,SLB,2008,3.2
Solomon Islands,SLB,2009,3.3
Solomon Islands,SLB,2010,3.3
Solomon Islands,SLB,2011,3.4
Solomon Islands,SLB,2012,3.4
Somalia,SOM,1980,21.8
Somalia,SOM,1981,21.8
Somalia,SOM,1982,21.8
Somalia,SOM,1983,21.8
Somalia,SOM,1984,21.8
Somalia,SOM,1985,21.9
Somalia,SOM,1986,21.9
Somalia,SOM,1987,22
Somalia,SOM,1988,22
Somalia,SOM,1989,22.1
Somalia,SOM,1990,22.1
Somalia,SOM,1991,22.2
Somalia,SOM,1992,22.2
Somalia,SOM,1993,22.3
Somalia,SOM,1994,22.3
Somalia,SOM,1995,22.3
Somalia,SOM,1996,22.3
Somalia,SOM,1997,22.7
Somalia,SOM,1998,23.1
Somalia,SOM,1999,23.4
Somalia,SOM,2000,23.7
Somalia,SOM,2001,24
Somalia,SOM,2002,24.2
Somalia,SOM,2003,24.5
Somalia,SOM,2004,24.8
Somalia,SOM,2005,25
Somalia,SOM,2006,25.3
Somalia,SOM,2007,25.6
Somalia,SOM,2008,25.8
Somalia,SOM,2009,26.1
Somalia,SOM,2010,26.3
Somalia,SOM,2011,26.5
Somalia,SOM,2012,26.6
South Africa,ZAF,1980,22.6
South Africa,ZAF,1981,22.1
South Africa,ZAF,1982,21.8
South Africa,ZAF,1983,21.5
South Africa,ZAF,1984,21.1
South Africa,ZAF,1985,20.8
South Africa,ZAF,1986,20.5
South Africa,ZAF,1987,20.2
South Africa,ZAF,1988,19.6
South Africa,ZAF,1989,19
South Africa,ZAF,1990,18.4
South Africa,ZAF,1991,17.8
South Africa,ZAF,1992,17.3
South Africa,ZAF,1993,16.8
South Africa,ZAF,1994,16.1
South Africa,ZAF,1995,15.4
South Africa,ZAF,1996,14.7
South Africa,ZAF,1997,14.3
South Africa,ZAF,1998,13.9
South Africa,ZAF,1999,13.8
South Africa,ZAF,2000,13.7
South Africa,ZAF,2001,13.7
South Africa,ZAF,2002,13.6
South Africa,ZAF,2003,13.6
South Africa,ZAF,2004,13.6
South Africa,ZAF,2005,13.6
South Africa,ZAF,2006,13.5
South Africa,ZAF,2007,13.2
South Africa,ZAF,2008,12.7
South Africa,ZAF,2009,12.4
South Africa,ZAF,2010,12.1
South Africa,ZAF,2011,11.9
South Africa,ZAF,2012,11.8
South Korea,KOR,1980,22.7
South Korea,KOR,1981,22.8
South Korea,KOR,1982,22.9
South Korea,KOR,1983,23
South Korea,KOR,1984,23.1
South Korea,KOR,1985,23.2
South Korea,KOR,1986,23.2
South Korea,KOR,1987,23.2
South Korea,KOR,1988,23.2
South Korea,KOR,1989,23.2
South Korea,KOR,1990,23.2
South Korea,KOR,1991,23.4
South Korea,KOR,1992,23.5
South Korea,KOR,1993,23.7
South Korea,KOR,1994,23.6
South Korea,KOR,1995,23.5
South Korea,KOR,1996,23.5
South Korea,KOR,1997,23.5
South Korea,KOR,1998,23.6
South Korea,KOR,1999,23.9
South Korea,KOR,2000,24.1
South Korea,KOR,2001,24.4
South Korea,KOR,2002,24.7
South Korea,KOR,2003,25
South Korea,KOR,2004,25.2
South Korea,KOR,2005,25.5
South Korea,KOR,2006,25.6
South Korea,KOR,2007,25.7
South Korea,KOR,2008,25.7
South Korea,KOR,2009,25.7
South Korea,KOR,2010,25.6
South Korea,KOR,2011,25.4
South Korea,KOR,2012,25
Spain,ESP,1980,21.5
Spain,ESP,1981,21.5
Spain,ESP,1982,21.6
Spain,ESP,1983,21.6
Spain,ESP,1984,21.7
Spain,ESP,1985,21.8
Spain,ESP,1986,21.8
Spain,ESP,1987,21.6
Spain,ESP,1988,21.4
Spain,ESP,1989,21
Spain,ESP,1990,20.6
Spain,ESP,1991,20.5
Spain,ESP,1992,20.6
Spain,ESP,1993,21
Spain,ESP,1994,21.4
Spain,ESP,1995,21.9
Spain,ESP,1996,22.3
Spain,ESP,1997,22.7
Spain,ESP,1998,22.9
Spain,ESP,1999,23
Spain,ESP,2000,22.9
Spain,ESP,2001,22.8
Spain,ESP,2002,22.6
Spain,ESP,2003,22.6
Spain,ESP,2004,22.4
Spain,ESP,2005,22.2
Spain,ESP,2006,22
Spain,ESP,2007,21.7
Spain,ESP,2008,21.4
Spain,ESP,2009,21.2
Spain,ESP,2010,20.9
Spain,ESP,2011,20.5
Spain,ESP,2012,20
Sri Lanka,LKA,1980,12.7
Sri Lanka,LKA,1981,12.3
Sri Lanka,LKA,1982,11.9
Sri Lanka,LKA,1983,11.5
Sri Lanka,LKA,1984,11.2
Sri Lanka,LKA,1985,10.8
Sri Lanka,LKA,1986,10.5
Sri Lanka,LKA,1987,10.3
Sri Lanka,LKA,1988,10.1
Sri Lanka,LKA,1989,9.9
Sri Lanka,LKA,1990,9.7
Sri Lanka,LKA,1991,9.5
Sri Lanka,LKA,1992,9.3
Sri Lanka,LKA,1993,9.1
Sri Lanka,LKA,1994,8.8
Sri Lanka,LKA,1995,8.6
Sri Lanka,LKA,1996,8.4
Sri Lanka,LKA,1997,8.3
Sri Lanka,LKA,1998,8.1
Sri Lanka,LKA,1999,8.1
Sri Lanka,LKA,2000,8
Sri Lanka,LKA,2001,8
Sri Lanka,LKA,2002,8.1
Sri Lanka,LKA,2003,8.2
Sri Lanka,LKA,2004,8.3
Sri Lanka,LKA,2005,8.3
Sri Lanka,LKA,2006,8.4
Sri Lanka,LKA,2007,8.3
Sri Lanka,LKA,2008,8.2
Sri Lanka,LKA,2009,8.2
Sri Lanka,LKA,2010,8.1
Sri Lanka,LKA,2011,8
Sri Lanka,LKA,2012,7.9
Sudan,SDN,1980,16.9
Sudan,SDN,1981,16.8
Sudan,SDN,1982,16.7
Sudan,SDN,1983,16.6
Sudan,SDN,1984,16.4
Sudan,SDN,1985,16.1
Sudan,SDN,1986,15.9
Sudan,SDN,1987,15.7
Sudan,SDN,1988,15.4
Sudan,SDN,1989,15.2
Sudan,SDN,1990,14.8
Sudan,SDN,1991,14.3
Sudan,SDN,1992,13.7
Sudan,SDN,1993,13.2
Sudan,SDN,1994,12.7
Sudan,SDN,1995,12.5
Sudan,SDN,1996,12.4
Sudan,SDN,1997,12.6
Sudan,SDN,1998,12.9
Sudan,SDN,1999,13.2
Sudan,SDN,2000,13.5
Sudan,SDN,2001,13.8
Sudan,SDN,2002,14.2
Sudan,SDN,2003,14.5
Sudan,SDN,2004,14.7
Sudan,SDN,2005,15.1
Sudan,SDN,2006,15.4
Sudan,SDN,2007,15.8
Sudan,SDN,2008,16.1
Sudan,SDN,2009,16.4
Sudan,SDN,2010,16.8
Sudan,SDN,2011,17.2
Sudan,SDN,2012,17.4
Suriname,SUR,1980,129.3
Suriname,SUR,1981,126.7
Suriname,SUR,1982,124.4
Suriname,SUR,1983,122.7
Suriname,SUR,1984,121.4
Suriname,SUR,1985,120.1
Suriname,SUR,1986,119.2
Suriname,SUR,1987,119.1
Suriname,SUR,1988,118.8
Suriname,SUR,1989,118.4
Suriname,SUR,1990,118.7
Suriname,SUR,1991,118.9
Suriname,SUR,1992,119
Suriname,SUR,1993,119.9
Suriname,SUR,1994,120.7
Suriname,SUR,1995,121.4
Suriname,SUR,1996,121.7
Suriname,SUR,1997,121.9
Suriname,SUR,1998,121.9
Suriname,SUR,1999,122
Suriname,SUR,2000,121.9
Suriname,SUR,2001,121.2
Suriname,SUR,2002,120
Suriname,SUR,2003,118.5
Suriname,SUR,2004,117
Suriname,SUR,2005,115.4
Suriname,SUR,2006,113.9
Suriname,SUR,2007,112.6
Suriname,SUR,2008,111.4
Suriname,SUR,2009,110.5
Suriname,SUR,2010,109.8
Suriname,SUR,2011,109.2
Suriname,SUR,2012,108.9
Sweden,SWE,1980,16.1
Sweden,SWE,1981,16.1
Sweden,SWE,1982,16.1
Sweden,SWE,1983,16.1
Sweden,SWE,1984,15.8
Sweden,SWE,1985,15.4
Sweden,SWE,1986,15
Sweden,SWE,1987,14.6
Sweden,SWE,1988,14.3
Sweden,SWE,1989,14
Sweden,SWE,1990,13.8
Sweden,SWE,1991,13.7
Sweden,SWE,1992,13.8
Sweden,SWE,1993,14
Sweden,SWE,1994,14.2
Sweden,SWE,1995,14.6
Sweden,SWE,1996,15
Sweden,SWE,1997,15.5
Sweden,SWE,1998,16
Sweden,SWE,1999,16.5
Sweden,SWE,2000,17
Sweden,SWE,2001,17.6
Sweden,SWE,2002,18.5
Sweden,SWE,2003,19.7
Sweden,SWE,2004,21.1
Sweden,SWE,2005,22.3
Sweden,SWE,2006,23.2
Sweden,SWE,2007,23.6
Sweden,SWE,2008,23.9
Sweden,SWE,2009,23.8
Sweden,SWE,2010,23.5
Sweden,SWE,2011,23
Sweden,SWE,2012,22.5
Switzerland,CHE,1980,28.9
Switzerland,CHE,1981,29.1
Switzerland,CHE,1982,29.4
Switzerland,CHE,1983,29.5
Switzerland,CHE,1984,29.5
Switzerland,CHE,1985,29.4
Switzerland,CHE,1986,29.1
Switzerland,CHE,1987,28.5
Switzerland,CHE,1988,27.7
Switzerland,CHE,1989,26.9
Switzerland,CHE,1990,26.1
Switzerland,CHE,1991,25.4
Switzerland,CHE,1992,24.8
Switzerland,CHE,1993,24.2
Switzerland,CHE,1994,23.6
Switzerland,CHE,1995,23
Switzerland,CHE,1996,22.5
Switzerland,CHE,1997,22.1
Switzerland,CHE,1998,21.9
Switzerland,CHE,1999,22.1
Switzerland,CHE,2000,22.6
Switzerland,CHE,2001,23.3
Switzerland,CHE,2002,24
Switzerland,CHE,2003,24.8
Switzerland,CHE,2004,25.4
Switzerland,CHE,2005,25.9
Switzerland,CHE,2006,25.9
Switzerland,CHE,2007,25.8
Switzerland,CHE,2008,25.2
Switzerland,CHE,2009,24.6
Switzerland,CHE,2010,23.9
Switzerland,CHE,2011,23.2
Switzerland,CHE,2012,22.5
Syria,SYR,1980,35.3
Syria,SYR,1981,34.5
Syria,SYR,1982,33.9
Syria,SYR,1983,33.3
Syria,SYR,1984,33
Syria,SYR,1985,32.7
Syria,SYR,1986,32.5
Syria,SYR,1987,32.3
Syria,SYR,1988,32
Syria,SYR,1989,31.9
Syria,SYR,1990,31.7
Syria,SYR,1991,31.5
Syria,SYR,1992,31.1
Syria,SYR,1993,30.7
Syria,SYR,1994,30.3
Syria,SYR,1995,29.9
Syria,SYR,1996,29.5
Syria,SYR,1997,29.2
Syria,SYR,1998,28.9
Syria,SYR,1999,28.7
Syria,SYR,2000,28.6
Syria,SYR,2001,28.4
Syria,SYR,2002,28.3
Syria,SYR,2003,28.3
Syria,SYR,2004,28.1
Syria,SYR,2005,27.9
Syria,SYR,2006,27.6
Syria,SYR,2007,27.2
Syria,SYR,2008,26.8
Syria,SYR,2009,26.5
Syria,SYR,2010,26.2
Syria,SYR,2011,26
Syria,SYR,2012,25.9
Taiwan,TWN,1980,30.3
Taiwan,TWN,1981,30
Taiwan,TWN,1982,29.9
Taiwan,TWN,1983,29.8
Taiwan,TWN,1984,29.6
Taiwan,TWN,1985,29.5
Taiwan,TWN,1986,29.4
Taiwan,TWN,1987,29.4
Taiwan,TWN,1988,29.3
Taiwan,TWN,1989,29.3
Taiwan,TWN,1990,29.2
Taiwan,TWN,1991,29.1
Taiwan,TWN,1992,28.9
Taiwan,TWN,1993,28.8
Taiwan,TWN,1994,28.5
Taiwan,TWN,1995,28.3
Taiwan,TWN,1996,28
Taiwan,TWN,1997,28.2
Taiwan,TWN,1998,28.3
Taiwan,TWN,1999,28.4
Taiwan,TWN,2000,28.6
Taiwan,TWN,2001,28.8
Taiwan,TWN,2002,29.4
Taiwan,TWN,2003,30
Taiwan,TWN,2004,30.6
Taiwan,TWN,2005,31.2
Taiwan,TWN,2006,31.8
Taiwan,TWN,2007,32.3
Taiwan,TWN,2008,32.7
Taiwan,TWN,2009,33
Taiwan,TWN,2010,33
Taiwan,TWN,2011,32.8
Taiwan,TWN,2012,32.4
Tajikistan,TJK,1980,31
Tajikistan,TJK,1981,31.2
Tajikistan,TJK,1982,31.5
Tajikistan,TJK,1983,31.9
Tajikistan,TJK,1984,32.3
Tajikistan,TJK,1985,32.7
Tajikistan,TJK,1986,33.2
Tajikistan,TJK,1987,33.6
Tajikistan,TJK,1988,34.1
Tajikistan,TJK,1989,34.5
Tajikistan,TJK,1990,34.7
Tajikistan,TJK,1991,34.3
Tajikistan,TJK,1992,32.6
Tajikistan,TJK,1993,30.5
Tajikistan,TJK,1994,27.7
Tajikistan,TJK,1995,24.5
Tajikistan,TJK,1996,21.1
Tajikistan,TJK,1997,18
Tajikistan,TJK,1998,15.2
Tajikistan,TJK,1999,12.8
Tajikistan,TJK,2000,10.9
Tajikistan,TJK,2001,9.5
Tajikistan,TJK,2002,8.6
Tajikistan,TJK,2003,7.9
Tajikistan,TJK,2004,7.4
Tajikistan,TJK,2005,6.9
Tajikistan,TJK,2006,6.3
Tajikistan,TJK,2007,5.8
Tajikistan,TJK,2008,5.3
Tajikistan,TJK,2009,4.9
Tajikistan,TJK,2010,4.5
Tajikistan,TJK,2011,4.1
Tajikistan,TJK,2012,3.8
Tanzania,TZA,1980,10.3
Tanzania,TZA,1981,10.3
Tanzania,TZA,1982,10.3
Tanzania,TZA,1983,10.4
Tanzania,TZA,1984,10.4
Tanzania,TZA,1985,10.4
Tanzania,TZA,1986,10.4
Tanzania,TZA,1987,10.2
Tanzania,TZA,1988,10.1
Tanzania,TZA,1989,9.9
Tanzania,TZA,1990,9.6
Tanzania,TZA,1991,9.4
Tanzania,TZA,1992,9.2
Tanzania,TZA,1993,9.1
Tanzania,TZA,1994,9
Tanzania,TZA,1995,8.9
Tanzania,TZA,1996,8.8
Tanzania,TZA,1997,8.9
Tanzania,TZA,1998,9
Tanzania,TZA,1999,9
Tanzania,TZA,2000,9
Tanzania,TZA,2001,8.9
Tanzania,TZA,2002,8.8
Tanzania,TZA,2003,8.7
Tanzania,TZA,2004,8.5
Tanzania,TZA,2005,8.4
Tanzania,TZA,2006,8.3
Tanzania,TZA,2007,8.2
Tanzania,TZA,2008,8.1
Tanzania,TZA,2009,8.1
Tanzania,TZA,2010,8
Tanzania,TZA,2011,7.9
Tanzania,TZA,2012,7.8
Thailand,THA,1980,17.4
Thailand,THA,1981,17.1
Thailand,THA,1982,16.8
Thailand,THA,1983,16.5
Thailand,THA,1984,16.1
Thailand,THA,1985,15.8
Thailand,THA,1986,15.4
Thailand,THA,1987,15
Thailand,THA,1988,14.6
Thailand,THA,1989,14.2
Thailand,THA,1990,13.8
Thailand,THA,1991,13.4
Thailand,THA,1992,13
Thailand,THA,1993,12.7
Thailand,THA,1994,12.4
Thailand,THA,1995,12.1
Thailand,THA,1996,11.9
Thailand,THA,1997,12
Thailand,THA,1998,12.1
Thailand,THA,1999,12.3
Thailand,THA,2000,12.5
Thailand,THA,2001,12.7
Thailand,THA,2002,13
Thailand,THA,2003,13.3
Thailand,THA,2004,13.4
Thailand,THA,2005,13.5
Thailand,THA,2006,13.5
Thailand,THA,2007,13.4
Thailand,THA,2008,13.2
Thailand,THA,2009,13
Thailand,THA,2010,12.8
Thailand,THA,2011,12.7
Thailand,THA,2012,12.5
Togo,TGO,1980,37.2
Togo,TGO,1981,37.2
Togo,TGO,1982,36.8
Togo,TGO,1983,36.1
Togo,TGO,1984,35.5
Togo,TGO,1985,35
Togo,TGO,1986,34.4
Togo,TGO,1987,33.7
Togo,TGO,1988,33.2
Togo,TGO,1989,32.9
Togo,TGO,1990,32.6
Togo,TGO,1991,32.4
Togo,TGO,1992,32.1
Togo,TGO,1993,31.4
Togo,TGO,1994,31
Togo,TGO,1995,30.7
Togo,TGO,1996,30.4
Togo,TGO,1997,30.2
Togo,TGO,1998,29.9
Togo,TGO,1999,29.5
Togo,TGO,2000,29
Togo,TGO,2001,28.4
Togo,TGO,2002,27.8
Togo,TGO,2003,27.3
Togo,TGO,2004,26.8
Togo,TGO,2005,26.3
Togo,TGO,2006,25.9
Togo,TGO,2007,25.5
Togo,TGO,2008,25.1
Togo,TGO,2009,24.9
Togo,TGO,2010,24.7
Togo,TGO,2011,24.7
Togo,TGO,2012,24.7
Tonga,TON,1980,17
Tonga,TON,1981,16.7
Tonga,TON,1982,16.3
Tonga,TON,1983,15.9
Tonga,TON,1984,15.5
Tonga,TON,1985,15
Tonga,TON,1986,14.6
Tonga,TON,1987,14.1
Tonga,TON,1988,13.8
Tonga,TON,1989,13.6
Tonga,TON,1990,13.4
Tonga,TON,1991,13.3
Tonga,TON,1992,13.3
Tonga,TON,1993,13.3
Tonga,TON,1994,13.3
Tonga,TON,1995,13.3
Tonga,TON,1996,13.2
Tonga,TON,1997,13.1
Tonga,TON,1998,12.9
Tonga,TON,1999,12.7
Tonga,TON,2000,12.5
Tonga,TON,2001,12.2
Tonga,TON,2002,12
Tonga,TON,2003,11.8
Tonga,TON,2004,11.5
Tonga,TON,2005,11.1
Tonga,TON,2006,10.7
Tonga,TON,2007,10.8
Tonga,TON,2008,10.9
Tonga,TON,2009,11
Tonga,TON,2010,11.2
Tonga,TON,2011,11.3
Tonga,TON,2012,11.5
Trinidad and Tobago,TTO,1980,31.3
Trinidad and Tobago,TTO,1981,28.7
Trinidad and Tobago,TTO,1982,26.3
Trinidad and Tobago,TTO,1983,24.7
Trinidad and Tobago,TTO,1984,23.5
Trinidad and Tobago,TTO,1985,22.7
Trinidad and Tobago,TTO,1986,22.2
Trinidad and Tobago,TTO,1987,22
Trinidad and Tobago,TTO,1988,22
Trinidad and Tobago,TTO,1989,22.1
Trinidad and Tobago,TTO,1990,22.2
Trinidad and Tobago,TTO,1991,22.1
Trinidad and Tobago,TTO,1992,22
Trinidad and Tobago,TTO,1993,21.9
Trinidad and Tobago,TTO,1994,21.6
Trinidad and Tobago,TTO,1995,21.2
Trinidad and Tobago,TTO,1996,20.8
Trinidad and Tobago,TTO,1997,20.5
Trinidad and Tobago,TTO,1998,20.1
Trinidad and Tobago,TTO,1999,19.8
Trinidad and Tobago,TTO,2000,19.2
Trinidad and Tobago,TTO,2001,18.9
Trinidad and Tobago,TTO,2002,18.6
Trinidad and Tobago,TTO,2003,17.7
Trinidad and Tobago,TTO,2004,16.9
Trinidad and Tobago,TTO,2005,16.2
Trinidad and Tobago,TTO,2006,15.6
Trinidad and Tobago,TTO,2007,15
Trinidad and Tobago,TTO,2008,14.3
Trinidad and Tobago,TTO,2009,14.1
Trinidad and Tobago,TTO,2010,14.2
Trinidad and Tobago,TTO,2011,14.4
Trinidad and Tobago,TTO,2012,14.8
Tunisia,TUN,1980,21.1
Tunisia,TUN,1981,21.2
Tunisia,TUN,1982,21.3
Tunisia,TUN,1983,21.3
Tunisia,TUN,1984,21.4
Tunisia,TUN,1985,21.5
Tunisia,TUN,1986,21.6
Tunisia,TUN,1987,21.8
Tunisia,TUN,1988,21.9
Tunisia,TUN,1989,22.1
Tunisia,TUN,1990,22.2
Tunisia,TUN,1991,22.3
Tunisia,TUN,1992,22.4
Tunisia,TUN,1993,22.5
Tunisia,TUN,1994,22.6
Tunisia,TUN,1995,22.6
Tunisia,TUN,1996,22.5
Tunisia,TUN,1997,22
Tunisia,TUN,1998,21.5
Tunisia,TUN,1999,21.1
Tunisia,TUN,2000,20.6
Tunisia,TUN,2001,20.3
Tunisia,TUN,2002,20.1
Tunisia,TUN,2003,20
Tunisia,TUN,2004,19.9
Tunisia,TUN,2005,19.7
Tunisia,TUN,2006,19.5
Tunisia,TUN,2007,19.3
Tunisia,TUN,2008,19
Tunisia,TUN,2009,18.8
Tunisia,TUN,2010,18.5
Tunisia,TUN,2011,18.3
Tunisia,TUN,2012,18.1
Turkey,TUR,1980,22.9
Turkey,TUR,1981,22.7
Turkey,TUR,1982,22.6
Turkey,TUR,1983,22.5
Turkey,TUR,1984,22.5
Turkey,TUR,1985,22.6
Turkey,TUR,1986,22.6
Turkey,TUR,1987,22.6
Turkey,TUR,1988,22.6
Turkey,TUR,1989,22.8
Turkey,TUR,1990,22.8
Turkey,TUR,1991,22.9
Turkey,TUR,1992,23
Turkey,TUR,1993,23.1
Turkey,TUR,1994,23.3
Turkey,TUR,1995,23.4
Turkey,TUR,1996,23.4
Turkey,TUR,1997,23.2
Turkey,TUR,1998,23
Turkey,TUR,1999,23
Turkey,TUR,2000,23
Turkey,TUR,2001,23.1
Turkey,TUR,2002,23
Turkey,TUR,2003,22.8
Turkey,TUR,2004,22.2
Turkey,TUR,2005,21.6
Turkey,TUR,2006,21.3
Turkey,TUR,2007,20.9
Turkey,TUR,2008,20.7
Turkey,TUR,2009,20.5
Turkey,TUR,2010,20.4
Turkey,TUR,2011,19.9
Turkey,TUR,2012,19.4
Turkmenistan,TKM,1980,26.2
Turkmenistan,TKM,1981,25.9
Turkmenistan,TKM,1982,25.5
Turkmenistan,TKM,1983,25.2
Turkmenistan,TKM,1984,24.9
Turkmenistan,TKM,1985,24.6
Turkmenistan,TKM,1986,24.2
Turkmenistan,TKM,1987,23.9
Turkmenistan,TKM,1988,23.5
Turkmenistan,TKM,1989,23.2
Turkmenistan,TKM,1990,22.8
Turkmenistan,TKM,1991,22.6
Turkmenistan,TKM,1992,22.7
Turkmenistan,TKM,1993,23
Turkmenistan,TKM,1994,23.6
Turkmenistan,TKM,1995,24.4
Turkmenistan,TKM,1996,25
Turkmenistan,TKM,1997,25.9
Turkmenistan,TKM,1998,26.5
Turkmenistan,TKM,1999,26.8
Turkmenistan,TKM,2000,26.7
Turkmenistan,TKM,2001,26.4
Turkmenistan,TKM,2002,26
Turkmenistan,TKM,2003,25.3
Turkmenistan,TKM,2004,24.5
Turkmenistan,TKM,2005,23.4
Turkmenistan,TKM,2006,22.2
Turkmenistan,TKM,2007,20.9
Turkmenistan,TKM,2008,19.5
Turkmenistan,TKM,2009,18.3
Turkmenistan,TKM,2010,17.2
Turkmenistan,TKM,2011,16.1
Turkmenistan,TKM,2012,15.2
Uganda,UGA,1980,2.3
Uganda,UGA,1981,2.5
Uganda,UGA,1982,2.7
Uganda,UGA,1983,3
Uganda,UGA,1984,3.2
Uganda,UGA,1985,3.5
Uganda,UGA,1986,3.9
Uganda,UGA,1987,4.2
Uganda,UGA,1988,4.5
Uganda,UGA,1989,4.7
Uganda,UGA,1990,4.9
Uganda,UGA,1991,5.1
Uganda,UGA,1992,5.3
Uganda,UGA,1993,5.3
Uganda,UGA,1994,5.3
Uganda,UGA,1995,5.2
Uganda,UGA,1996,5
Uganda,UGA,1997,4.9
Uganda,UGA,1998,4.8
Uganda,UGA,1999,4.7
Uganda,UGA,2000,4.5
Uganda,UGA,2001,4.4
Uganda,UGA,2002,4.3
Uganda,UGA,2003,4.2
Uganda,UGA,2004,4.1
Uganda,UGA,2005,3.9
Uganda,UGA,2006,3.7
Uganda,UGA,2007,3.5
Uganda,UGA,2008,3.3
Uganda,UGA,2009,3.1
Uganda,UGA,2010,2.9
Uganda,UGA,2011,2.7
Uganda,UGA,2012,2.5
Ukraine,UKR,1980,18.3
Ukraine,UKR,1981,18.1
Ukraine,UKR,1982,17.9
Ukraine,UKR,1983,17.8
Ukraine,UKR,1984,17.6
Ukraine,UKR,1985,17.5
Ukraine,UKR,1986,17.4
Ukraine,UKR,1987,17.3
Ukraine,UKR,1988,17.2
Ukraine,UKR,1989,17.1
Ukraine,UKR,1990,17
Ukraine,UKR,1991,17
Ukraine,UKR,1992,17
Ukraine,UKR,1993,17.1
Ukraine,UKR,1994,17.2
Ukraine,UKR,1995,17.4
Ukraine,UKR,1996,17.6
Ukraine,UKR,1997,17.8
Ukraine,UKR,1998,17.9
Ukraine,UKR,1999,18
Ukraine,UKR,2000,18
Ukraine,UKR,2001,17.8
Ukraine,UKR,2002,17.6
Ukraine,UKR,2003,17.6
Ukraine,UKR,2004,17.4
Ukraine,UKR,2005,17.4
Ukraine,UKR,2006,17.9
Ukraine,UKR,2007,18.5
Ukraine,UKR,2008,19.1
Ukraine,UKR,2009,19.7
Ukraine,UKR,2010,20.1
Ukraine,UKR,2011,20.2
Ukraine,UKR,2012,20.1
United Arab Emirates,ARE,1980,12.2
United Arab Emirates,ARE,1981,12.3
United Arab Emirates,ARE,1982,12.5
United Arab Emirates,ARE,1983,12.7
United Arab Emirates,ARE,1984,13
United Arab Emirates,ARE,1985,13.3
United Arab Emirates,ARE,1986,13.5
United Arab Emirates,ARE,1987,13.7
United Arab Emirates,ARE,1988,13.9
United Arab Emirates,ARE,1989,14.1
United Arab Emirates,ARE,1990,14.1
United Arab Emirates,ARE,1991,14.2
United Arab Emirates,ARE,1992,14.3
United Arab Emirates,ARE,1993,14.3
United Arab Emirates,ARE,1994,14.3
United Arab Emirates,ARE,1995,14.3
United Arab Emirates,ARE,1996,14.6
United Arab Emirates,ARE,1997,15.2
United Arab Emirates,ARE,1998,15.8
United Arab Emirates,ARE,1999,16.6
United Arab Emirates,ARE,2000,17.3
United Arab Emirates,ARE,2001,17.9
United Arab Emirates,ARE,2002,18.5
United Arab Emirates,ARE,2003,18.9
United Arab Emirates,ARE,2004,18.9
United Arab Emirates,ARE,2005,18.7
United Arab Emirates,ARE,2006,18.5
United Arab Emirates,ARE,2007,18.3
United Arab Emirates,ARE,2008,18.1
United Arab Emirates,ARE,2009,18
United Arab Emirates,ARE,2010,17.9
United Arab Emirates,ARE,2011,17.7
United Arab Emirates,ARE,2012,17.6
United Kingdom,GBR,1980,17.2
United Kingdom,GBR,1981,17.3
United Kingdom,GBR,1982,17.5
United Kingdom,GBR,1983,17.7
United Kingdom,GBR,1984,17.8
United Kingdom,GBR,1985,17.9
United Kingdom,GBR,1986,17.9
United Kingdom,GBR,1987,17.9
United Kingdom,GBR,1988,17.7
United Kingdom,GBR,1989,17.4
United Kingdom,GBR,1990,17.2
United Kingdom,GBR,1991,17.1
United Kingdom,GBR,1992,17.1
United Kingdom,GBR,1993,17
United Kingdom,GBR,1994,16.8
United Kingdom,GBR,1995,16.5
United Kingdom,GBR,1996,16.2
United Kingdom,GBR,1997,15.9
United Kingdom,GBR,1998,15.5
United Kingdom,GBR,1999,15.1
United Kingdom,GBR,2000,14.8
United Kingdom,GBR,2001,14.5
United Kingdom,GBR,2002,14.2
United Kingdom,GBR,2003,14
United Kingdom,GBR,2004,13.8
United Kingdom,GBR,2005,13.7
United Kingdom,GBR,2006,13.6
United Kingdom,GBR,2007,13.6
United Kingdom,GBR,2008,13.6
United Kingdom,GBR,2009,13.7
United Kingdom,GBR,2010,13.8
United Kingdom,GBR,2011,13.7
United Kingdom,GBR,2012,13.6
United States,USA,1980,31.9
United States,USA,1981,31.6
United States,USA,1982,31.5
United States,USA,1983,31.4
United States,USA,1984,31.2
United States,USA,1985,31
United States,USA,1986,30.7
United States,USA,1987,30.4
United States,USA,1988,30.1
United States,USA,1989,29.7
United States,USA,1990,29.4
United States,USA,1991,29.4
United States,USA,1992,29.5
United States,USA,1993,29.7
United States,USA,1994,29.8
United States,USA,1995,29.8
United States,USA,1996,29.5
United States,USA,1997,28.9
United States,USA,1998,28.1
United States,USA,1999,27.3
United States,USA,2000,26.5
United States,USA,2001,25.9
United States,USA,2002,25.4
United States,USA,2003,24.8
United States,USA,2004,24.1
United States,USA,2005,23.4
United States,USA,2006,22.7
United States,USA,2007,22.3
United States,USA,2008,22.1
United States,USA,2009,22.3
United States,USA,2010,22.5
United States,USA,2011,22.6
United States,USA,2012,22.5
Uruguay,URY,1980,15.5
Uruguay,URY,1981,15.5
Uruguay,URY,1982,15.5
Uruguay,URY,1983,15.7
Uruguay,URY,1984,15.9
Uruguay,URY,1985,16
Uruguay,URY,1986,16.2
Uruguay,URY,1987,16.3
Uruguay,URY,1988,16.5
Uruguay,URY,1989,16.7
Uruguay,URY,1990,16.8
Uruguay,URY,1991,16.9
Uruguay,URY,1992,17
Uruguay,URY,1993,17.1
Uruguay,URY,1994,17.3
Uruguay,URY,1995,17.5
Uruguay,URY,1996,17.8
Uruguay,URY,1997,18.4
Uruguay,URY,1998,19
Uruguay,URY,1999,19.5
Uruguay,URY,2000,19.9
Uruguay,URY,2001,20.4
Uruguay,URY,2002,21
Uruguay,URY,2003,21.5
Uruguay,URY,2004,22.3
Uruguay,URY,2005,23.1
Uruguay,URY,2006,23.8
Uruguay,URY,2007,24.6
Uruguay,URY,2008,25.3
Uruguay,URY,2009,25.9
Uruguay,URY,2010,25.9
Uruguay,URY,2011,25.7
Uruguay,URY,2012,25.4
Uzbekistan,UZB,1980,15.3
Uzbekistan,UZB,1981,15.4
Uzbekistan,UZB,1982,15.6
Uzbekistan,UZB,1983,15.8
Uzbekistan,UZB,1984,16
Uzbekistan,UZB,1985,16.3
Uzbekistan,UZB,1986,16.7
Uzbekistan,UZB,1987,17.1
Uzbekistan,UZB,1988,17.6
Uzbekistan,UZB,1989,18.1
Uzbekistan,UZB,1990,18.6
Uzbekistan,UZB,1991,18.9
Uzbekistan,UZB,1992,19.1
Uzbekistan,UZB,1993,19.2
Uzbekistan,UZB,1994,19.1
Uzbekistan,UZB,1995,19.1
Uzbekistan,UZB,1996,19.1
Uzbekistan,UZB,1997,19.3
Uzbekistan,UZB,1998,19.5
Uzbekistan,UZB,1999,19.8
Uzbekistan,UZB,2000,20.2
Uzbekistan,UZB,2001,20.7
Uzbekistan,UZB,2002,21.3
Uzbekistan,UZB,2003,22
Uzbekistan,UZB,2004,22.8
Uzbekistan,UZB,2005,23.5
Uzbekistan,UZB,2006,24
Uzbekistan,UZB,2007,24.4
Uzbekistan,UZB,2008,24.6
Uzbekistan,UZB,2009,24.7
Uzbekistan,UZB,2010,24.8
Uzbekistan,UZB,2011,24.8
Uzbekistan,UZB,2012,24.7
Vanuatu,VUT,1980,7.3
Vanuatu,VUT,1981,7.2
Vanuatu,VUT,1982,7.2
Vanuatu,VUT,1983,7
Vanuatu,VUT,1984,6.8
Vanuatu,VUT,1985,6.6
Vanuatu,VUT,1986,6.4
Vanuatu,VUT,1987,6.4
Vanuatu,VUT,1988,6.4
Vanuatu,VUT,1989,6.4
Vanuatu,VUT,1990,6.3
Vanuatu,VUT,1991,6.1
Vanuatu,VUT,1992,6
Vanuatu,VUT,1993,5.9
Vanuatu,VUT,1994,5.8
Vanuatu,VUT,1995,5.6
Vanuatu,VUT,1996,5.5
Vanuatu,VUT,1997,5.4
Vanuatu,VUT,1998,5.2
Vanuatu,VUT,1999,5.2
Vanuatu,VUT,2000,5.2
Vanuatu,VUT,2001,5.2
Vanuatu,VUT,2002,5.3
Vanuatu,VUT,2003,5.3
Vanuatu,VUT,2004,5.3
Vanuatu,VUT,2005,5.3
Vanuatu,VUT,2006,5.2
Vanuatu,VUT,2007,5.1
Vanuatu,VUT,2008,5
Vanuatu,VUT,2009,4.8
Vanuatu,VUT,2010,4.8
Vanuatu,VUT,2011,4.8
Vanuatu,VUT,2012,4.7
Venezuela,VEN,1980,33.5
Venezuela,VEN,1981,32.2
Venezuela,VEN,1982,30.7
Venezuela,VEN,1983,28.5
Venezuela,VEN,1984,26.5
Venezuela,VEN,1985,24.5
Venezuela,VEN,1986,22.9
Venezuela,VEN,1987,21.6
Venezuela,VEN,1988,20.7
Venezuela,VEN,1989,19.2
Venezuela,VEN,1990,18.1
Venezuela,VEN,1991,17.6
Venezuela,VEN,1992,17.5
Venezuela,VEN,1993,17.2
Venezuela,VEN,1994,16.7
Venezuela,VEN,1995,16.4
Venezuela,VEN,1996,15.9
Venezuela,VEN,1997,15.9
Venezuela,VEN,1998,15.8
Venezuela,VEN,1999,15.4
Venezuela,VEN,2000,15.1
Venezuela,VEN,2001,14.8
Venezuela,VEN,2002,14.1
Venezuela,VEN,2003,13.1
Venezuela,VEN,2004,12.9
Venezuela,VEN,2005,13.2
Venezuela,VEN,2006,14
Venezuela,VEN,2007,15.1
Venezuela,VEN,2008,16.5
Venezuela,VEN,2009,17.5
Venezuela,VEN,2010,18.2
Venezuela,VEN,2011,18.9
Venezuela,VEN,2012,19.6
Vietnam,VNM,1980,5.7
Vietnam,VNM,1981,5.8
Vietnam,VNM,1982,5.9
Vietnam,VNM,1983,6.1
Vietnam,VNM,1984,6.2
Vietnam,VNM,1985,6.3
Vietnam,VNM,1986,6.3
Vietnam,VNM,1987,6.3
Vietnam,VNM,1988,6.3
Vietnam,VNM,1989,6.3
Vietnam,VNM,1990,6.3
Vietnam,VNM,1991,6.4
Vietnam,VNM,1992,6.5
Vietnam,VNM,1993,6.7
Vietnam,VNM,1994,7
Vietnam,VNM,1995,7.5
Vietnam,VNM,1996,8.1
Vietnam,VNM,1997,8.9
Vietnam,VNM,1998,9.7
Vietnam,VNM,1999,10.5
Vietnam,VNM,2000,11.2
Vietnam,VNM,2001,12
Vietnam,VNM,2002,12.7
Vietnam,VNM,2003,13.6
Vietnam,VNM,2004,14.2
Vietnam,VNM,2005,14.6
Vietnam,VNM,2006,14.9
Vietnam,VNM,2007,15
Vietnam,VNM,2008,15
Vietnam,VNM,2009,14.8
Vietnam,VNM,2010,14.6
Vietnam,VNM,2011,14.2
Vietnam,VNM,2012,13.9
World,OWID_WRL,1980,18.8
World,OWID_WRL,1981,18.7
World,OWID_WRL,1982,18.7
World,OWID_WRL,1983,18.6
World,OWID_WRL,1984,18.6
World,OWID_WRL,1985,18.5
World,OWID_WRL,1986,18.5
World,OWID_WRL,1987,18.4
World,OWID_WRL,1988,18.3
World,OWID_WRL,1989,18.2
World,OWID_WRL,1990,18.1
World,OWID_WRL,1991,18.1
World,OWID_WRL,1992,18
World,OWID_WRL,1993,18
World,OWID_WRL,1994,18
World,OWID_WRL,1995,17.9
World,OWID_WRL,1996,17.9
World,OWID_WRL,1997,17.9
World,OWID_WRL,1998,17.9
World,OWID_WRL,1999,18
World,OWID_WRL,2000,18
World,OWID_WRL,2001,18.1
World,OWID_WRL,2002,18.1
World,OWID_WRL,2003,18.2
World,OWID_WRL,2004,18.1
World,OWID_WRL,2005,18.1
World,OWID_WRL,2006,18.1
World,OWID_WRL,2007,18.1
World,OWID_WRL,2008,18.1
World,OWID_WRL,2009,18.1
World,OWID_WRL,2010,18
World,OWID_WRL,2011,17.9
World,OWID_WRL,2012,17.7
Yemen,YEM,1980,29.5
Yemen,YEM,1981,29
Yemen,YEM,1982,28.7
Yemen,YEM,1983,28.3
Yemen,YEM,1984,28
Yemen,YEM,1985,27.9
Yemen,YEM,1986,27.9
Yemen,YEM,1987,27.9
Yemen,YEM,1988,27.8
Yemen,YEM,1989,27.6
Yemen,YEM,1990,27.1
Yemen,YEM,1991,26.5
Yemen,YEM,1992,25.8
Yemen,YEM,1993,25.1
Yemen,YEM,1994,24.6
Yemen,YEM,1995,24.2
Yemen,YEM,1996,23.8
Yemen,YEM,1997,24
Yemen,YEM,1998,24.3
Yemen,YEM,1999,24.6
Yemen,YEM,2000,25.1
Yemen,YEM,2001,25.6
Yemen,YEM,2002,26.4
Yemen,YEM,2003,28.3
Yemen,YEM,2004,30.1
Yemen,YEM,2005,31.8
Yemen,YEM,2006,32.3
Yemen,YEM,2007,32.3
Yemen,YEM,2008,32.1
Yemen,YEM,2009,31.7
Yemen,YEM,2010,31
Yemen,YEM,2011,30.7
Yemen,YEM,2012,30.4
Zambia,ZMB,1980,12.2
Zambia,ZMB,1981,11.6
Zambia,ZMB,1982,10.9
Zambia,ZMB,1983,10.4
Zambia,ZMB,1984,9.8
Zambia,ZMB,1985,9.3
Zambia,ZMB,1986,8.8
Zambia,ZMB,1987,8.5
Zambia,ZMB,1988,8.3
Zambia,ZMB,1989,8
Zambia,ZMB,1990,7.7
Zambia,ZMB,1991,7.3
Zambia,ZMB,1992,7
Zambia,ZMB,1993,6.7
Zambia,ZMB,1994,6.2
Zambia,ZMB,1995,5.9
Zambia,ZMB,1996,5.6
Zambia,ZMB,1997,5.4
Zambia,ZMB,1998,5.2
Zambia,ZMB,1999,5.1
Zambia,ZMB,2000,5
Zambia,ZMB,2001,5
Zambia,ZMB,2002,5.1
Zambia,ZMB,2003,5.2
Zambia,ZMB,2004,5.3
Zambia,ZMB,2005,5.3
Zambia,ZMB,2006,5.4
Zambia,ZMB,2007,5.6
Zambia,ZMB,2008,5.8
Zambia,ZMB,2009,6.1
Zambia,ZMB,2010,6.4
Zambia,ZMB,2011,6.8
Zambia,ZMB,2012,7.2
Zimbabwe,ZWE,1980,29
Zimbabwe,ZWE,1981,28.5
Zimbabwe,ZWE,1982,28
Zimbabwe,ZWE,1983,27.4
Zimbabwe,ZWE,1984,26.8
Zimbabwe,ZWE,1985,26.2
Zimbabwe,ZWE,1986,25.5
Zimbabwe,ZWE,1987,24.9
Zimbabwe,ZWE,1988,24.3
Zimbabwe,ZWE,1989,23.7
Zimbabwe,ZWE,1990,23.2
Zimbabwe,ZWE,1991,22.8
Zimbabwe,ZWE,1992,22.5
Zimbabwe,ZWE,1993,22.2
Zimbabwe,ZWE,1994,21.9
Zimbabwe,ZWE,1995,21.6
Zimbabwe,ZWE,1996,21.4
Zimbabwe,ZWE,1997,21.1
Zimbabwe,ZWE,1998,20.9
Zimbabwe,ZWE,1999,20.8
Zimbabwe,ZWE,2000,20.7
Zimbabwe,ZWE,2001,20.6
Zimbabwe,ZWE,2002,20.6
Zimbabwe,ZWE,2003,20.5
Zimbabwe,ZWE,2004,20.2
Zimbabwe,ZWE,2005,19.9
Zimbabwe,ZWE,2006,19.9
Zimbabwe,ZWE,2007,20
Zimbabwe,ZWE,2008,20.1
Zimbabwe,ZWE,2009,20.3
Zimbabwe,ZWE,2010,20.5
Zimbabwe,ZWE,2011,20.6
Zimbabwe,ZWE,2012,20.6