population_group_id,population_group_name,measure_id,measure_name,location_id,location_name,sex_id,sex_name,age_id,age_name,cause_id,cause_name,rei_id,rei_name,metric_id,metric_name,year,val,upper,lower
1,All Population,1,Deaths,13,Malaysia,3,Both,22,All ages,322,Lower respiratory infections,100,Secondhand smoke,1,Number,1990,1017.8141695609028,1527.1927206046557,686.7127681289649
1,All Population,1,Deaths,13,Malaysia,3,Both,22,All ages,322,Lower respiratory infections,100,Secondhand smoke,2,Percent,1990,0.12167141793316608,0.16106780567357687,0.08558713645845928
1,All Population,1,Deaths,13,Malaysia,3,Both,22,All ages,322,Lower respiratory infections,100,Secondhand smoke,3,Rate,1990,5.749318345385606,8.626640685597483,3.879028641856754
1,All Population,1,Deaths,13,Malaysia,3,Both,22,All ages,494,Stroke,100,Secondhand smoke,1,Number,1990,657.5109366412536,930.3160361386272,396.80160612211625
1,All Population,1,Deaths,13,Malaysia,3,Both,22,All ages,494,Stroke,100,Secondhand smoke,2,Percent,1990,0.05766912140086751,0.0765334834669785,0.03898347188730456
1,All Population,1,Deaths,13,Malaysia,3,Both,22,All ages,494,Stroke,100,Secondhand smoke,3,Rate,1990,3.714076501758737,5.255068374500734,2.241409897585286
1,All Population,1,Deaths,13,Malaysia,3,Both,22,All ages,329,Otitis media,100,Secondhand smoke,1,Number,1990,0.014997620979203185,0.0518029654290101,0.001888094566281863
1,All Population,1,Deaths,13,Malaysia,3,Both,22,All ages,329,Otitis media,100,Secondhand smoke,2,Percent,1990,0.010773340592366532,0.02620350146044581,0.004391417063197253
1,All Population,1,Deaths,13,Malaysia,3,Both,22,All ages,329,Otitis media,100,Secondhand smoke,3,Rate,1990,8.471693557780973e-05,0.000292618975441138,1.0665263908076933e-05
1,All Population,1,Deaths,13,Malaysia,3,Both,22,All ages,322,Lower respiratory infections,100,Secondhand smoke,1,Number,1991,1027.4104560899732,1550.5187442102078,695.1451887691302
1,All Population,1,Deaths,13,Malaysia,3,Both,22,All ages,322,Lower respiratory infections,100,Secondhand smoke,2,Percent,1991,0.12086930692647038,0.15959213153007318,0.08414154583729587
1,All Population,1,Deaths,13,Malaysia,3,Both,22,All ages,322,Lower respiratory infections,100,Secondhand smoke,3,Rate,1991,5.635428850069211,8.504719814658076,3.8129271787684638
1,All Population,1,Deaths,13,Malaysia,3,Both,22,All ages,429,Breast cancer,100,Secondhand smoke,1,Number,1990,76.39470183699729,118.61011257818318,41.92975920997149
1,All Population,1,Deaths,13,Malaysia,3,Both,22,All ages,429,Breast cancer,100,Secondhand smoke,2,Percent,1990,0.10196462205971456,0.1395460867837971,0.06336495451897944
1,All Population,1,Deaths,13,Malaysia,3,Both,22,All ages,429,Breast cancer,100,Secondhand smoke,3,Rate,1990,0.4315301102078342,0.6699919460624055,0.2368482784509569
1,All Population,1,Deaths,13,Malaysia,3,Both,22,All ages,426,"Tracheal, bronchus, and lung cancer",100,Secondhand smoke,1,Number,1990,194.76181723601863,261.1148574353375,137.99090925314835
1,All Population,1,Deaths,13,Malaysia,3,Both,22,All ages,426,"Tracheal, bronchus, and lung cancer",100,Secondhand smoke,2,Percent,1990,0.11144790399721556,0.1363227787258622,0.08630853530880983
1,All Population,1,Deaths,13,Malaysia,3,Both,22,All ages,426,"Tracheal, bronchus, and lung cancer",100,Secondhand smoke,3,Rate,1990,1.1001494401465781,1.4749573006567422,0.7794680893544924
1,All Population,1,Deaths,13,Malaysia,3,Both,22,All ages,329,Otitis media,100,Secondhand smoke,1,Number,1991,0.013415717832026873,0.045120039676362286,0.00189537596632752
1,All Population,1,Deaths,13,Malaysia,3,Both,22,All ages,329,Otitis media,100,Secondhand smoke,2,Percent,1991,0.010447970134834932,0.02407661101282611,0.004584343533804037
1,All Population,1,Deaths,13,Malaysia,3,Both,22,All ages,329,Otitis media,100,Secondhand smoke,3,Rate,1991,7.35862895562856e-05,0.00024748704064792216,1.039628936911902e-05
1,All Population,1,Deaths,13,Malaysia,3,Both,22,All ages,429,Breast cancer,100,Secondhand smoke,1,Number,1992,85.66238722396452,130.0748642473896,48.407515566160114
1,All Population,1,Deaths,13,Malaysia,3,Both,22,All ages,429,Breast cancer,100,Secondhand smoke,2,Percent,1992,0.10138442495580434,0.1379887051438781,0.06322313449543411
1,All Population,1,Deaths,13,Malaysia,3,Both,22,All ages,429,Breast cancer,100,Secondhand smoke,3,Rate,1992,0.45561726243021816,0.6918363529191771,0.2574677222762706
1,All Population,1,Deaths,13,Malaysia,3,Both,22,All ages,429,Breast cancer,100,Secondhand smoke,1,Number,1991,81.68040186530494,123.36309398443107,45.60572570195666
1,All Population,1,Deaths,13,Malaysia,3,Both,22,All ages,429,Breast cancer,100,Secondhand smoke,2,Percent,1991,0.10163175535824263,0.13861984355882317,0.06323970976573545
1,All Population,1,Deaths,13,Malaysia,3,Both,22,All ages,429,Breast cancer,100,Secondhand smoke,3,Rate,1991,0.4480235629572726,0.6766564762435914,0.25015106749764526
1,All Population,1,Deaths,13,Malaysia,3,Both,22,All ages,494,Stroke,100,Secondhand smoke,1,Number,1992,678.6575284025015,964.0299393400919,409.81109128195027
1,All Population,1,Deaths,13,Malaysia,3,Both,22,All ages,494,Stroke,100,Secondhand smoke,2,Percent,1992,0.05745110253583676,0.07699940799624663,0.038206385358558026
1,All Population,1,Deaths,13,Malaysia,3,Both,22,All ages,494,Stroke,100,Secondhand smoke,3,Rate,1992,3.6096132181091365,5.127439195857776,2.1796848485584515
1,All Population,1,Deaths,13,Malaysia,3,Both,22,All ages,493,Ischemic heart disease,100,Secondhand smoke,1,Number,1992,1345.3876320690458,1813.622061300526,972.4952192158205
1,All Population,1,Deaths,13,Malaysia,3,Both,22,All ages,493,Ischemic heart disease,100,Secondhand smoke,2,Percent,1992,0.08585553456662454,0.10824463118858282,0.06619228240856377
1,All Population,1,Deaths,13,Malaysia,3,Both,22,All ages,493,Ischemic heart disease,100,Secondhand smoke,3,Rate,1992,7.155787384586067,9.646211662212798,5.1724639467160625
1,All Population,1,Deaths,13,Malaysia,3,Both,22,All ages,426,"Tracheal, bronchus, and lung cancer",100,Secondhand smoke,1,Number,1991,207.02121675832885,275.6385158162161,146.8435670444325
1,All Population,1,Deaths,13,Malaysia,3,Both,22,All ages,426,"Tracheal, bronchus, and lung cancer",100,Secondhand smoke,2,Percent,1991,0.11146477108534888,0.13590698101373846,0.08619936186637187
1,All Population,1,Deaths,13,Malaysia,3,Both,22,All ages,426,"Tracheal, bronchus, and lung cancer",100,Secondhand smoke,3,Rate,1991,1.1355279971903949,1.511899392315443,0.8054487563992615
1,All Population,1,Deaths,13,Malaysia,3,Both,22,All ages,493,Ischemic heart disease,100,Secondhand smoke,1,Number,1991,1333.6216883078162,1776.4839713365336,951.4660800345328
1,All Population,1,Deaths,13,Malaysia,3,Both,22,All ages,493,Ischemic heart disease,100,Secondhand smoke,2,Percent,1991,0.08606833552877448,0.10884668620594479,0.06644349654395675
1,All Population,1,Deaths,13,Malaysia,3,Both,22,All ages,493,Ischemic heart disease,100,Secondhand smoke,3,Rate,1991,7.315022046758024,9.744157229872217,5.2188678492671565
1,All Population,1,Deaths,13,Malaysia,3,Both,22,All ages,515,Asthma,100,Secondhand smoke,1,Number,1990,45.61087512912484,77.57298084848921,24.192841164300308
1,All Population,1,Deaths,13,Malaysia,3,Both,22,All ages,515,Asthma,100,Secondhand smoke,2,Percent,1990,0.06929882101779306,0.09310921541424647,0.05181735377503777
1,All Population,1,Deaths,13,Malaysia,3,Both,22,All ages,515,Asthma,100,Secondhand smoke,3,Rate,1990,0.25764176700556196,0.43818584495721014,0.1366578985561951
1,All Population,1,Deaths,13,Malaysia,3,Both,22,All ages,493,Ischemic heart disease,100,Secondhand smoke,1,Number,1990,1310.6210104046502,1746.1077242236352,935.6885355234041
1,All Population,1,Deaths,13,Malaysia,3,Both,22,All ages,493,Ischemic heart disease,100,Secondhand smoke,2,Percent,1990,0.08629624374891019,0.10931162662176588,0.06706228659582136
1,All Population,1,Deaths,13,Malaysia,3,Both,22,All ages,493,Ischemic heart disease,100,Secondhand smoke,3,Rate,1990,7.403293886366341,9.863224026670183,5.285415966622383
1,All Population,1,Deaths,13,Malaysia,3,Both,22,All ages,509,Chronic obstructive pulmonary disease,100,Secondhand smoke,1,Number,1990,280.0980867851114,490.4518956781567,133.01947684244035
1,All Population,1,Deaths,13,Malaysia,3,Both,22,All ages,509,Chronic obstructive pulmonary disease,100,Secondhand smoke,2,Percent,1990,0.12231494211800033,0.18381051852898717,0.0626907948417707
1,All Population,1,Deaths,13,Malaysia,3,Both,22,All ages,509,Chronic obstructive pulmonary disease,100,Secondhand smoke,3,Rate,1990,1.5821877087403726,2.7704115011171964,0.7513860008784998
1,All Population,1,Deaths,13,Malaysia,3,Both,22,All ages,515,Asthma,100,Secondhand smoke,1,Number,1992,48.36326414071779,78.29558006666474,26.022976448509777
1,All Population,1,Deaths,13,Malaysia,3,Both,22,All ages,515,Asthma,100,Secondhand smoke,2,Percent,1992,0.06946986675345934,0.09119871757631232,0.05203312786215999
1,All Population,1,Deaths,13,Malaysia,3,Both,22,All ages,515,Asthma,100,Secondhand smoke,3,Rate,1992,0.25723235977970654,0.416435018990226,0.1384098397673319
1,All Population,1,Deaths,13,Malaysia,3,Both,22,All ages,426,"Tracheal, bronchus, and lung cancer",100,Secondhand smoke,1,Number,1992,217.32390394973385,287.7033342993964,155.41378337451144
1,All Population,1,Deaths,13,Malaysia,3,Both,22,All ages,426,"Tracheal, bronchus, and lung cancer",100,Secondhand smoke,2,Percent,1992,0.11140959402224551,0.1346437515627642,0.08654043618104706
1,All Population,1,Deaths,13,Malaysia,3,Both,22,All ages,426,"Tracheal, bronchus, and lung cancer",100,Secondhand smoke,3,Rate,1992,1.1558926313756177,1.5302235883623128,0.8266078592916987
1,All Population,1,Deaths,13,Malaysia,3,Both,22,All ages,587,Diabetes mellitus,100,Secondhand smoke,1,Number,1992,121.80362991903175,198.41585966730048,65.10680651991814
1,All Population,1,Deaths,13,Malaysia,3,Both,22,All ages,587,Diabetes mellitus,100,Secondhand smoke,2,Percent,1992,0.056401595606040474,0.0812246788489174,0.0343960075740299
1,All Population,1,Deaths,13,Malaysia,3,Both,22,All ages,587,Diabetes mellitus,100,Secondhand smoke,3,Rate,1992,0.6478436828135403,1.0553253736438415,0.3462871618861491
1,All Population,1,Deaths,13,Malaysia,3,Both,22,All ages,494,Stroke,100,Secondhand smoke,1,Number,1991,670.473616108201,950.3464358709067,401.0288511464199
1,All Population,1,Deaths,13,Malaysia,3,Both,22,All ages,494,Stroke,100,Secondhand smoke,2,Percent,1991,0.05758197438739836,0.07681715701075029,0.03863476089752814
1,All Population,1,Deaths,13,Malaysia,3,Both,22,All ages,494,Stroke,100,Secondhand smoke,3,Rate,1991,3.6776016216594734,5.212726511125122,2.199675450122861
1,All Population,1,Deaths,13,Malaysia,3,Both,22,All ages,587,Diabetes mellitus,100,Secondhand smoke,1,Number,1990,116.20417772691233,185.40206012455198,61.75709201318176
1,All Population,1,Deaths,13,Malaysia,3,Both,22,All ages,587,Diabetes mellitus,100,Secondhand smoke,2,Percent,1990,0.05658377202086868,0.08144089342312627,0.03407965892226376
1,All Population,1,Deaths,13,Malaysia,3,Both,22,All ages,587,Diabetes mellitus,100,Secondhand smoke,3,Rate,1990,0.6564015620886968,1.0472790588150576,0.3488467666177514
1,All Population,1,Deaths,13,Malaysia,3,Both,22,All ages,509,Chronic obstructive pulmonary disease,100,Secondhand smoke,1,Number,1991,289.6550112482853,490.36979784156597,134.0743516324241
1,All Population,1,Deaths,13,Malaysia,3,Both,22,All ages,509,Chronic obstructive pulmonary disease,100,Secondhand smoke,2,Percent,1991,0.12241637399958955,0.18448957356011791,0.06206214341115715
1,All Population,1,Deaths,13,Malaysia,3,Both,22,All ages,509,Chronic obstructive pulmonary disease,100,Secondhand smoke,3,Rate,1991,1.5887809952488565,2.6897177165938477,0.7354085845292581
1,All Population,1,Deaths,13,Malaysia,3,Both,22,All ages,509,Chronic obstructive pulmonary disease,100,Secondhand smoke,1,Number,1992,302.3440455649158,506.06570519583715,137.65224195458302
1,All Population,1,Deaths,13,Malaysia,3,Both,22,All ages,509,Chronic obstructive pulmonary disease,100,Secondhand smoke,2,Percent,1992,0.12270853200252783,0.18572312701937801,0.06195299407031263
1,All Population,1,Deaths,13,Malaysia,3,Both,22,All ages,509,Chronic obstructive pulmonary disease,100,Secondhand smoke,3,Rate,1992,1.608093946672395,2.6916395711493943,0.7321385695539409
1,All Population,1,Deaths,13,Malaysia,3,Both,22,All ages,515,Asthma,100,Secondhand smoke,1,Number,1991,46.739259134281106,78.61819483931781,25.143593811444696
1,All Population,1,Deaths,13,Malaysia,3,Both,22,All ages,515,Asthma,100,Secondhand smoke,2,Percent,1991,0.06931903945867068,0.09150067219327407,0.05207434534756397
1,All Population,1,Deaths,13,Malaysia,3,Both,22,All ages,515,Asthma,100,Secondhand smoke,3,Rate,1991,0.25636858939376256,0.43122711153238924,0.1379146310216532
1,All Population,1,Deaths,13,Malaysia,3,Both,22,All ages,587,Diabetes mellitus,100,Secondhand smoke,1,Number,1991,118.01164773394395,189.3753458789429,63.045694803392074
1,All Population,1,Deaths,13,Malaysia,3,Both,22,All ages,587,Diabetes mellitus,100,Secondhand smoke,2,Percent,1991,0.05643806899846293,0.08116072431459594,0.03417379755622724
1,All Population,1,Deaths,13,Malaysia,3,Both,22,All ages,587,Diabetes mellitus,100,Secondhand smoke,3,Rate,1991,0.6473033638523064,1.0387389784989411,0.34581069840365775
1,All Population,1,Deaths,13,Malaysia,3,Both,22,All ages,509,Chronic obstructive pulmonary disease,100,Secondhand smoke,1,Number,1993,318.80707395162096,542.9326304395463,148.27674497733778
1,All Population,1,Deaths,13,Malaysia,3,Both,22,All ages,509,Chronic obstructive pulmonary disease,100,Secondhand smoke,2,Percent,1993,0.12310637610472357,0.1866031316203695,0.062154442661790155
1,All Population,1,Deaths,13,Malaysia,3,Both,22,All ages,509,Chronic obstructive pulmonary disease,100,Secondhand smoke,3,Rate,1993,1.64278440290086,2.7976833953420104,0.7640568351963325
1,All Population,1,Deaths,13,Malaysia,3,Both,22,All ages,509,Chronic obstructive pulmonary disease,100,Secondhand smoke,1,Number,1994,339.3892913306815,568.7421709740019,159.019465708582
1,All Population,1,Deaths,13,Malaysia,3,Both,22,All ages,509,Chronic obstructive pulmonary disease,100,Secondhand smoke,2,Percent,1994,0.12324655314634828,0.1864514191725592,0.062394478646141
1,All Population,1,Deaths,13,Malaysia,3,Both,22,All ages,509,Chronic obstructive pulmonary disease,100,Secondhand smoke,3,Rate,1994,1.693788938688449,2.8384195458388977,0.7936178864020448
1,All Population,1,Deaths,13,Malaysia,3,Both,22,All ages,494,Stroke,100,Secondhand smoke,1,Number,1993,690.1381800926845,971.9969246522971,433.31341460279964
1,All Population,1,Deaths,13,Malaysia,3,Both,22,All ages,494,Stroke,100,Secondhand smoke,2,Percent,1993,0.057392333298997684,0.0772009805103677,0.038671360433560606
1,All Population,1,Deaths,13,Malaysia,3,Both,22,All ages,494,Stroke,100,Secondhand smoke,3,Rate,1993,3.5562204566222797,5.008613415299267,2.2328253581512874
1,All Population,1,Deaths,13,Malaysia,3,Both,22,All ages,493,Ischemic heart disease,100,Secondhand smoke,1,Number,1993,1368.600458877216,1851.087184510427,1012.4325103340763
1,All Population,1,Deaths,13,Malaysia,3,Both,22,All ages,493,Ischemic heart disease,100,Secondhand smoke,2,Percent,1993,0.08578552122194125,0.1081318660329718,0.06622552766594621
1,All Population,1,Deaths,13,Malaysia,3,Both,22,All ages,493,Ischemic heart disease,100,Secondhand smoke,3,Rate,1993,7.052276035718168,9.538487077563577,5.2169743799943875
1,All Population,1,Deaths,13,Malaysia,3,Both,22,All ages,515,Asthma,100,Secondhand smoke,1,Number,1993,50.44252303449222,79.6552079061897,27.00147886005912
1,All Population,1,Deaths,13,Malaysia,3,Both,22,All ages,515,Asthma,100,Secondhand smoke,2,Percent,1993,0.06967434995188537,0.09143200388734041,0.05220219428340639
1,All Population,1,Deaths,13,Malaysia,3,Both,22,All ages,515,Asthma,100,Secondhand smoke,3,Rate,1993,0.25992581989133023,0.4104561782025296,0.13913621105312626
1,All Population,1,Deaths,13,Malaysia,3,Both,22,All ages,587,Diabetes mellitus,100,Secondhand smoke,1,Number,1993,126.87822108343747,207.6437689450254,66.27645246510762
1,All Population,1,Deaths,13,Malaysia,3,Both,22,All ages,587,Diabetes mellitus,100,Secondhand smoke,2,Percent,1993,0.05643063757571886,0.08098183519802278,0.03446899305021648
1,All Population,1,Deaths,13,Malaysia,3,Both,22,All ages,587,Diabetes mellitus,100,Secondhand smoke,3,Rate,1993,0.6537921510967084,1.069969812006748,0.3415166452856099
1,All Population,1,Deaths,13,Malaysia,3,Both,22,All ages,322,Lower respiratory infections,100,Secondhand smoke,1,Number,1992,1043.8027723911305,1578.6729528981773,710.4928804073702
1,All Population,1,Deaths,13,Malaysia,3,Both,22,All ages,322,Lower respiratory infections,100,Secondhand smoke,2,Percent,1992,0.12031245039978435,0.15817526475135119,0.08411180618832081
1,All Population,1,Deaths,13,Malaysia,3,Both,22,All ages,322,Lower respiratory infections,100,Secondhand smoke,3,Rate,1992,5.551731361753067,8.39657488404522,3.7789376602477645
1,All Population,1,Deaths,13,Malaysia,3,Both,22,All ages,587,Diabetes mellitus,100,Secondhand smoke,1,Number,1994,131.60590835166263,210.5415100018551,68.63322313346225
1,All Population,1,Deaths,13,Malaysia,3,Both,22,All ages,587,Diabetes mellitus,100,Secondhand smoke,2,Percent,1994,0.05629940514327892,0.0808423848993986,0.03455574612580545
1,All Population,1,Deaths,13,Malaysia,3,Both,22,All ages,587,Diabetes mellitus,100,Secondhand smoke,3,Rate,1994,0.6568051424312571,1.0507487710578418,0.3425275845157028
1,All Population,1,Deaths,13,Malaysia,3,Both,22,All ages,426,"Tracheal, bronchus, and lung cancer",100,Secondhand smoke,1,Number,1994,243.62819609320127,320.3928436568626,177.56110452818942
1,All Population,1,Deaths,13,Malaysia,3,Both,22,All ages,426,"Tracheal, bronchus, and lung cancer",100,Secondhand smoke,2,Percent,1994,0.11172628235032227,0.13525931958306772,0.08742127543312479
1,All Population,1,Deaths,13,Malaysia,3,Both,22,All ages,426,"Tracheal, bronchus, and lung cancer",100,Secondhand smoke,3,Rate,1994,1.2158743785855564,1.5989834343128317,0.8861535778337682
1,All Population,1,Deaths,13,Malaysia,3,Both,22,All ages,329,Otitis media,100,Secondhand smoke,1,Number,1992,0.011906703984736675,0.04054452236825504,0.0018832336660233786
1,All Population,1,Deaths,13,Malaysia,3,Both,22,All ages,329,Otitis media,100,Secondhand smoke,2,Percent,1992,0.01005456453860612,0.02315433783878184,0.004588213447689565
1,All Population,1,Deaths,13,Malaysia,3,Both,22,All ages,329,Otitis media,100,Secondhand smoke,3,Rate,1992,6.332884303013036e-05,0.00021564638678196036,1.0016458742699574e-05
1,All Population,1,Deaths,13,Malaysia,3,Both,22,All ages,426,"Tracheal, bronchus, and lung cancer",100,Secondhand smoke,1,Number,1993,228.4489977319108,303.7167856682081,167.18135648486688
1,All Population,1,Deaths,13,Malaysia,3,Both,22,All ages,426,"Tracheal, bronchus, and lung cancer",100,Secondhand smoke,2,Percent,1993,0.11143915027871512,0.13506475094085016,0.08712249842051861
1,All Population,1,Deaths,13,Malaysia,3,Both,22,All ages,426,"Tracheal, bronchus, and lung cancer",100,Secondhand smoke,3,Rate,1993,1.1771772993634002,1.5650254939783095,0.8614706113165627
1,All Population,1,Deaths,13,Malaysia,3,Both,22,All ages,426,"Tracheal, bronchus, and lung cancer",100,Secondhand smoke,1,Number,1995,261.4521621773987,344.23845242445276,188.31431517242953
1,All Population,1,Deaths,13,Malaysia,3,Both,22,All ages,426,"Tracheal, bronchus, and lung cancer",100,Secondhand smoke,2,Percent,1995,0.11178205945823959,0.13467476651046287,0.08765449570515198
1,All Population,1,Deaths,13,Malaysia,3,Both,22,All ages,426,"Tracheal, bronchus, and lung cancer",100,Secondhand smoke,3,Rate,1995,1.2638375270735727,1.6640194168314406,0.9102953917764566
1,All Population,1,Deaths,13,Malaysia,3,Both,22,All ages,426,"Tracheal, bronchus, and lung cancer",100,Secondhand smoke,1,Number,1997,293.30885411789836,375.94206988047745,210.41909783163004
1,All Population,1,Deaths,13,Malaysia,3,Both,22,All ages,426,"Tracheal, bronchus, and lung cancer",100,Secondhand smoke,2,Percent,1997,0.11285407366119846,0.13562970469439428,0.08934647905424983
1,All Population,1,Deaths,13,Malaysia,3,Both,22,All ages,426,"Tracheal, bronchus, and lung cancer",100,Secondhand smoke,3,Rate,1997,1.3321929601663434,1.7075085593011907,0.9557121678405721
1,All Population,1,Deaths,13,Malaysia,3,Both,22,All ages,426,"Tracheal, bronchus, and lung cancer",100,Secondhand smoke,1,Number,1998,318.51668137090957,408.0344231464714,234.47760025714678
1,All Population,1,Deaths,13,Malaysia,3,Both,22,All ages,426,"Tracheal, bronchus, and lung cancer",100,Secondhand smoke,2,Percent,1998,0.1133222784869679,0.13535557460233563,0.08991330894210274
1,All Population,1,Deaths,13,Malaysia,3,Both,22,All ages,426,"Tracheal, bronchus, and lung cancer",100,Secondhand smoke,3,Rate,1998,1.4043675882280482,1.7990590517328187,1.0338320132852679
1,All Population,1,Deaths,13,Malaysia,3,Both,22,All ages,509,Chronic obstructive pulmonary disease,100,Secondhand smoke,1,Number,1995,367.6699555019106,600.9956713120423,179.1055373156757
1,All Population,1,Deaths,13,Malaysia,3,Both,22,All ages,509,Chronic obstructive pulmonary disease,100,Secondhand smoke,2,Percent,1995,0.12360713328518048,0.18595658695695738,0.06273956112585408
1,All Population,1,Deaths,13,Malaysia,3,Both,22,All ages,509,Chronic obstructive pulmonary disease,100,Secondhand smoke,3,Rate,1995,1.7772853108994264,2.905161987138441,0.8657809424143859
1,All Population,1,Deaths,13,Malaysia,3,Both,22,All ages,509,Chronic obstructive pulmonary disease,100,Secondhand smoke,1,Number,1997,403.7317791701907,652.7191371977691,197.2338472595594
1,All Population,1,Deaths,13,Malaysia,3,Both,22,All ages,509,Chronic obstructive pulmonary disease,100,Secondhand smoke,2,Percent,1997,0.12476803154559166,0.18597089509843595,0.06419974935431916
1,All Population,1,Deaths,13,Malaysia,3,Both,22,All ages,509,Chronic obstructive pulmonary disease,100,Secondhand smoke,3,Rate,1997,1.8337279166818725,2.964615037468984,0.895825472490144
1,All Population,1,Deaths,13,Malaysia,3,Both,22,All ages,509,Chronic obstructive pulmonary disease,100,Secondhand smoke,1,Number,1998,429.2521155397979,694.314520225207,213.22096195343528
1,All Population,1,Deaths,13,Malaysia,3,Both,22,All ages,509,Chronic obstructive pulmonary disease,100,Secondhand smoke,2,Percent,1998,0.12539032645490092,0.18542952155083667,0.06442694642790535
1,All Population,1,Deaths,13,Malaysia,3,Both,22,All ages,509,Chronic obstructive pulmonary disease,100,Secondhand smoke,3,Rate,1998,1.8926096920507167,3.0612927525291083,0.9401096570810832
1,All Population,1,Deaths,13,Malaysia,3,Both,22,All ages,494,Stroke,100,Secondhand smoke,1,Number,1994,711.513598361653,1004.1570025781866,443.5390831603299
1,All Population,1,Deaths,13,Malaysia,3,Both,22,All ages,494,Stroke,100,Secondhand smoke,2,Percent,1994,0.057499694581139245,0.07756861227338267,0.03881629096376271
1,All Population,1,Deaths,13,Malaysia,3,Both,22,All ages,494,Stroke,100,Secondhand smoke,3,Rate,1994,3.550948404724856,5.011442809538409,2.2135689372738523
1,All Population,1,Deaths,13,Malaysia,3,Both,22,All ages,426,"Tracheal, bronchus, and lung cancer",100,Secondhand smoke,1,Number,2000,368.89385258974454,471.39874437282725,271.9800429809234
1,All Population,1,Deaths,13,Malaysia,3,Both,22,All ages,426,"Tracheal, bronchus, and lung cancer",100,Secondhand smoke,2,Percent,2000,0.11406075492709201,0.13631151074941136,0.09079393860090232
1,All Population,1,Deaths,13,Malaysia,3,Both,22,All ages,426,"Tracheal, bronchus, and lung cancer",100,Secondhand smoke,3,Rate,2000,1.53870524466132,1.966266759939483,1.134464875573241
1,All Population,1,Deaths,13,Malaysia,3,Both,22,All ages,322,Lower respiratory infections,100,Secondhand smoke,1,Number,1993,1059.772363906609,1598.7488933285358,723.9372759507547
1,All Population,1,Deaths,13,Malaysia,3,Both,22,All ages,322,Lower respiratory infections,100,Secondhand smoke,2,Percent,1993,0.11981619393075828,0.15817895834165802,0.08464744432200055
1,All Population,1,Deaths,13,Malaysia,3,Both,22,All ages,322,Lower respiratory infections,100,Secondhand smoke,3,Rate,1993,5.4609124210190645,8.238210380845198,3.7303841814717913
1,All Population,1,Deaths,13,Malaysia,3,Both,22,All ages,515,Asthma,100,Secondhand smoke,1,Number,1994,52.84963947986053,82.17227271892598,27.907599255903197
1,All Population,1,Deaths,13,Malaysia,3,Both,22,All ages,515,Asthma,100,Secondhand smoke,2,Percent,1994,0.06962512472024701,0.09141943008820452,0.051940642855740835
1,All Population,1,Deaths,13,Malaysia,3,Both,22,All ages,515,Asthma,100,Secondhand smoke,3,Rate,1994,0.2637565092689996,0.41009687150852353,0.1392783571327889
1,All Population,1,Deaths,13,Malaysia,3,Both,22,All ages,494,Stroke,100,Secondhand smoke,1,Number,1997,752.4098880309949,1040.8299244484342,483.6902334751838
1,All Population,1,Deaths,13,Malaysia,3,Both,22,All ages,494,Stroke,100,Secondhand smoke,2,Percent,1997,0.05821374163230243,0.07897646224736124,0.03887367744864795
1,All Population,1,Deaths,13,Malaysia,3,Both,22,All ages,494,Stroke,100,Secondhand smoke,3,Rate,1997,3.4174050388248136,4.7273932532678336,2.1968948938644886
1,All Population,1,Deaths,13,Malaysia,3,Both,22,All ages,322,Lower respiratory infections,100,Secondhand smoke,1,Number,1995,1092.493723826511,1597.8625957605188,755.8300414886953
1,All Population,1,Deaths,13,Malaysia,3,Both,22,All ages,322,Lower respiratory infections,100,Secondhand smoke,2,Percent,1995,0.11855365391801777,0.1564935615937523,0.0828957794896701
1,All Population,1,Deaths,13,Malaysia,3,Both,22,All ages,322,Lower respiratory infections,100,Secondhand smoke,3,Rate,1995,5.2810217929177075,7.723931960674011,3.653618170787364
1,All Population,1,Deaths,13,Malaysia,3,Both,22,All ages,429,Breast cancer,100,Secondhand smoke,1,Number,1993,89.9321717123921,135.00056012388967,50.78221971911708
1,All Population,1,Deaths,13,Malaysia,3,Both,22,All ages,429,Breast cancer,100,Secondhand smoke,2,Percent,1993,0.10129727513284724,0.13870295068238905,0.06333612152736841
1,All Population,1,Deaths,13,Malaysia,3,Both,22,All ages,429,Breast cancer,100,Secondhand smoke,3,Rate,1993,0.46341245561740235,0.6956458393644684,0.2616762465939184
1,All Population,1,Deaths,13,Malaysia,3,Both,22,All ages,329,Otitis media,100,Secondhand smoke,1,Number,1993,0.010451779068099706,0.03078394102373709,0.0017431060939092579
1,All Population,1,Deaths,13,Malaysia,3,Both,22,All ages,329,Otitis media,100,Secondhand smoke,2,Percent,1993,0.00960984919440186,0.02206502968789607,0.004314377771283293
1,All Population,1,Deaths,13,Malaysia,3,Both,22,All ages,329,Otitis media,100,Secondhand smoke,3,Rate,1993,5.385708485955805e-05,0.00015862690104953374,8.98207015353151e-06
1,All Population,1,Deaths,13,Malaysia,3,Both,22,All ages,329,Otitis media,100,Secondhand smoke,1,Number,1997,0.005149304632466021,0.02081408059875834,0.0008211745500791293
1,All Population,1,Deaths,13,Malaysia,3,Both,22,All ages,329,Otitis media,100,Secondhand smoke,2,Percent,1997,0.007147542603259869,0.018615024332206163,0.003153491742098634
1,All Population,1,Deaths,13,Malaysia,3,Both,22,All ages,329,Otitis media,100,Secondhand smoke,3,Rate,1997,2.3387863287501663e-05,9.453642894412949e-05,3.7297304166735177e-06
1,All Population,1,Deaths,13,Malaysia,3,Both,22,All ages,515,Asthma,100,Secondhand smoke,1,Number,1997,61.28909929510865,91.32984489907355,32.824916679076445
1,All Population,1,Deaths,13,Malaysia,3,Both,22,All ages,515,Asthma,100,Secondhand smoke,2,Percent,1997,0.07037869668879092,0.09113013017310442,0.05237547230928715
1,All Population,1,Deaths,13,Malaysia,3,Both,22,All ages,515,Asthma,100,Secondhand smoke,3,Rate,1997,0.2783717759268879,0.414815218563855,0.14908899715770293
1,All Population,1,Deaths,13,Malaysia,3,Both,22,All ages,494,Stroke,100,Secondhand smoke,1,Number,1995,725.8695793153167,1018.951774544694,456.76322233408405
1,All Population,1,Deaths,13,Malaysia,3,Both,22,All ages,494,Stroke,100,Secondhand smoke,2,Percent,1995,0.05763070015357306,0.07781560183878186,0.039081374310541664
1,All Population,1,Deaths,13,Malaysia,3,Both,22,All ages,494,Stroke,100,Secondhand smoke,3,Rate,1995,3.508791843447633,4.9255262615652535,2.2079545893415755
1,All Population,1,Deaths,13,Malaysia,3,Both,22,All ages,509,Chronic obstructive pulmonary disease,100,Secondhand smoke,1,Number,2000,496.88002662788483,792.3754498527658,244.42592438488725
1,All Population,1,Deaths,13,Malaysia,3,Both,22,All ages,509,Chronic obstructive pulmonary disease,100,Secondhand smoke,2,Percent,2000,0.12658041022738506,0.19206892233913708,0.06458368404294891
1,All Population,1,Deaths,13,Malaysia,3,Both,22,All ages,509,Chronic obstructive pulmonary disease,100,Secondhand smoke,3,Rate,2000,2.072552571891347,3.3051032210755222,1.019532987990684
1,All Population,1,Deaths,13,Malaysia,3,Both,22,All ages,329,Otitis media,100,Secondhand smoke,1,Number,1994,0.00882988097854135,0.02862187969212135,0.001585376468886846
1,All Population,1,Deaths,13,Malaysia,3,Both,22,All ages,329,Otitis media,100,Secondhand smoke,2,Percent,1994,0.009070189095239722,0.021811512948108812,0.004022277764673312
1,All Population,1,Deaths,13,Malaysia,3,Both,22,All ages,329,Otitis media,100,Secondhand smoke,3,Rate,1994,4.406725584283876e-05,0.00014284311398544123,7.912132749177092e-06
1,All Population,1,Deaths,13,Malaysia,3,Both,22,All ages,587,Diabetes mellitus,100,Secondhand smoke,1,Number,1997,152.68802118410068,245.14885246333014,80.12871160627195
1,All Population,1,Deaths,13,Malaysia,3,Both,22,All ages,587,Diabetes mellitus,100,Secondhand smoke,2,Percent,1997,0.05686517467411977,0.08104633245002543,0.03393715599445817
1,All Population,1,Deaths,13,Malaysia,3,Both,22,All ages,587,Diabetes mellitus,100,Secondhand smoke,3,Rate,1997,0.6935007384448959,1.113452836010303,0.3639402766415184
1,All Population,1,Deaths,13,Malaysia,3,Both,22,All ages,322,Lower respiratory infections,100,Secondhand smoke,1,Number,1997,1061.2506830601092,1530.1080890162211,721.3450631842446
1,All Population,1,Deaths,13,Malaysia,3,Both,22,All ages,322,Lower respiratory infections,100,Secondhand smoke,2,Percent,1997,0.11844544256872641,0.15472408748819524,0.08336588547285508
1,All Population,1,Deaths,13,Malaysia,3,Both,22,All ages,322,Lower respiratory infections,100,Secondhand smoke,3,Rate,1997,4.820143235008227,6.949668228091174,3.2763102836252114
1,All Population,1,Deaths,13,Malaysia,3,Both,22,All ages,429,Breast cancer,100,Secondhand smoke,1,Number,1995,102.00056302505944,152.65311983374295,56.81281143360828
1,All Population,1,Deaths,13,Malaysia,3,Both,22,All ages,429,Breast cancer,100,Secondhand smoke,2,Percent,1995,0.10162066276500284,0.13981784215565057,0.06365556357182385
1,All Population,1,Deaths,13,Malaysia,3,Both,22,All ages,429,Breast cancer,100,Secondhand smoke,3,Rate,1995,0.49306205104639667,0.7379122049097412,0.27462830106423064
1,All Population,1,Deaths,13,Malaysia,3,Both,22,All ages,329,Otitis media,100,Secondhand smoke,1,Number,1995,0.0074586618701064375,0.024237904462275438,0.0014730774086118103
1,All Population,1,Deaths,13,Malaysia,3,Both,22,All ages,329,Otitis media,100,Secondhand smoke,2,Percent,1995,0.008300109389865192,0.02037866384554292,0.0037254098815982383
1,All Population,1,Deaths,13,Malaysia,3,Both,22,All ages,329,Otitis media,100,Secondhand smoke,3,Rate,1995,3.6054537452236664e-05,0.00011716396981357903,7.120730973434022e-06
1,All Population,1,Deaths,13,Malaysia,3,Both,22,All ages,493,Ischemic heart disease,100,Secondhand smoke,1,Number,1995,1454.028652360726,1959.2435833115826,1088.8963171830003
1,All Population,1,Deaths,13,Malaysia,3,Both,22,All ages,493,Ischemic heart disease,100,Secondhand smoke,2,Percent,1995,0.0860341620894804,0.10771846296950909,0.06642399078637665
1,All Population,1,Deaths,13,Malaysia,3,Both,22,All ages,493,Ischemic heart disease,100,Secondhand smoke,3,Rate,1995,7.028650904966794,9.470816935096396,5.263632235002603
1,All Population,1,Deaths,13,Malaysia,3,Both,22,All ages,515,Asthma,100,Secondhand smoke,1,Number,1995,56.882513672390864,89.43720327937365,30.2688343239494
1,All Population,1,Deaths,13,Malaysia,3,Both,22,All ages,515,Asthma,100,Secondhand smoke,2,Percent,1995,0.06975933070504009,0.09128309952863192,0.051946866933393225
1,All Population,1,Deaths,13,Malaysia,3,Both,22,All ages,515,Asthma,100,Secondhand smoke,3,Rate,1995,0.27496523576142673,0.43233183799139874,0.14631697210223663
1,All Population,1,Deaths,13,Malaysia,3,Both,22,All ages,587,Diabetes mellitus,100,Secondhand smoke,1,Number,1995,141.15625107558458,223.57528749434832,71.72718067599561
1,All Population,1,Deaths,13,Malaysia,3,Both,22,All ages,587,Diabetes mellitus,100,Secondhand smoke,2,Percent,1995,0.056406525573442085,0.0806893158983505,0.03458457341299973
1,All Population,1,Deaths,13,Malaysia,3,Both,22,All ages,587,Diabetes mellitus,100,Secondhand smoke,3,Rate,1995,0.6823373186307696,1.0807439346013048,0.34672309417736413
1,All Population,1,Deaths,13,Malaysia,3,Both,22,All ages,494,Stroke,100,Secondhand smoke,1,Number,1998,787.0961517307678,1094.149845902785,513.2078004697129
1,All Population,1,Deaths,13,Malaysia,3,Both,22,All ages,494,Stroke,100,Secondhand smoke,2,Percent,1998,0.058469083224356434,0.07968213819743669,0.03908815528413282
1,All Population,1,Deaths,13,Malaysia,3,Both,22,All ages,494,Stroke,100,Secondhand smoke,3,Rate,1998,3.4703749880607435,4.824201274598998,2.2627775660081877
1,All Population,1,Deaths,13,Malaysia,3,Both,22,All ages,429,Breast cancer,100,Secondhand smoke,1,Number,1997,116.14964595271843,173.9689962952913,66.08213047663867
1,All Population,1,Deaths,13,Malaysia,3,Both,22,All ages,429,Breast cancer,100,Secondhand smoke,2,Percent,1997,0.10259672735165752,0.14146214662023265,0.06444587382134427
1,All Population,1,Deaths,13,Malaysia,3,Both,22,All ages,429,Breast cancer,100,Secondhand smoke,3,Rate,1997,0.5275454132790279,0.7901577770258296,0.30014146445911816
1,All Population,1,Deaths,13,Malaysia,3,Both,22,All ages,426,"Tracheal, bronchus, and lung cancer",100,Secondhand smoke,1,Number,2001,384.3974482752328,481.0653608566403,286.751521599257
1,All Population,1,Deaths,13,Malaysia,3,Both,22,All ages,426,"Tracheal, bronchus, and lung cancer",100,Secondhand smoke,2,Percent,2001,0.11461361400230846,0.1370362041124531,0.09106664410035605
1,All Population,1,Deaths,13,Malaysia,3,Both,22,All ages,426,"Tracheal, bronchus, and lung cancer",100,Secondhand smoke,3,Rate,2001,1.5633958922523212,1.9565572363780208,1.1662568338497121
1,All Population,1,Deaths,13,Malaysia,3,Both,22,All ages,329,Otitis media,100,Secondhand smoke,1,Number,1998,0.0042941175206840185,0.019878214826234215,0.0006867344804762955
1,All Population,1,Deaths,13,Malaysia,3,Both,22,All ages,329,Otitis media,100,Secondhand smoke,2,Percent,1998,0.0065936955956736164,0.019062798678617317,0.0028964702505325938
1,All Population,1,Deaths,13,Malaysia,3,Both,22,All ages,329,Otitis media,100,Secondhand smoke,3,Rate,1998,1.893313543308065e-05,8.764476790868386e-05,3.027871701879471e-06
1,All Population,1,Deaths,13,Malaysia,3,Both,22,All ages,493,Ischemic heart disease,100,Secondhand smoke,1,Number,1997,1538.5389907381361,2031.115558584848,1165.5592988751678
1,All Population,1,Deaths,13,Malaysia,3,Both,22,All ages,493,Ischemic heart disease,100,Secondhand smoke,2,Percent,1997,0.08661474596385005,0.1077577956361212,0.06634060272574768
1,All Population,1,Deaths,13,Malaysia,3,Both,22,All ages,493,Ischemic heart disease,100,Secondhand smoke,3,Rate,1997,6.987960927967444,9.225217072183673,5.293907329486123
1,All Population,1,Deaths,13,Malaysia,3,Both,22,All ages,515,Asthma,100,Secondhand smoke,1,Number,1998,63.929598302375204,93.6064398236342,34.662360752678026
1,All Population,1,Deaths,13,Malaysia,3,Both,22,All ages,515,Asthma,100,Secondhand smoke,2,Percent,1998,0.07071277066829613,0.09148202058471308,0.05176763182438215
1,All Population,1,Deaths,13,Malaysia,3,Both,22,All ages,515,Asthma,100,Secondhand smoke,3,Rate,1998,0.2818711264913184,0.412718886721822,0.15282934558721945
1,All Population,1,Deaths,13,Malaysia,3,Both,22,All ages,587,Diabetes mellitus,100,Secondhand smoke,1,Number,1998,159.52215924149874,259.0514500939651,83.29990516694765
1,All Population,1,Deaths,13,Malaysia,3,Both,22,All ages,587,Diabetes mellitus,100,Secondhand smoke,2,Percent,1998,0.05720114566012611,0.08161315896140514,0.03358879450729289
1,All Population,1,Deaths,13,Malaysia,3,Both,22,All ages,587,Diabetes mellitus,100,Secondhand smoke,3,Rate,1998,0.7033469929382955,1.1421802419566052,0.36727648428154086
1,All Population,1,Deaths,13,Malaysia,3,Both,22,All ages,426,"Tracheal, bronchus, and lung cancer",100,Secondhand smoke,1,Number,2002,399.23944662928784,495.0050407795022,302.53578029834904
1,All Population,1,Deaths,13,Malaysia,3,Both,22,All ages,426,"Tracheal, bronchus, and lung cancer",100,Secondhand smoke,2,Percent,2002,0.11463952695109875,0.13678945554054803,0.09038367598772983
1,All Population,1,Deaths,13,Malaysia,3,Both,22,All ages,426,"Tracheal, bronchus, and lung cancer",100,Secondhand smoke,3,Rate,2002,1.5860728992490118,1.9665243171750892,1.2018947682540042
1,All Population,1,Deaths,13,Malaysia,3,Both,22,All ages,322,Lower respiratory infections,100,Secondhand smoke,1,Number,1994,1069.3685853549011,1585.698046540405,727.4293255176309
1,All Population,1,Deaths,13,Malaysia,3,Both,22,All ages,322,Lower respiratory infections,100,Secondhand smoke,2,Percent,1994,0.11904724850444737,0.15684845211544707,0.08381548284235855
1,All Population,1,Deaths,13,Malaysia,3,Both,22,All ages,322,Lower respiratory infections,100,Secondhand smoke,3,Rate,1994,5.336894025599158,7.913737645638004,3.6303789680825918
1,All Population,1,Deaths,13,Malaysia,3,Both,22,All ages,509,Chronic obstructive pulmonary disease,100,Secondhand smoke,1,Number,2001,512.0563294180672,812.7251915654039,260.2924582786521
1,All Population,1,Deaths,13,Malaysia,3,Both,22,All ages,509,Chronic obstructive pulmonary disease,100,Secondhand smoke,2,Percent,2001,0.1271318869634794,0.19396845901199444,0.0649865056194252
1,All Population,1,Deaths,13,Malaysia,3,Both,22,All ages,509,Chronic obstructive pulmonary disease,100,Secondhand smoke,3,Rate,2001,2.0826016551514894,3.3054621765167456,1.0586442805045106
1,All Population,1,Deaths,13,Malaysia,3,Both,22,All ages,429,Breast cancer,100,Secondhand smoke,1,Number,1994,96.60275531301967,143.76889748656177,54.51538333601568
1,All Population,1,Deaths,13,Malaysia,3,Both,22,All ages,429,Breast cancer,100,Secondhand smoke,2,Percent,1994,0.10139265326086216,0.1393331369321928,0.06348693676092984
1,All Population,1,Deaths,13,Malaysia,3,Both,22,All ages,429,Breast cancer,100,Secondhand smoke,3,Rate,1994,0.48211503007203893,0.717506929388958,0.2720697312542354
1,All Population,1,Deaths,13,Malaysia,3,Both,22,All ages,322,Lower respiratory infections,100,Secondhand smoke,1,Number,1998,1055.056611483673,1529.7727133886735,700.28939375559
1,All Population,1,Deaths,13,Malaysia,3,Both,22,All ages,322,Lower respiratory infections,100,Secondhand smoke,2,Percent,1998,0.11836071723694912,0.15475178189349098,0.08375528221766043
1,All Population,1,Deaths,13,Malaysia,3,Both,22,All ages,322,Lower respiratory infections,100,Secondhand smoke,3,Rate,1998,4.651835823907674,6.744900162817473,3.087636486532981
1,All Population,1,Deaths,13,Malaysia,3,Both,22,All ages,509,Chronic obstructive pulmonary disease,100,Secondhand smoke,1,Number,2002,527.2722740735526,813.5328466819859,274.44061581500193
1,All Population,1,Deaths,13,Malaysia,3,Both,22,All ages,509,Chronic obstructive pulmonary disease,100,Secondhand smoke,2,Percent,2002,0.12754538572720645,0.19448610650039322,0.0654780390587189
1,All Population,1,Deaths,13,Malaysia,3,Both,22,All ages,509,Chronic obstructive pulmonary disease,100,Secondhand smoke,3,Rate,2002,2.0947135146442473,3.231951180338458,1.0902800985033037
1,All Population,1,Deaths,13,Malaysia,3,Both,22,All ages,493,Ischemic heart disease,100,Secondhand smoke,1,Number,1994,1416.0424547078758,1883.9859525040351,1042.1383747977443
1,All Population,1,Deaths,13,Malaysia,3,Both,22,All ages,493,Ischemic heart disease,100,Secondhand smoke,2,Percent,1994,0.08590064562338326,0.10792005352798838,0.06640962152062405
1,All Population,1,Deaths,13,Malaysia,3,Both,22,All ages,493,Ischemic heart disease,100,Secondhand smoke,3,Rate,1994,7.067038082119389,9.402402045403825,5.200996309854993
1,All Population,1,Deaths,13,Malaysia,3,Both,22,All ages,429,Breast cancer,100,Secondhand smoke,1,Number,1998,125.73562652016886,191.38900211075173,70.96779906423468
1,All Population,1,Deaths,13,Malaysia,3,Both,22,All ages,429,Breast cancer,100,Secondhand smoke,2,Percent,1998,0.1030878969854347,0.14255326784118677,0.06487636915644575
1,All Population,1,Deaths,13,Malaysia,3,Both,22,All ages,429,Breast cancer,100,Secondhand smoke,3,Rate,1998,0.5543792488684369,0.8438506584672626,0.3129031621977539
1,All Population,1,Deaths,13,Malaysia,3,Both,22,All ages,426,"Tracheal, bronchus, and lung cancer",100,Secondhand smoke,1,Number,2003,408.4436356506245,507.2191165846674,308.64567649258083
1,All Population,1,Deaths,13,Malaysia,3,Both,22,All ages,426,"Tracheal, bronchus, and lung cancer",100,Secondhand smoke,2,Percent,2003,0.1145478097753514,0.13665425789970173,0.09004082799686863
1,All Population,1,Deaths,13,Malaysia,3,Both,22,All ages,426,"Tracheal, bronchus, and lung cancer",100,Secondhand smoke,3,Rate,2003,1.5874181065815842,1.971309476736573,1.1995528700110263
1,All Population,1,Deaths,13,Malaysia,3,Both,22,All ages,493,Ischemic heart disease,100,Secondhand smoke,1,Number,1998,1633.0847981610307,2154.5368801168433,1249.282110997321
1,All Population,1,Deaths,13,Malaysia,3,Both,22,All ages,493,Ischemic heart disease,100,Secondhand smoke,2,Percent,1998,0.08678789534429714,0.10762964307670106,0.06661867473851142
1,All Population,1,Deaths,13,Malaysia,3,Both,22,All ages,493,Ischemic heart disease,100,Secondhand smoke,3,Rate,1998,7.200412077302141,9.49953939321189,5.508192844677767
1,All Population,1,Deaths,13,Malaysia,3,Both,22,All ages,329,Otitis media,100,Secondhand smoke,1,Number,2000,0.0029201026748320574,0.015057101399935498,0.0005976459806707778
1,All Population,1,Deaths,13,Malaysia,3,Both,22,All ages,329,Otitis media,100,Secondhand smoke,2,Percent,2000,0.0053198770805839065,0.017865668692986964,0.0021255343511138876
1,All Population,1,Deaths,13,Malaysia,3,Both,22,All ages,329,Otitis media,100,Secondhand smoke,3,Rate,2000,1.2180136017909201e-05,6.280516937549572e-05,2.49286074694119e-06
1,All Population,1,Deaths,13,Malaysia,3,Both,22,All ages,494,Stroke,100,Secondhand smoke,1,Number,2000,811.707619840399,1129.276562144531,536.4615206137134
1,All Population,1,Deaths,13,Malaysia,3,Both,22,All ages,494,Stroke,100,Secondhand smoke,2,Percent,2000,0.05895074248641036,0.08013600081322235,0.039476883368193785
1,All Population,1,Deaths,13,Malaysia,3,Both,22,All ages,494,Stroke,100,Secondhand smoke,3,Rate,2000,3.3857402692177616,4.710362497629763,2.2376522393429985
1,All Population,1,Deaths,13,Malaysia,3,Both,22,All ages,515,Asthma,100,Secondhand smoke,1,Number,2000,70.63923180016056,102.44798572270209,38.589961141736005
1,All Population,1,Deaths,13,Malaysia,3,Both,22,All ages,515,Asthma,100,Secondhand smoke,2,Percent,2000,0.07140509373395297,0.09184088652859543,0.05196230129231359
1,All Population,1,Deaths,13,Malaysia,3,Both,22,All ages,515,Asthma,100,Secondhand smoke,3,Rate,2000,0.2946456160402156,0.4273241525437449,0.160963852293039
1,All Population,1,Deaths,13,Malaysia,3,Both,22,All ages,509,Chronic obstructive pulmonary disease,100,Secondhand smoke,1,Number,2003,550.1733973001056,838.1094402017033,289.0697823382439
1,All Population,1,Deaths,13,Malaysia,3,Both,22,All ages,509,Chronic obstructive pulmonary disease,100,Secondhand smoke,2,Percent,2003,0.12762982602514303,0.19489689334873567,0.0656580265345371
1,All Population,1,Deaths,13,Malaysia,3,Both,22,All ages,509,Chronic obstructive pulmonary disease,100,Secondhand smoke,3,Rate,2003,2.1382514903004726,3.2573162721800006,1.1234710655201365
1,All Population,1,Deaths,13,Malaysia,3,Both,22,All ages,322,Lower respiratory infections,100,Secondhand smoke,1,Number,2000,1066.2266481555112,1576.0069893069644,700.9972446653447
1,All Population,1,Deaths,13,Malaysia,3,Both,22,All ages,322,Lower respiratory infections,100,Secondhand smoke,2,Percent,2000,0.11743544771826106,0.15329233734226727,0.08490357798520573
1,All Population,1,Deaths,13,Malaysia,3,Both,22,All ages,322,Lower respiratory infections,100,Secondhand smoke,3,Rate,2000,4.447372933967282,6.573734430772513,2.9239525931034374
1,All Population,1,Deaths,13,Malaysia,3,Both,22,All ages,587,Diabetes mellitus,100,Secondhand smoke,1,Number,2000,178.01566944321652,284.3614160214215,96.53708161283882
1,All Population,1,Deaths,13,Malaysia,3,Both,22,All ages,587,Diabetes mellitus,100,Secondhand smoke,2,Percent,2000,0.05770238759776874,0.08181801777016828,0.032851745230561565
1,All Population,1,Deaths,13,Malaysia,3,Both,22,All ages,587,Diabetes mellitus,100,Secondhand smoke,3,Rate,2000,0.7425269959941532,1.186109226650867,0.4026689865910293
1,All Population,1,Deaths,13,Malaysia,3,Both,22,All ages,429,Breast cancer,100,Secondhand smoke,1,Number,2000,140.33002120082259,210.92492996039007,81.58980532842544
1,All Population,1,Deaths,13,Malaysia,3,Both,22,All ages,429,Breast cancer,100,Secondhand smoke,2,Percent,2000,0.10370029853419968,0.14307093240231855,0.06515812797195679
1,All Population,1,Deaths,13,Malaysia,3,Both,22,All ages,429,Breast cancer,100,Secondhand smoke,3,Rate,2000,0.5853351528882128,0.8797958916404466,0.3403219123560816
1,All Population,1,Deaths,13,Malaysia,3,Both,22,All ages,493,Ischemic heart disease,100,Secondhand smoke,1,Number,2000,1776.0968683846818,2288.102663163335,1357.2658515945118
1,All Population,1,Deaths,13,Malaysia,3,Both,22,All ages,493,Ischemic heart disease,100,Secondhand smoke,2,Percent,2000,0.08712037869878328,0.10802255851544995,0.06705877446847974
1,All Population,1,Deaths,13,Malaysia,3,Both,22,All ages,493,Ischemic heart disease,100,Secondhand smoke,3,Rate,2000,7.408335886392134,9.54398004579498,5.661336098681977
1,All Population,1,Deaths,13,Malaysia,3,Both,22,All ages,426,"Tracheal, bronchus, and lung cancer",100,Secondhand smoke,1,Number,2004,415.60460086297513,510.3463492818352,315.46048259164735
1,All Population,1,Deaths,13,Malaysia,3,Both,22,All ages,426,"Tracheal, bronchus, and lung cancer",100,Secondhand smoke,2,Percent,2004,0.11445039016698626,0.1364918429466373,0.08946289070001609
1,All Population,1,Deaths,13,Malaysia,3,Both,22,All ages,426,"Tracheal, bronchus, and lung cancer",100,Secondhand smoke,3,Rate,2004,1.5822181481468673,1.9429025905813915,1.2009667350728768
1,All Population,1,Deaths,13,Malaysia,3,Both,22,All ages,509,Chronic obstructive pulmonary disease,100,Secondhand smoke,1,Number,2004,553.6524415508748,856.0976179053594,290.44217156408104
1,All Population,1,Deaths,13,Malaysia,3,Both,22,All ages,509,Chronic obstructive pulmonary disease,100,Secondhand smoke,2,Percent,2004,0.12771137586546472,0.19072975852633067,0.06563910184888716
1,All Population,1,Deaths,13,Malaysia,3,Both,22,All ages,509,Chronic obstructive pulmonary disease,100,Secondhand smoke,3,Rate,2004,2.1077700751355106,3.2591871813318822,1.1057213367745806
1,All Population,1,Deaths,13,Malaysia,3,Both,22,All ages,329,Otitis media,100,Secondhand smoke,1,Number,2001,0.0024327936589189796,0.01229901925425233,0.0004953625701239874
1,All Population,1,Deaths,13,Malaysia,3,Both,22,All ages,329,Otitis media,100,Secondhand smoke,2,Percent,2001,0.004853050830089403,0.0177818761935161,0.0018923942594849836
1,All Population,1,Deaths,13,Malaysia,3,Both,22,All ages,329,Otitis media,100,Secondhand smoke,3,Rate,2001,9.894497557455535e-06,5.002175812328152e-05,2.0147059008385548e-06
1,All Population,1,Deaths,13,Malaysia,3,Both,22,All ages,494,Stroke,100,Secondhand smoke,1,Number,2001,808.2807172080351,1138.3376500876548,531.1762934445597
1,All Population,1,Deaths,13,Malaysia,3,Both,22,All ages,494,Stroke,100,Secondhand smoke,2,Percent,2001,0.059160191180629894,0.07968471034702625,0.03974979868029269
1,All Population,1,Deaths,13,Malaysia,3,Both,22,All ages,494,Stroke,100,Secondhand smoke,3,Rate,2001,3.287385904198323,4.629771644240821,2.1603651089755296
1,All Population,1,Deaths,13,Malaysia,3,Both,22,All ages,494,Stroke,100,Secondhand smoke,1,Number,2002,814.2610675779966,1123.937647582644,541.2397416541748
1,All Population,1,Deaths,13,Malaysia,3,Both,22,All ages,494,Stroke,100,Secondhand smoke,2,Percent,2002,0.059090357091405164,0.07978264663778936,0.03968000107209825
1,All Population,1,Deaths,13,Malaysia,3,Both,22,All ages,494,Stroke,100,Secondhand smoke,3,Rate,2002,3.2348442096660452,4.465107489570761,2.150202575126124
1,All Population,1,Deaths,13,Malaysia,3,Both,22,All ages,329,Otitis media,100,Secondhand smoke,1,Number,2002,0.002270968862879447,0.010856968492099816,0.00047320524070042507
1,All Population,1,Deaths,13,Malaysia,3,Both,22,All ages,329,Otitis media,100,Secondhand smoke,2,Percent,2002,0.004642419953255126,0.01693982477985745,0.0018589427021721268
1,All Population,1,Deaths,13,Malaysia,3,Both,22,All ages,329,Otitis media,100,Secondhand smoke,3,Rate,2002,9.021959625637866e-06,4.313186895409521e-05,1.879919467863753e-06
1,All Population,1,Deaths,13,Malaysia,3,Both,22,All ages,515,Asthma,100,Secondhand smoke,1,Number,2002,71.72957429277892,104.51612019295936,40.44875324320227
1,All Population,1,Deaths,13,Malaysia,3,Both,22,All ages,515,Asthma,100,Secondhand smoke,2,Percent,2002,0.07197898650477275,0.09199508790916668,0.0531866598042843
1,All Population,1,Deaths,13,Malaysia,3,Both,22,All ages,515,Asthma,100,Secondhand smoke,3,Rate,2002,0.2849626579261452,0.4152149472510178,0.16069221583463486
1,All Population,1,Deaths,13,Malaysia,3,Both,22,All ages,587,Diabetes mellitus,100,Secondhand smoke,1,Number,2002,184.5484320965579,285.3159956140404,99.10202918086198
1,All Population,1,Deaths,13,Malaysia,3,Both,22,All ages,587,Diabetes mellitus,100,Secondhand smoke,2,Percent,2002,0.057900349435796195,0.08239386408161992,0.0329422951140067
1,All Population,1,Deaths,13,Malaysia,3,Both,22,All ages,587,Diabetes mellitus,100,Secondhand smoke,3,Rate,2002,0.7331621893040028,1.1334851107182204,0.39370619329182077
1,All Population,1,Deaths,13,Malaysia,3,Both,22,All ages,515,Asthma,100,Secondhand smoke,1,Number,2001,71.07686351527477,104.02234547055346,40.30076672176487
1,All Population,1,Deaths,13,Malaysia,3,Both,22,All ages,515,Asthma,100,Secondhand smoke,2,Percent,2001,0.07174595663270292,0.09213130743820808,0.05258178917468451
1,All Population,1,Deaths,13,Malaysia,3,Both,22,All ages,515,Asthma,100,Secondhand smoke,3,Rate,2001,0.28907912097895994,0.4230728074309998,0.1639086144565488
1,All Population,1,Deaths,13,Malaysia,3,Both,22,All ages,587,Diabetes mellitus,100,Secondhand smoke,1,Number,2001,180.71545329454327,287.32265777760045,97.7240478370509
1,All Population,1,Deaths,13,Malaysia,3,Both,22,All ages,587,Diabetes mellitus,100,Secondhand smoke,2,Percent,2001,0.057826002763201295,0.08245660733907927,0.032853488642672464
1,All Population,1,Deaths,13,Malaysia,3,Both,22,All ages,587,Diabetes mellitus,100,Secondhand smoke,3,Rate,2001,0.7349939460183683,1.1685797211611273,0.3974567876249836
1,All Population,1,Deaths,13,Malaysia,3,Both,22,All ages,322,Lower respiratory infections,100,Secondhand smoke,1,Number,2001,1048.412926992375,1554.6038290330148,696.0711664828955
1,All Population,1,Deaths,13,Malaysia,3,Both,22,All ages,322,Lower respiratory infections,100,Secondhand smoke,2,Percent,2001,0.1169230193486888,0.1532590510610786,0.08444085137936072
1,All Population,1,Deaths,13,Malaysia,3,Both,22,All ages,322,Lower respiratory infections,100,Secondhand smoke,3,Rate,2001,4.264035754655975,6.3227819312934415,2.8310146367450733
1,All Population,1,Deaths,13,Malaysia,3,Both,22,All ages,429,Breast cancer,100,Secondhand smoke,1,Number,2001,147.53286746020436,219.67773545596495,89.33248729633027
1,All Population,1,Deaths,13,Malaysia,3,Both,22,All ages,429,Breast cancer,100,Secondhand smoke,2,Percent,2001,0.10366249355705258,0.1440471437511654,0.0652489204222172
1,All Population,1,Deaths,13,Malaysia,3,Both,22,All ages,429,Breast cancer,100,Secondhand smoke,3,Rate,2001,0.6000359263424153,0.893458764547362,0.3633271872912277
1,All Population,1,Deaths,13,Malaysia,3,Both,22,All ages,493,Ischemic heart disease,100,Secondhand smoke,1,Number,2001,1824.2298489409063,2294.5874483791226,1413.9978638881119
1,All Population,1,Deaths,13,Malaysia,3,Both,22,All ages,493,Ischemic heart disease,100,Secondhand smoke,2,Percent,2001,0.08727910696129225,0.10864956194258558,0.06738428028366908
1,All Population,1,Deaths,13,Malaysia,3,Both,22,All ages,493,Ischemic heart disease,100,Secondhand smoke,3,Rate,2001,7.419387056690943,9.332394393630516,5.750918644166939
1,All Population,1,Deaths,13,Malaysia,3,Both,22,All ages,494,Stroke,100,Secondhand smoke,1,Number,2003,816.44114308507,1099.8343751680713,533.4352059450079
1,All Population,1,Deaths,13,Malaysia,3,Both,22,All ages,494,Stroke,100,Secondhand smoke,2,Percent,2003,0.05890424510124709,0.07946008021919025,0.03948673445498773
1,All Population,1,Deaths,13,Malaysia,3,Both,22,All ages,494,Stroke,100,Secondhand smoke,3,Rate,2003,3.1731023337575293,4.2745114600734,2.0731984310547706
1,All Population,1,Deaths,13,Malaysia,3,Both,22,All ages,426,"Tracheal, bronchus, and lung cancer",100,Secondhand smoke,1,Number,2005,423.3361648519406,516.4437800686904,321.29905210860727
1,All Population,1,Deaths,13,Malaysia,3,Both,22,All ages,426,"Tracheal, bronchus, and lung cancer",100,Secondhand smoke,2,Percent,2005,0.11426603545798313,0.13600614932176125,0.08945630478298484
1,All Population,1,Deaths,13,Malaysia,3,Both,22,All ages,426,"Tracheal, bronchus, and lung cancer",100,Secondhand smoke,3,Rate,2005,1.5803716229059526,1.9279550452116319,1.1994531688465946
1,All Population,1,Deaths,13,Malaysia,3,Both,22,All ages,426,"Tracheal, bronchus, and lung cancer",100,Secondhand smoke,1,Number,2006,429.20287293280705,524.7599382566715,320.57569207879595
1,All Population,1,Deaths,13,Malaysia,3,Both,22,All ages,426,"Tracheal, bronchus, and lung cancer",100,Secondhand smoke,2,Percent,2006,0.11404612282353112,0.1358948953795961,0.08952539768566047
1,All Population,1,Deaths,13,Malaysia,3,Both,22,All ages,426,"Tracheal, bronchus, and lung cancer",100,Secondhand smoke,3,Rate,2006,1.5725626610698475,1.922675585298214,1.174561950074974
1,All Population,1,Deaths,13,Malaysia,3,Both,22,All ages,426,"Tracheal, bronchus, and lung cancer",100,Secondhand smoke,1,Number,2007,439.8806039839659,545.3393383771754,329.8338600763831
1,All Population,1,Deaths,13,Malaysia,3,Both,22,All ages,426,"Tracheal, bronchus, and lung cancer",100,Secondhand smoke,2,Percent,2007,0.11387285800355022,0.13579662422737182,0.08946649779562288
1,All Population,1,Deaths,13,Malaysia,3,Both,22,All ages,426,"Tracheal, bronchus, and lung cancer",100,Secondhand smoke,3,Rate,2007,1.5828714383346787,1.9623553643866218,1.1868779659346262
1,All Population,1,Deaths,13,Malaysia,3,Both,22,All ages,509,Chronic obstructive pulmonary disease,100,Secondhand smoke,1,Number,2005,550.3037497881413,852.2053420489017,281.8399348183839
1,All Population,1,Deaths,13,Malaysia,3,Both,22,All ages,509,Chronic obstructive pulmonary disease,100,Secondhand smoke,2,Percent,2005,0.12792543869714904,0.18991245118642788,0.06654214071768252
1,All Population,1,Deaths,13,Malaysia,3,Both,22,All ages,509,Chronic obstructive pulmonary disease,100,Secondhand smoke,3,Rate,2005,2.0543589287914594,3.181398735291095,1.0521469039726807
1,All Population,1,Deaths,13,Malaysia,3,Both,22,All ages,515,Asthma,100,Secondhand smoke,1,Number,2003,72.97681532867854,104.17672332932378,41.13245853841963
1,All Population,1,Deaths,13,Malaysia,3,Both,22,All ages,515,Asthma,100,Secondhand smoke,2,Percent,2003,0.07194365413849252,0.09143574687531086,0.053543698796550715
1,All Population,1,Deaths,13,Malaysia,3,Both,22,All ages,515,Asthma,100,Secondhand smoke,3,Rate,2003,0.2836247352192709,0.4048833240696274,0.15986149312399928
1,All Population,1,Deaths,13,Malaysia,3,Both,22,All ages,322,Lower respiratory infections,100,Secondhand smoke,1,Number,2002,1052.6333406764606,1525.4256380027382,704.4848918622865
1,All Population,1,Deaths,13,Malaysia,3,Both,22,All ages,322,Lower respiratory infections,100,Secondhand smoke,2,Percent,2002,0.11651126777814864,0.1535322140328077,0.083709229187955
1,All Population,1,Deaths,13,Malaysia,3,Both,22,All ages,322,Lower respiratory infections,100,Secondhand smoke,3,Rate,2002,4.181834306676478,6.060113259555574,2.7987324507807667
1,All Population,1,Deaths,13,Malaysia,3,Both,22,All ages,329,Otitis media,100,Secondhand smoke,1,Number,2003,0.002325591419009831,0.010809838633107005,0.0004779747033442467
1,All Population,1,Deaths,13,Malaysia,3,Both,22,All ages,329,Otitis media,100,Secondhand smoke,2,Percent,2003,0.004535733854330151,0.015659617121329888,0.0018320359364894572
1,All Population,1,Deaths,13,Malaysia,3,Both,22,All ages,329,Otitis media,100,Secondhand smoke,3,Rate,2003,9.038421962840329e-06,4.2012488572835316e-05,1.8576509274480063e-06
1,All Population,1,Deaths,13,Malaysia,3,Both,22,All ages,509,Chronic obstructive pulmonary disease,100,Secondhand smoke,1,Number,2006,548.2883036965773,832.6683600581343,276.1134466336236
1,All Population,1,Deaths,13,Malaysia,3,Both,22,All ages,509,Chronic obstructive pulmonary disease,100,Secondhand smoke,2,Percent,2006,0.1281109889524592,0.1891883873020581,0.06770959892332236
1,All Population,1,Deaths,13,Malaysia,3,Both,22,All ages,509,Chronic obstructive pulmonary disease,100,Secondhand smoke,3,Rate,2006,2.0088815063210084,3.0508257391992784,1.0116560810237503
1,All Population,1,Deaths,13,Malaysia,3,Both,22,All ages,509,Chronic obstructive pulmonary disease,100,Secondhand smoke,1,Number,2007,543.0016114824892,802.2667750755223,274.10757833986565
1,All Population,1,Deaths,13,Malaysia,3,Both,22,All ages,509,Chronic obstructive pulmonary disease,100,Secondhand smoke,2,Percent,2007,0.12813102952780273,0.18847649452315726,0.06877801292285436
1,All Population,1,Deaths,13,Malaysia,3,Both,22,All ages,509,Chronic obstructive pulmonary disease,100,Secondhand smoke,3,Rate,2007,1.9539432609687575,2.8868860156384755,0.9863518710660734
1,All Population,1,Deaths,13,Malaysia,3,Both,22,All ages,587,Diabetes mellitus,100,Secondhand smoke,1,Number,2003,190.28997984362348,289.6663216213532,104.00840603051985
1,All Population,1,Deaths,13,Malaysia,3,Both,22,All ages,587,Diabetes mellitus,100,Secondhand smoke,2,Percent,2003,0.05774082084174127,0.0816690958996784,0.033054055474612785
1,All Population,1,Deaths,13,Malaysia,3,Both,22,All ages,587,Diabetes mellitus,100,Secondhand smoke,3,Rate,2003,0.7395628995996831,1.1257895182432067,0.40422915809799553
1,All Population,1,Deaths,13,Malaysia,3,Both,22,All ages,429,Breast cancer,100,Secondhand smoke,1,Number,2002,154.02342073746013,223.9439530491594,94.54432959394796
1,All Population,1,Deaths,13,Malaysia,3,Both,22,All ages,429,Breast cancer,100,Secondhand smoke,2,Percent,2002,0.10348981564872238,0.14435736709114616,0.06493217952819726
1,All Population,1,Deaths,13,Malaysia,3,Both,22,All ages,429,Breast cancer,100,Secondhand smoke,3,Rate,2002,0.6118943795354732,0.8896701913620687,0.375599656328215
1,All Population,1,Deaths,13,Malaysia,3,Both,22,All ages,493,Ischemic heart disease,100,Secondhand smoke,1,Number,2002,1877.5880760961531,2375.332278383115,1453.588238501285
1,All Population,1,Deaths,13,Malaysia,3,Both,22,All ages,493,Ischemic heart disease,100,Secondhand smoke,2,Percent,2002,0.08710404336409118,0.10866484510915939,0.06763130719896045
1,All Population,1,Deaths,13,Malaysia,3,Both,22,All ages,493,Ischemic heart disease,100,Secondhand smoke,3,Rate,2002,7.459161634933343,9.436567917481158,5.774722240547431
1,All Population,1,Deaths,13,Malaysia,3,Both,22,All ages,494,Stroke,100,Secondhand smoke,1,Number,2004,810.6493551054259,1085.4706515417195,530.6097398515215
1,All Population,1,Deaths,13,Malaysia,3,Both,22,All ages,494,Stroke,100,Secondhand smoke,2,Percent,2004,0.0586407544785681,0.07926252798662425,0.03918392070458483
1,All Population,1,Deaths,13,Malaysia,3,Both,22,All ages,494,Stroke,100,Secondhand smoke,3,Rate,2004,3.08616439463874,4.1324166300949035,2.0200458758957813
1,All Population,1,Deaths,13,Malaysia,3,Both,22,All ages,515,Asthma,100,Secondhand smoke,1,Number,2004,71.50186913422378,101.35509746783715,40.264045467241814
1,All Population,1,Deaths,13,Malaysia,3,Both,22,All ages,515,Asthma,100,Secondhand smoke,2,Percent,2004,0.07196271750060958,0.09132351511313577,0.0533142361629378
1,All Population,1,Deaths,13,Malaysia,3,Both,22,All ages,515,Asthma,100,Secondhand smoke,3,Rate,2004,0.27220958270356277,0.3858616441873299,0.15328632869751277
1,All Population,1,Deaths,13,Malaysia,3,Both,22,All ages,587,Diabetes mellitus,100,Secondhand smoke,1,Number,2004,190.3126692930814,282.1724863252527,103.00490932289462
1,All Population,1,Deaths,13,Malaysia,3,Both,22,All ages,587,Diabetes mellitus,100,Secondhand smoke,2,Percent,2004,0.05753719437784768,0.08110132594519653,0.03314625008489471
1,All Population,1,Deaths,13,Malaysia,3,Both,22,All ages,587,Diabetes mellitus,100,Secondhand smoke,3,Rate,2004,0.7245255672159038,1.074238417583678,0.39214252330339233
1,All Population,1,Deaths,13,Malaysia,3,Both,22,All ages,322,Lower respiratory infections,100,Secondhand smoke,1,Number,2003,1092.175290049066,1569.7805646302631,724.0403027851278
1,All Population,1,Deaths,13,Malaysia,3,Both,22,All ages,322,Lower respiratory infections,100,Secondhand smoke,2,Percent,2003,0.11578743953678118,0.15310898500482897,0.08286491902556656
1,All Population,1,Deaths,13,Malaysia,3,Both,22,All ages,322,Lower respiratory infections,100,Secondhand smoke,3,Rate,2003,4.244744389818061,6.100959530644926,2.813986034340027
1,All Population,1,Deaths,13,Malaysia,3,Both,22,All ages,429,Breast cancer,100,Secondhand smoke,1,Number,2003,159.69192636874888,223.3505760981429,98.9496377393395
1,All Population,1,Deaths,13,Malaysia,3,Both,22,All ages,429,Breast cancer,100,Secondhand smoke,2,Percent,2003,0.10310851617722318,0.1440782407208484,0.06466953649683035
1,All Population,1,Deaths,13,Malaysia,3,Both,22,All ages,429,Breast cancer,100,Secondhand smoke,3,Rate,2003,0.620643421187942,0.8680530620800182,0.38456823139600727
1,All Population,1,Deaths,13,Malaysia,3,Both,22,All ages,493,Ischemic heart disease,100,Secondhand smoke,1,Number,2003,1908.246372169474,2385.4663479341066,1452.7341746433433
1,All Population,1,Deaths,13,Malaysia,3,Both,22,All ages,493,Ischemic heart disease,100,Secondhand smoke,2,Percent,2003,0.08671363499562969,0.10820370858398524,0.06749263696176093
1,All Population,1,Deaths,13,Malaysia,3,Both,22,All ages,493,Ischemic heart disease,100,Secondhand smoke,3,Rate,2003,7.416408479899918,9.271126155068181,5.646058186719525
1,All Population,1,Deaths,13,Malaysia,3,Both,22,All ages,494,Stroke,100,Secondhand smoke,1,Number,2005,800.901814422673,1088.6205915238404,532.0278226879768
1,All Population,1,Deaths,13,Malaysia,3,Both,22,All ages,494,Stroke,100,Secondhand smoke,2,Percent,2005,0.058504931620010844,0.07977736543990198,0.039286394492639126
1,All Population,1,Deaths,13,Malaysia,3,Both,22,All ages,494,Stroke,100,Secondhand smoke,3,Rate,2005,2.9898756717139054,4.063969095475413,1.9861324011063042
1,All Population,1,Deaths,13,Malaysia,3,Both,22,All ages,515,Asthma,100,Secondhand smoke,1,Number,2005,68.99001475652585,98.4637620464083,40.0297575080872
1,All Population,1,Deaths,13,Malaysia,3,Both,22,All ages,515,Asthma,100,Secondhand smoke,2,Percent,2005,0.07219006295716787,0.09081047076194258,0.05371616954190417
1,All Population,1,Deaths,13,Malaysia,3,Both,22,All ages,515,Asthma,100,Secondhand smoke,3,Rate,2005,0.25754913148799613,0.3675786487013966,0.149436542610795
1,All Population,1,Deaths,13,Malaysia,3,Both,22,All ages,587,Diabetes mellitus,100,Secondhand smoke,1,Number,2005,189.46660997685012,284.6424989521452,102.72322584048831
1,All Population,1,Deaths,13,Malaysia,3,Both,22,All ages,587,Diabetes mellitus,100,Secondhand smoke,2,Percent,2005,0.05746962210769786,0.0816734834210763,0.03345796880929276
1,All Population,1,Deaths,13,Malaysia,3,Both,22,All ages,587,Diabetes mellitus,100,Secondhand smoke,3,Rate,2005,0.7073046877540622,1.0626092579979254,0.38347980779871516
1,All Population,1,Deaths,13,Malaysia,3,Both,22,All ages,322,Lower respiratory infections,100,Secondhand smoke,1,Number,2004,1121.776240531261,1612.4274078305598,743.3962630204148
1,All Population,1,Deaths,13,Malaysia,3,Both,22,All ages,322,Lower respiratory infections,100,Secondhand smoke,2,Percent,2004,0.11510912706484439,0.15145951489199247,0.08210679599365268
1,All Population,1,Deaths,13,Malaysia,3,Both,22,All ages,322,Lower respiratory infections,100,Secondhand smoke,3,Rate,2004,4.27063300609059,6.138555497079437,2.830130023039039
1,All Population,1,Deaths,13,Malaysia,3,Both,22,All ages,429,Breast cancer,100,Secondhand smoke,1,Number,2004,165.76634424107712,237.52194682679598,102.25781236555314
1,All Population,1,Deaths,13,Malaysia,3,Both,22,All ages,429,Breast cancer,100,Secondhand smoke,2,Percent,2004,0.10261096324732799,0.1435042021628286,0.06428807562983035
1,All Population,1,Deaths,13,Malaysia,3,Both,22,All ages,429,Breast cancer,100,Secondhand smoke,3,Rate,2004,0.6310770325102004,0.9042525854434342,0.38929830463527243
1,All Population,1,Deaths,13,Malaysia,3,Both,22,All ages,493,Ischemic heart disease,100,Secondhand smoke,1,Number,2004,1920.5560256924116,2398.0360112307994,1454.0549646846532
1,All Population,1,Deaths,13,Malaysia,3,Both,22,All ages,493,Ischemic heart disease,100,Secondhand smoke,2,Percent,2004,0.08623773589924533,0.10721378331587972,0.067038914622547
1,All Population,1,Deaths,13,Malaysia,3,Both,22,All ages,493,Ischemic heart disease,100,Secondhand smoke,3,Rate,2004,7.311609621437345,9.129389061142874,5.535627249433721
1,All Population,1,Deaths,13,Malaysia,3,Both,22,All ages,515,Asthma,100,Secondhand smoke,1,Number,2006,66.9632699241458,95.88936168754273,39.86691625137969
1,All Population,1,Deaths,13,Malaysia,3,Both,22,All ages,515,Asthma,100,Secondhand smoke,2,Percent,2006,0.07248407805846498,0.0910906696641686,0.05405039635732213
1,All Population,1,Deaths,13,Malaysia,3,Both,22,All ages,515,Asthma,100,Secondhand smoke,3,Rate,2006,0.2453477005554406,0.35133042971792533,0.1460689754486643
1,All Population,1,Deaths,13,Malaysia,3,Both,22,All ages,426,"Tracheal, bronchus, and lung cancer",100,Secondhand smoke,1,Number,2008,451.1224523083722,556.6804201506919,338.8287275062091
1,All Population,1,Deaths,13,Malaysia,3,Both,22,All ages,426,"Tracheal, bronchus, and lung cancer",100,Secondhand smoke,2,Percent,2008,0.11373226343214507,0.13560330410418084,0.08999841643992446
1,All Population,1,Deaths,13,Malaysia,3,Both,22,All ages,426,"Tracheal, bronchus, and lung cancer",100,Secondhand smoke,3,Rate,2008,1.5951952669916833,1.968454389506441,1.198118115542724
1,All Population,1,Deaths,13,Malaysia,3,Both,22,All ages,587,Diabetes mellitus,100,Secondhand smoke,1,Number,2006,189.34810389662536,291.8236556953222,101.28063472186366
1,All Population,1,Deaths,13,Malaysia,3,Both,22,All ages,587,Diabetes mellitus,100,Secondhand smoke,2,Percent,2006,0.05743470679005712,0.08191109417026093,0.033666909776642204
1,All Population,1,Deaths,13,Malaysia,3,Both,22,All ages,587,Diabetes mellitus,100,Secondhand smoke,3,Rate,2006,0.69375527730641,1.0692169449555629,0.3710835935573788
1,All Population,1,Deaths,13,Malaysia,3,Both,22,All ages,426,"Tracheal, bronchus, and lung cancer",100,Secondhand smoke,1,Number,2009,457.89313934830756,568.354837225011,347.38332959677734
1,All Population,1,Deaths,13,Malaysia,3,Both,22,All ages,426,"Tracheal, bronchus, and lung cancer",100,Secondhand smoke,2,Percent,2009,0.11340527398766957,0.1354088174893157,0.08994845272262193
1,All Population,1,Deaths,13,Malaysia,3,Both,22,All ages,426,"Tracheal, bronchus, and lung cancer",100,Secondhand smoke,3,Rate,2009,1.5920862241952398,1.9761595644095387,1.2078455998560003
1,All Population,1,Deaths,13,Malaysia,3,Both,22,All ages,329,Otitis media,100,Secondhand smoke,1,Number,2004,0.0024859848009252594,0.010594761324662243,0.0005559826436899494
1,All Population,1,Deaths,13,Malaysia,3,Both,22,All ages,329,Otitis media,100,Secondhand smoke,2,Percent,2004,0.004649987455733563,0.015203355676347253,0.0018257477562440719
1,All Population,1,Deaths,13,Malaysia,3,Both,22,All ages,329,Otitis media,100,Secondhand smoke,3,Rate,2004,9.464212522849455e-06,4.033454780904117e-05,2.1166412187793457e-06
1,All Population,1,Deaths,13,Malaysia,3,Both,22,All ages,509,Chronic obstructive pulmonary disease,100,Secondhand smoke,1,Number,2009,556.0357263198387,824.3539581730647,286.21039675224733
1,All Population,1,Deaths,13,Malaysia,3,Both,22,All ages,509,Chronic obstructive pulmonary disease,100,Secondhand smoke,2,Percent,2009,0.12802522208311332,0.18431272096819137,0.06929023694899941
1,All Population,1,Deaths,13,Malaysia,3,Both,22,All ages,509,Chronic obstructive pulmonary disease,100,Secondhand smoke,3,Rate,2009,1.9333262369777866,2.8662639115669593,0.9951484106952062
1,All Population,1,Deaths,13,Malaysia,3,Both,22,All ages,509,Chronic obstructive pulmonary disease,100,Secondhand smoke,1,Number,2008,550.5831049653947,812.4641143206079,283.46547453658945
1,All Population,1,Deaths,13,Malaysia,3,Both,22,All ages,509,Chronic obstructive pulmonary disease,100,Secondhand smoke,2,Percent,2008,0.1280036822954282,0.18648673387479797,0.06916687136807803
1,All Population,1,Deaths,13,Malaysia,3,Both,22,All ages,509,Chronic obstructive pulmonary disease,100,Secondhand smoke,3,Rate,2008,1.9468939278730804,2.8729204302136897,1.002350428409229
1,All Population,1,Deaths,13,Malaysia,3,Both,22,All ages,322,Lower respiratory infections,100,Secondhand smoke,1,Number,2005,1163.163101682693,1630.2664789759765,773.283776944387
1,All Population,1,Deaths,13,Malaysia,3,Both,22,All ages,322,Lower respiratory infections,100,Secondhand smoke,2,Percent,2005,0.11465285457879772,0.1508579615422289,0.08181693746082036
1,All Population,1,Deaths,13,Malaysia,3,Both,22,All ages,322,Lower respiratory infections,100,Secondhand smoke,3,Rate,2005,4.342246449351928,6.086007043715553,2.886773772242824
1,All Population,1,Deaths,13,Malaysia,3,Both,22,All ages,322,Lower respiratory infections,100,Secondhand smoke,1,Number,2006,1231.4120275986468,1705.3444299014861,809.2548765510395
1,All Population,1,Deaths,13,Malaysia,3,Both,22,All ages,322,Lower respiratory infections,100,Secondhand smoke,2,Percent,2006,0.11427492554560922,0.14918769917229824,0.08241253542650635
1,All Population,1,Deaths,13,Malaysia,3,Both,22,All ages,322,Lower respiratory infections,100,Secondhand smoke,3,Rate,2006,4.511788473739092,6.248236309327684,2.9650407357643265
1,All Population,1,Deaths,13,Malaysia,3,Both,22,All ages,429,Breast cancer,100,Secondhand smoke,1,Number,2005,172.22712997687844,242.75150319466397,106.64297416071642
1,All Population,1,Deaths,13,Malaysia,3,Both,22,All ages,429,Breast cancer,100,Secondhand smoke,2,Percent,2005,0.10214337011588058,0.14289992207262486,0.06375000794561052
1,All Population,1,Deaths,13,Malaysia,3,Both,22,All ages,429,Breast cancer,100,Secondhand smoke,3,Rate,2005,0.6429473584076821,0.9062244592327379,0.39811276271384344
1,All Population,1,Deaths,13,Malaysia,3,Both,22,All ages,493,Ischemic heart disease,100,Secondhand smoke,1,Number,2005,1930.4929280536192,2416.083717839071,1498.7638865637568
1,All Population,1,Deaths,13,Malaysia,3,Both,22,All ages,493,Ischemic heart disease,100,Secondhand smoke,2,Percent,2005,0.08590381421493391,0.10733613652945445,0.06610745880707278
1,All Population,1,Deaths,13,Malaysia,3,Both,22,All ages,493,Ischemic heart disease,100,Secondhand smoke,3,Rate,2005,7.206793312316233,9.019569938168207,5.595089936599216
1,All Population,1,Deaths,13,Malaysia,3,Both,22,All ages,429,Breast cancer,100,Secondhand smoke,1,Number,2006,178.24160125627103,250.51052567002876,112.43788864661776
1,All Population,1,Deaths,13,Malaysia,3,Both,22,All ages,429,Breast cancer,100,Secondhand smoke,2,Percent,2006,0.10173107891733515,0.14225448446447617,0.06338857450486458
1,All Population,1,Deaths,13,Malaysia,3,Both,22,All ages,429,Breast cancer,100,Secondhand smoke,3,Rate,2006,0.6530620004232663,0.9178491657844507,0.4119628188110506
1,All Population,1,Deaths,13,Malaysia,3,Both,22,All ages,493,Ischemic heart disease,100,Secondhand smoke,1,Number,2006,1940.0077870869402,2436.4503573323036,1497.7705705703418
1,All Population,1,Deaths,13,Malaysia,3,Both,22,All ages,493,Ischemic heart disease,100,Secondhand smoke,2,Percent,2006,0.08547577480641781,0.10652210759976292,0.06584326322670953
1,All Population,1,Deaths,13,Malaysia,3,Both,22,All ages,493,Ischemic heart disease,100,Secondhand smoke,3,Rate,2006,7.108022803554877,8.92694597151705,5.487703421074104
1,All Population,1,Deaths,13,Malaysia,3,Both,22,All ages,494,Stroke,100,Secondhand smoke,1,Number,2006,795.2835179896481,1107.0524186760572,533.7932887008723
1,All Population,1,Deaths,13,Malaysia,3,Both,22,All ages,494,Stroke,100,Secondhand smoke,2,Percent,2006,0.05825510585476758,0.07983088164658816,0.03920586943932225
1,All Population,1,Deaths,13,Malaysia,3,Both,22,All ages,494,Stroke,100,Secondhand smoke,3,Rate,2006,2.913850871521496,4.056145490269295,1.95577300963706
1,All Population,1,Deaths,13,Malaysia,3,Both,22,All ages,322,Lower respiratory infections,100,Secondhand smoke,1,Number,2007,1313.4355924181136,1822.1081240015678,869.4364012087563
1,All Population,1,Deaths,13,Malaysia,3,Both,22,All ages,322,Lower respiratory infections,100,Secondhand smoke,2,Percent,2007,0.11380849298217949,0.14728293834922837,0.08169667751354973
1,All Population,1,Deaths,13,Malaysia,3,Both,22,All ages,322,Lower respiratory infections,100,Secondhand smoke,3,Rate,2007,4.726281783059934,6.556694887017111,3.128589972955471
1,All Population,1,Deaths,13,Malaysia,3,Both,22,All ages,429,Breast cancer,100,Secondhand smoke,1,Number,2007,186.3060557922278,263.9570735114619,115.148136139121
1,All Population,1,Deaths,13,Malaysia,3,Both,22,All ages,429,Breast cancer,100,Secondhand smoke,2,Percent,2007,0.10145886589368759,0.1419168830147255,0.06319784988361316
1,All Population,1,Deaths,13,Malaysia,3,Both,22,All ages,429,Breast cancer,100,Secondhand smoke,3,Rate,2007,0.6704058597524656,0.9498261774300241,0.41435038103824134
1,All Population,1,Deaths,13,Malaysia,3,Both,22,All ages,494,Stroke,100,Secondhand smoke,1,Number,2007,806.590873056814,1113.3783480285442,541.842632419023
1,All Population,1,Deaths,13,Malaysia,3,Both,22,All ages,494,Stroke,100,Secondhand smoke,2,Percent,2007,0.057989306303957204,0.07918766343545622,0.03909493411774635
1,All Population,1,Deaths,13,Malaysia,3,Both,22,All ages,494,Stroke,100,Secondhand smoke,3,Rate,2007,2.9024458996823665,4.006393487672103,1.9497727773407603
1,All Population,1,Deaths,13,Malaysia,3,Both,22,All ages,493,Ischemic heart disease,100,Secondhand smoke,1,Number,2007,1967.0305108830842,2434.3123573240564,1484.5694326392334
1,All Population,1,Deaths,13,Malaysia,3,Both,22,All ages,493,Ischemic heart disease,100,Secondhand smoke,2,Percent,2007,0.08505520864303752,0.10512425224777283,0.06568218760811748
1,All Population,1,Deaths,13,Malaysia,3,Both,22,All ages,493,Ischemic heart disease,100,Secondhand smoke,3,Rate,2007,7.078185275300754,8.759657660499776,5.342091767326524
1,All Population,1,Deaths,13,Malaysia,3,Both,22,All ages,329,Otitis media,100,Secondhand smoke,1,Number,2005,0.002774220772248675,0.010668258104799735,0.0006892094708263397
1,All Population,1,Deaths,13,Malaysia,3,Both,22,All ages,329,Otitis media,100,Secondhand smoke,2,Percent,2005,0.004895577648498959,0.014136431260191963,0.0020635113039802386
1,All Population,1,Deaths,13,Malaysia,3,Both,22,All ages,329,Otitis media,100,Secondhand smoke,3,Rate,2005,1.0356544392259586e-05,3.982606206242402e-05,2.572912924443675e-06
1,All Population,1,Deaths,13,Malaysia,3,Both,22,All ages,515,Asthma,100,Secondhand smoke,1,Number,2007,64.65394083000793,91.35064620948773,39.55162261553173
1,All Population,1,Deaths,13,Malaysia,3,Both,22,All ages,515,Asthma,100,Secondhand smoke,2,Percent,2007,0.0725851637792789,0.0918952746213858,0.05422228804471008
1,All Population,1,Deaths,13,Malaysia,3,Both,22,All ages,515,Asthma,100,Secondhand smoke,3,Rate,2007,0.2326514863095221,0.32871721882896443,0.1423230149520282
1,All Population,1,Deaths,13,Malaysia,3,Both,22,All ages,329,Otitis media,100,Secondhand smoke,1,Number,2006,0.00337067987891346,0.01133128557208165,0.0010320407525655183
1,All Population,1,Deaths,13,Malaysia,3,Both,22,All ages,329,Otitis media,100,Secondhand smoke,2,Percent,2006,0.00539598817144422,0.014923922246203926,0.002258241881099957
1,All Population,1,Deaths,13,Malaysia,3,Both,22,All ages,329,Otitis media,100,Secondhand smoke,3,Rate,2006,1.23498831305087e-05,4.1516862342542426e-05,3.781309153634291e-06
1,All Population,1,Deaths,13,Malaysia,3,Both,22,All ages,587,Diabetes mellitus,100,Secondhand smoke,1,Number,2007,188.63369643245667,298.7830181219426,101.79212299268872
1,All Population,1,Deaths,13,Malaysia,3,Both,22,All ages,587,Diabetes mellitus,100,Secondhand smoke,2,Percent,2007,0.05732094455726802,0.08154983642626687,0.03398256405902499
1,All Population,1,Deaths,13,Malaysia,3,Both,22,All ages,587,Diabetes mellitus,100,Secondhand smoke,3,Rate,2007,0.6787816686759708,1.0751442581494115,0.36628994930281356
1,All Population,1,Deaths,13,Malaysia,3,Both,22,All ages,329,Otitis media,100,Secondhand smoke,1,Number,2007,0.00408620110017232,0.012771420841461583,0.0014174052264797879
1,All Population,1,Deaths,13,Malaysia,3,Both,22,All ages,329,Otitis media,100,Secondhand smoke,2,Percent,2007,0.005828603376365809,0.014679584478268198,0.002488093091592326
1,All Population,1,Deaths,13,Malaysia,3,Both,22,All ages,329,Otitis media,100,Secondhand smoke,3,Rate,2007,1.4703833163305992e-05,4.595682804336307e-05,5.100407313305717e-06
1,All Population,1,Deaths,13,Malaysia,3,Both,22,All ages,426,"Tracheal, bronchus, and lung cancer",100,Secondhand smoke,1,Number,2010,466.7575875603987,584.0452704594715,351.34017932086795
1,All Population,1,Deaths,13,Malaysia,3,Both,22,All ages,426,"Tracheal, bronchus, and lung cancer",100,Secondhand smoke,2,Percent,2010,0.11321083774630886,0.1367503195051153,0.09017300812176271
1,All Population,1,Deaths,13,Malaysia,3,Both,22,All ages,426,"Tracheal, bronchus, and lung cancer",100,Secondhand smoke,3,Rate,2010,1.596789388195443,1.9980334866538032,1.2019435461531731
1,All Population,1,Deaths,13,Malaysia,3,Both,22,All ages,426,"Tracheal, bronchus, and lung cancer",100,Secondhand smoke,1,Number,2011,475.41615312755687,601.257550741316,364.2170595213226
1,All Population,1,Deaths,13,Malaysia,3,Both,22,All ages,426,"Tracheal, bronchus, and lung cancer",100,Secondhand smoke,2,Percent,2011,0.1127364432639497,0.13696942220211566,0.08955224308766246
1,All Population,1,Deaths,13,Malaysia,3,Both,22,All ages,426,"Tracheal, bronchus, and lung cancer",100,Secondhand smoke,3,Rate,2011,1.600983426752133,2.0247595030456487,1.2265159107405879
1,All Population,1,Deaths,13,Malaysia,3,Both,22,All ages,509,Chronic obstructive pulmonary disease,100,Secondhand smoke,1,Number,2010,557.0590612280919,823.9791384045486,281.609731979906
1,All Population,1,Deaths,13,Malaysia,3,Both,22,All ages,509,Chronic obstructive pulmonary disease,100,Secondhand smoke,2,Percent,2010,0.12782139760908243,0.1834450948348898,0.06870045675832599
1,All Population,1,Deaths,13,Malaysia,3,Both,22,All ages,509,Chronic obstructive pulmonary disease,100,Secondhand smoke,3,Rate,2010,1.9057129895119926,2.8188532535179243,0.9633939407142234
1,All Population,1,Deaths,13,Malaysia,3,Both,22,All ages,322,Lower respiratory infections,100,Secondhand smoke,1,Number,2009,1587.70713024061,2221.392789908085,1038.5351813189095
1,All Population,1,Deaths,13,Malaysia,3,Both,22,All ages,322,Lower respiratory infections,100,Secondhand smoke,2,Percent,2009,0.11260604835348006,0.14597886188316048,0.0800816107342873
1,All Population,1,Deaths,13,Malaysia,3,Both,22,All ages,322,Lower respiratory infections,100,Secondhand smoke,3,Rate,2009,5.520429185093831,7.7237428461426525,3.610968178892527
1,All Population,1,Deaths,13,Malaysia,3,Both,22,All ages,322,Lower respiratory infections,100,Secondhand smoke,1,Number,2008,1441.4022148019983,2031.4938335079285,949.6344001172863
1,All Population,1,Deaths,13,Malaysia,3,Both,22,All ages,322,Lower respiratory infections,100,Secondhand smoke,2,Percent,2008,0.1131618545901243,0.1464551054987262,0.08082202617625522
1,All Population,1,Deaths,13,Malaysia,3,Both,22,All ages,322,Lower respiratory infections,100,Secondhand smoke,3,Rate,2008,5.0968821860184015,7.183480519651574,3.3579625502746624
1,All Population,1,Deaths,13,Malaysia,3,Both,22,All ages,426,"Tracheal, bronchus, and lung cancer",100,Secondhand smoke,1,Number,2012,487.61018362225616,627.0790455069255,374.16348631625397
1,All Population,1,Deaths,13,Malaysia,3,Both,22,All ages,426,"Tracheal, bronchus, and lung cancer",100,Secondhand smoke,2,Percent,2012,0.11226845244627202,0.137043729145667,0.08911205284112304
1,All Population,1,Deaths,13,Malaysia,3,Both,22,All ages,426,"Tracheal, bronchus, and lung cancer",100,Secondhand smoke,3,Rate,2012,1.617193114839761,2.079751303224835,1.2409392465926097
1,All Population,1,Deaths,13,Malaysia,3,Both,22,All ages,509,Chronic obstructive pulmonary disease,100,Secondhand smoke,1,Number,2011,561.2149091160397,857.9105333748618,286.5281110215272
1,All Population,1,Deaths,13,Malaysia,3,Both,22,All ages,509,Chronic obstructive pulmonary disease,100,Secondhand smoke,2,Percent,2011,0.12757477918034424,0.1824269852263642,0.06796758195482663
1,All Population,1,Deaths,13,Malaysia,3,Both,22,All ages,509,Chronic obstructive pulmonary disease,100,Secondhand smoke,3,Rate,2011,1.8899142623366283,2.8890489659082275,0.9648951850421895
1,All Population,1,Deaths,13,Malaysia,3,Both,22,All ages,429,Breast cancer,100,Secondhand smoke,1,Number,2009,202.9605917525458,289.260330290578,123.8149117616996
1,All Population,1,Deaths,13,Malaysia,3,Both,22,All ages,429,Breast cancer,100,Secondhand smoke,2,Percent,2009,0.10063857191687893,0.14006800019494398,0.06254350861364852
1,All Population,1,Deaths,13,Malaysia,3,Both,22,All ages,429,Breast cancer,100,Secondhand smoke,3,Rate,2009,0.7056903334337689,1.0057529748474408,0.4305022251399225
1,All Population,1,Deaths,13,Malaysia,3,Both,22,All ages,493,Ischemic heart disease,100,Secondhand smoke,1,Number,2009,2027.7300260007419,2511.360474019478,1538.9447664224692
1,All Population,1,Deaths,13,Malaysia,3,Both,22,All ages,493,Ischemic heart disease,100,Secondhand smoke,2,Percent,2009,0.08424130549333363,0.10371691323798449,0.064655808712591
1,All Population,1,Deaths,13,Malaysia,3,Both,22,All ages,493,Ischemic heart disease,100,Secondhand smoke,3,Rate,2009,7.050380893187259,8.731955277524767,5.350883321610154
1,All Population,1,Deaths,13,Malaysia,3,Both,22,All ages,494,Stroke,100,Secondhand smoke,1,Number,2008,833.6585812443215,1122.307469148244,558.3472983118083
1,All Population,1,Deaths,13,Malaysia,3,Both,22,All ages,494,Stroke,100,Secondhand smoke,2,Percent,2008,0.0577154941661182,0.07890371337739854,0.03873138832797013
1,All Population,1,Deaths,13,Malaysia,3,Both,22,All ages,494,Stroke,100,Secondhand smoke,3,Rate,2008,2.9478652997277646,3.9685445797118177,1.9743485677714747
1,All Population,1,Deaths,13,Malaysia,3,Both,22,All ages,515,Asthma,100,Secondhand smoke,1,Number,2008,63.777976908661024,90.34390769723615,40.423630069560474
1,All Population,1,Deaths,13,Malaysia,3,Both,22,All ages,515,Asthma,100,Secondhand smoke,2,Percent,2008,0.07251029549580522,0.09130132865415798,0.054488312471570204
1,All Population,1,Deaths,13,Malaysia,3,Both,22,All ages,515,Asthma,100,Secondhand smoke,3,Rate,2008,0.22552264109757947,0.31946131969874025,0.14294031040048244
1,All Population,1,Deaths,13,Malaysia,3,Both,22,All ages,429,Breast cancer,100,Secondhand smoke,1,Number,2008,195.17948247380224,276.95198332493203,118.58994201419934
1,All Population,1,Deaths,13,Malaysia,3,Both,22,All ages,429,Breast cancer,100,Secondhand smoke,2,Percent,2008,0.10112467674900764,0.14135429467657293,0.06288761884645765
1,All Population,1,Deaths,13,Malaysia,3,Both,22,All ages,429,Breast cancer,100,Secondhand smoke,3,Rate,2008,0.6901660182572057,0.9793183441064834,0.4193409422339188
1,All Population,1,Deaths,13,Malaysia,3,Both,22,All ages,493,Ischemic heart disease,100,Secondhand smoke,1,Number,2008,2003.6150111996458,2485.2439659228835,1496.2880342982344
1,All Population,1,Deaths,13,Malaysia,3,Both,22,All ages,493,Ischemic heart disease,100,Secondhand smoke,2,Percent,2008,0.0847060907456128,0.10449356526946889,0.06549395204051739
1,All Population,1,Deaths,13,Malaysia,3,Both,22,All ages,493,Ischemic heart disease,100,Secondhand smoke,3,Rate,2008,7.084899380167354,8.787967416549375,5.290961640581895
1,All Population,1,Deaths,13,Malaysia,3,Both,22,All ages,494,Stroke,100,Secondhand smoke,1,Number,2009,865.951891230005,1155.1748500494273,582.5560129898777
1,All Population,1,Deaths,13,Malaysia,3,Both,22,All ages,494,Stroke,100,Secondhand smoke,2,Percent,2009,0.05733437039409948,0.07815205449374645,0.03846665622844158
1,All Population,1,Deaths,13,Malaysia,3,Both,22,All ages,494,Stroke,100,Secondhand smoke,3,Rate,2009,3.0108991779289047,4.01652221284213,2.0255367975665983
1,All Population,1,Deaths,13,Malaysia,3,Both,22,All ages,587,Diabetes mellitus,100,Secondhand smoke,1,Number,2008,192.09856554189943,306.12879593828666,105.49356901978616
1,All Population,1,Deaths,13,Malaysia,3,Both,22,All ages,587,Diabetes mellitus,100,Secondhand smoke,2,Percent,2008,0.057149994241387524,0.08123060493301361,0.03418277959538769
1,All Population,1,Deaths,13,Malaysia,3,Both,22,All ages,587,Diabetes mellitus,100,Secondhand smoke,3,Rate,2008,0.6792717165379767,1.0824892529108883,0.3730314045273695
1,All Population,1,Deaths,13,Malaysia,3,Both,22,All ages,509,Chronic obstructive pulmonary disease,100,Secondhand smoke,1,Number,2012,560.0937167522743,841.5505466300401,285.41872491817486
1,All Population,1,Deaths,13,Malaysia,3,Both,22,All ages,509,Chronic obstructive pulmonary disease,100,Secondhand smoke,2,Percent,2012,0.1274499087372558,0.1828142876435572,0.06743796457008952
1,All Population,1,Deaths,13,Malaysia,3,Both,22,All ages,509,Chronic obstructive pulmonary disease,100,Secondhand smoke,3,Rate,2012,1.8575897977932332,2.791060965318237,0.9466110682003152
1,All Population,1,Deaths,13,Malaysia,3,Both,22,All ages,515,Asthma,100,Secondhand smoke,1,Number,2009,62.950216180891765,90.88564779584897,40.25291214098534
1,All Population,1,Deaths,13,Malaysia,3,Both,22,All ages,515,Asthma,100,Secondhand smoke,2,Percent,2009,0.07254971831907409,0.09122620749597375,0.05463830351441062
1,All Population,1,Deaths,13,Malaysia,3,Both,22,All ages,515,Asthma,100,Secondhand smoke,3,Rate,2009,0.21887677141079306,0.31600776556462806,0.13995865278657382
1,All Population,1,Deaths,13,Malaysia,3,Both,22,All ages,587,Diabetes mellitus,100,Secondhand smoke,1,Number,2009,196.6190810343456,315.92175628827806,106.75014000945076
1,All Population,1,Deaths,13,Malaysia,3,Both,22,All ages,587,Diabetes mellitus,100,Secondhand smoke,2,Percent,2009,0.05707599695447964,0.08097942291360635,0.034063684755632845
1,All Population,1,Deaths,13,Malaysia,3,Both,22,All ages,587,Diabetes mellitus,100,Secondhand smoke,3,Rate,2009,0.6836410145262992,1.098454274344419,0.3711683201496471
1,All Population,1,Deaths,13,Malaysia,3,Both,22,All ages,426,"Tracheal, bronchus, and lung cancer",100,Secondhand smoke,1,Number,2013,505.48569150734863,648.4110874250422,383.85434390271655
1,All Population,1,Deaths,13,Malaysia,3,Both,22,All ages,426,"Tracheal, bronchus, and lung cancer",100,Secondhand smoke,2,Percent,2013,0.11173753384499896,0.13603858119688322,0.08877877203418583
1,All Population,1,Deaths,13,Malaysia,3,Both,22,All ages,426,"Tracheal, bronchus, and lung cancer",100,Secondhand smoke,3,Rate,2013,1.6521186619695802,2.119252980175259,1.2545813574834828
1,All Population,1,Deaths,13,Malaysia,3,Both,22,All ages,509,Chronic obstructive pulmonary disease,100,Secondhand smoke,1,Number,2013,564.3433879696504,849.0211784667148,282.5079240806615
1,All Population,1,Deaths,13,Malaysia,3,Both,22,All ages,509,Chronic obstructive pulmonary disease,100,Secondhand smoke,2,Percent,2013,0.12699935026648884,0.18289736448547989,0.06654695411054537
1,All Population,1,Deaths,13,Malaysia,3,Both,22,All ages,509,Chronic obstructive pulmonary disease,100,Secondhand smoke,3,Rate,2013,1.8444879028000019,2.774922726634433,0.9233428786800003
1,All Population,1,Deaths,13,Malaysia,3,Both,22,All ages,329,Otitis media,100,Secondhand smoke,1,Number,2008,0.004972450779835569,0.014287609357488962,0.0016638240756043081
1,All Population,1,Deaths,13,Malaysia,3,Both,22,All ages,329,Otitis media,100,Secondhand smoke,2,Percent,2008,0.006117097857937025,0.014189224055315957,0.0027369552177046066
1,All Population,1,Deaths,13,Malaysia,3,Both,22,All ages,329,Otitis media,100,Secondhand smoke,3,Rate,2008,1.7582875577916786e-05,5.0521818869952734e-05,5.8833788407776565e-06
1,All Population,1,Deaths,13,Malaysia,3,Both,22,All ages,329,Otitis media,100,Secondhand smoke,1,Number,2009,0.005906405877288162,0.015502731699688965,0.0018055632827255362
1,All Population,1,Deaths,13,Malaysia,3,Both,22,All ages,329,Otitis media,100,Secondhand smoke,2,Percent,2009,0.006265001737785887,0.013513452721444576,0.002926807438673828
1,All Population,1,Deaths,13,Malaysia,3,Both,22,All ages,329,Otitis media,100,Secondhand smoke,3,Rate,2009,2.053646718778041e-05,5.3902719773433685e-05,6.27791111574925e-06
1,All Population,1,Deaths,13,Malaysia,3,Both,22,All ages,322,Lower respiratory infections,100,Secondhand smoke,1,Number,2010,1724.4165204954618,2399.841248678188,1138.7397143179514
1,All Population,1,Deaths,13,Malaysia,3,Both,22,All ages,322,Lower respiratory infections,100,Secondhand smoke,2,Percent,2010,0.11175709425165285,0.14538034909116332,0.07964407044119037
1,All Population,1,Deaths,13,Malaysia,3,Both,22,All ages,322,Lower respiratory infections,100,Secondhand smoke,3,Rate,2010,5.899272072143351,8.209916970545578,3.895657060967054
1,All Population,1,Deaths,13,Malaysia,3,Both,22,All ages,322,Lower respiratory infections,100,Secondhand smoke,1,Number,2011,1873.219978646658,2605.862967523868,1225.4601160228065
1,All Population,1,Deaths,13,Malaysia,3,Both,22,All ages,322,Lower respiratory infections,100,Secondhand smoke,2,Percent,2011,0.1107800156665598,0.1432935093391065,0.07833267632151299
1,All Population,1,Deaths,13,Malaysia,3,Both,22,All ages,322,Lower respiratory infections,100,Secondhand smoke,3,Rate,2011,6.308145233907599,8.775350597465891,4.126787285184771
1,All Population,1,Deaths,13,Malaysia,3,Both,22,All ages,429,Breast cancer,100,Secondhand smoke,1,Number,2010,212.95203212501704,304.1735733710443,130.29836916868902
1,All Population,1,Deaths,13,Malaysia,3,Both,22,All ages,429,Breast cancer,100,Secondhand smoke,2,Percent,2010,0.09999675400541222,0.13877389416222305,0.062316016614660914
1,All Population,1,Deaths,13,Malaysia,3,Both,22,All ages,429,Breast cancer,100,Secondhand smoke,3,Rate,2010,0.7285142312718826,1.040585406799673,0.44575398179426895
1,All Population,1,Deaths,13,Malaysia,3,Both,22,All ages,429,Breast cancer,100,Secondhand smoke,1,Number,2011,220.63288603435004,316.2698792277559,133.60973914446578
1,All Population,1,Deaths,13,Malaysia,3,Both,22,All ages,429,Breast cancer,100,Secondhand smoke,2,Percent,2011,0.09922272522769147,0.13778492553666838,0.0621997483287016
1,All Population,1,Deaths,13,Malaysia,3,Both,22,All ages,429,Breast cancer,100,Secondhand smoke,3,Rate,2011,0.7429903077834896,1.0650518113310312,0.44993628553797327
1,All Population,1,Deaths,13,Malaysia,3,Both,22,All ages,494,Stroke,100,Secondhand smoke,1,Number,2011,923.4173820989294,1241.4778540447676,610.732447804728
1,All Population,1,Deaths,13,Malaysia,3,Both,22,All ages,494,Stroke,100,Secondhand smoke,2,Percent,2011,0.05656968878254293,0.07538503691642348,0.03830733715814959
1,All Population,1,Deaths,13,Malaysia,3,Both,22,All ages,494,Stroke,100,Secondhand smoke,3,Rate,2011,3.1096459701455905,4.18072767601608,2.0566666081553797
1,All Population,1,Deaths,13,Malaysia,3,Both,22,All ages,493,Ischemic heart disease,100,Secondhand smoke,1,Number,2010,2060.3815000513628,2541.8776519778157,1572.8900393053173
1,All Population,1,Deaths,13,Malaysia,3,Both,22,All ages,493,Ischemic heart disease,100,Secondhand smoke,2,Percent,2010,0.08383012696802665,0.1034395221415672,0.06419639566796766
1,All Population,1,Deaths,13,Malaysia,3,Both,22,All ages,493,Ischemic heart disease,100,Secondhand smoke,3,Rate,2010,7.048616675118316,8.69582706085974,5.380896187865493
1,All Population,1,Deaths,13,Malaysia,3,Both,22,All ages,493,Ischemic heart disease,100,Secondhand smoke,1,Number,2011,2076.0922171813504,2565.6689858638883,1560.5538502975428
1,All Population,1,Deaths,13,Malaysia,3,Both,22,All ages,493,Ischemic heart disease,100,Secondhand smoke,2,Percent,2011,0.08323085508735453,0.1030511166665526,0.06321551090865851
1,All Population,1,Deaths,13,Malaysia,3,Both,22,All ages,493,Ischemic heart disease,100,Secondhand smoke,3,Rate,2011,6.991325831591249,8.639995712972638,5.25522920171005
1,All Population,1,Deaths,13,Malaysia,3,Both,22,All ages,322,Lower respiratory infections,100,Secondhand smoke,1,Number,2012,1994.7545884601388,2766.044529775405,1304.1979509341422
1,All Population,1,Deaths,13,Malaysia,3,Both,22,All ages,322,Lower respiratory infections,100,Secondhand smoke,2,Percent,2012,0.10997604900403911,0.14267648269885527,0.07791651246270609
1,All Population,1,Deaths,13,Malaysia,3,Both,22,All ages,322,Lower respiratory infections,100,Secondhand smoke,3,Rate,2012,6.615742440588172,9.173779217782508,4.325463284976704
1,All Population,1,Deaths,13,Malaysia,3,Both,22,All ages,515,Asthma,100,Secondhand smoke,1,Number,2011,60.28050990919197,90.2623214072051,39.15846234489788
1,All Population,1,Deaths,13,Malaysia,3,Both,22,All ages,515,Asthma,100,Secondhand smoke,2,Percent,2011,0.07224494695921298,0.09040958365046017,0.055247578518517554
1,All Population,1,Deaths,13,Malaysia,3,Both,22,All ages,515,Asthma,100,Secondhand smoke,3,Rate,2011,0.20299709356928455,0.3039620755046939,0.13186773065840338
1,All Population,1,Deaths,13,Malaysia,3,Both,22,All ages,494,Stroke,100,Secondhand smoke,1,Number,2010,901.0091723268661,1212.9244925350397,607.1366911311856
1,All Population,1,Deaths,13,Malaysia,3,Both,22,All ages,494,Stroke,100,Secondhand smoke,2,Percent,2010,0.057018347939409394,0.07743846308792235,0.03832997400515745
1,All Population,1,Deaths,13,Malaysia,3,Both,22,All ages,494,Stroke,100,Secondhand smoke,3,Rate,2010,3.0823749273323364,4.14944504380804,2.0770298146613873
1,All Population,1,Deaths,13,Malaysia,3,Both,22,All ages,515,Asthma,100,Secondhand smoke,1,Number,2010,61.40724404483715,88.71347639397001,39.79370552108413
1,All Population,1,Deaths,13,Malaysia,3,Both,22,All ages,515,Asthma,100,Secondhand smoke,2,Percent,2010,0.07243695696902412,0.0913382401383321,0.055111085415376355
1,All Population,1,Deaths,13,Malaysia,3,Both,22,All ages,515,Asthma,100,Secondhand smoke,3,Rate,2010,0.21007571866506736,0.3034910229016636,0.13613526247137686
1,All Population,1,Deaths,13,Malaysia,3,Both,22,All ages,587,Diabetes mellitus,100,Secondhand smoke,1,Number,2010,198.9538899098665,318.26389282506256,102.91586793507548
1,All Population,1,Deaths,13,Malaysia,3,Both,22,All ages,587,Diabetes mellitus,100,Secondhand smoke,2,Percent,2010,0.05684747571338795,0.08036206959287306,0.03389297333880384
1,All Population,1,Deaths,13,Malaysia,3,Both,22,All ages,587,Diabetes mellitus,100,Secondhand smoke,3,Rate,2010,0.6806262364340683,1.088788742278496,0.35207775979514655
1,All Population,1,Deaths,13,Malaysia,3,Both,22,All ages,587,Diabetes mellitus,100,Secondhand smoke,1,Number,2011,201.6304457027448,328.4960646677981,103.119725666506
1,All Population,1,Deaths,13,Malaysia,3,Both,22,All ages,587,Diabetes mellitus,100,Secondhand smoke,2,Percent,2011,0.056532815355024524,0.08057749753877025,0.03339004085775737
1,All Population,1,Deaths,13,Malaysia,3,Both,22,All ages,587,Diabetes mellitus,100,Secondhand smoke,3,Rate,2011,0.6789988093066108,1.106223993077776,0.34725991255708805
1,All Population,1,Deaths,13,Malaysia,3,Both,22,All ages,429,Breast cancer,100,Secondhand smoke,1,Number,2012,229.3753199550634,324.4110660601365,140.20938779259873
1,All Population,1,Deaths,13,Malaysia,3,Both,22,All ages,429,Breast cancer,100,Secondhand smoke,2,Percent,2012,0.09842392955471552,0.13616354354282661,0.06200219398329086
1,All Population,1,Deaths,13,Malaysia,3,Both,22,All ages,429,Breast cancer,100,Secondhand smoke,3,Rate,2012,0.7607392146527854,1.075931881719488,0.46501419410416733
1,All Population,1,Deaths,13,Malaysia,3,Both,22,All ages,329,Otitis media,100,Secondhand smoke,1,Number,2010,0.006698258495474578,0.016715689187815255,0.0017599510476640431
1,All Population,1,Deaths,13,Malaysia,3,Both,22,All ages,329,Otitis media,100,Secondhand smoke,2,Percent,2010,0.006338781072743303,0.013575318155337544,0.0027691125851849923
1,All Population,1,Deaths,13,Malaysia,3,Both,22,All ages,329,Otitis media,100,Secondhand smoke,3,Rate,2010,2.2914909944725297e-05,5.7184791041072916e-05,6.020836578879919e-06
1,All Population,1,Deaths,13,Malaysia,3,Both,22,All ages,329,Otitis media,100,Secondhand smoke,1,Number,2011,0.007267606489833983,0.017833423986964865,0.0016408848707661905
1,All Population,1,Deaths,13,Malaysia,3,Both,22,All ages,329,Otitis media,100,Secondhand smoke,2,Percent,2011,0.006341859620349961,0.013291950273436262,0.002831224411236866
1,All Population,1,Deaths,13,Malaysia,3,Both,22,All ages,329,Otitis media,100,Secondhand smoke,3,Rate,2011,2.4473963423069954e-05,6.00547879106545e-05,5.525747213305429e-06
1,All Population,1,Deaths,13,Malaysia,3,Both,22,All ages,329,Otitis media,100,Secondhand smoke,1,Number,2012,0.00776497001262277,0.01943623185285185,0.0015902943337192002
1,All Population,1,Deaths,13,Malaysia,3,Both,22,All ages,329,Otitis media,100,Secondhand smoke,2,Percent,2012,0.006423965136866125,0.013932752215603205,0.0028296621214655027
1,All Population,1,Deaths,13,Malaysia,3,Both,22,All ages,329,Otitis media,100,Secondhand smoke,3,Rate,2012,2.5753063539540043e-05,6.44616158287851e-05,5.274321852661954e-06
1,All Population,1,Deaths,13,Malaysia,3,Both,22,All ages,494,Stroke,100,Secondhand smoke,1,Number,2012,935.3518966728004,1264.1194196222548,624.9012986518429
1,All Population,1,Deaths,13,Malaysia,3,Both,22,All ages,494,Stroke,100,Secondhand smoke,2,Percent,2012,0.056114985224300015,0.07422517154035621,0.03853757753163756
1,All Population,1,Deaths,13,Malaysia,3,Both,22,All ages,494,Stroke,100,Secondhand smoke,3,Rate,2012,3.1021596719222435,4.192540046153034,2.0725286541945356
1,All Population,1,Deaths,13,Malaysia,3,Both,22,All ages,493,Ischemic heart disease,100,Secondhand smoke,1,Number,2012,2088.349395996127,2631.7466715319197,1555.9981654102642
1,All Population,1,Deaths,13,Malaysia,3,Both,22,All ages,493,Ischemic heart disease,100,Secondhand smoke,2,Percent,2012,0.0826837548464417,0.10171108410179333,0.062399665294535785
1,All Population,1,Deaths,13,Malaysia,3,Both,22,All ages,493,Ischemic heart disease,100,Secondhand smoke,3,Rate,2012,6.926156134591773,8.728371022909077,5.160576223227842
1,All Population,1,Deaths,13,Malaysia,3,Both,22,All ages,515,Asthma,100,Secondhand smoke,1,Number,2012,59.68950926046473,91.98985129598938,38.60266164545035
1,All Population,1,Deaths,13,Malaysia,3,Both,22,All ages,515,Asthma,100,Secondhand smoke,2,Percent,2012,0.07211627331902372,0.09016504550983512,0.05531292976419819
1,All Population,1,Deaths,13,Malaysia,3,Both,22,All ages,515,Asthma,100,Secondhand smoke,3,Rate,2012,0.19796441224239766,0.30509074491818555,0.12802841434475273
1,All Population,1,Deaths,13,Malaysia,3,Both,22,All ages,587,Diabetes mellitus,100,Secondhand smoke,1,Number,2012,202.83236534737762,334.4205038911087,102.90660477512421
1,All Population,1,Deaths,13,Malaysia,3,Both,22,All ages,587,Diabetes mellitus,100,Secondhand smoke,2,Percent,2012,0.05622303594941886,0.08068932372214678,0.03281326705145837
1,All Population,1,Deaths,13,Malaysia,3,Both,22,All ages,587,Diabetes mellitus,100,Secondhand smoke,3,Rate,2012,0.6727076581332292,1.1091288790082174,0.34129691770914694
1,All Population,1,Deaths,13,Malaysia,3,Both,22,All ages,426,"Tracheal, bronchus, and lung cancer",100,Secondhand smoke,1,Number,2014,515.4558999588813,656.0587934993565,391.3855677220489
1,All Population,1,Deaths,13,Malaysia,3,Both,22,All ages,426,"Tracheal, bronchus, and lung cancer",100,Secondhand smoke,2,Percent,2014,0.11102283123319742,0.13476823528848692,0.08769757815889166
1,All Population,1,Deaths,13,Malaysia,3,Both,22,All ages,426,"Tracheal, bronchus, and lung cancer",100,Secondhand smoke,3,Rate,2014,1.6611982350931198,2.1143296836167593,1.2613475069208668
1,All Population,1,Deaths,13,Malaysia,3,Both,22,All ages,426,"Tracheal, bronchus, and lung cancer",100,Secondhand smoke,1,Number,2015,524.486008166419,661.731613806668,397.68141950559817
1,All Population,1,Deaths,13,Malaysia,3,Both,22,All ages,426,"Tracheal, bronchus, and lung cancer",100,Secondhand smoke,2,Percent,2015,0.11039530078958984,0.1339277833537476,0.08727031860385186
1,All Population,1,Deaths,13,Malaysia,3,Both,22,All ages,426,"Tracheal, bronchus, and lung cancer",100,Secondhand smoke,3,Rate,2015,1.6676107856091287,2.103985157240632,1.2644337772180536
1,All Population,1,Deaths,13,Malaysia,3,Both,22,All ages,494,Stroke,100,Secondhand smoke,1,Number,2013,964.7569628823795,1301.8887778227993,647.120441777655
1,All Population,1,Deaths,13,Malaysia,3,Both,22,All ages,494,Stroke,100,Secondhand smoke,2,Percent,2013,0.05565249503484643,0.07371142085079747,0.03830352336688975
1,All Population,1,Deaths,13,Malaysia,3,Both,22,All ages,494,Stroke,100,Secondhand smoke,3,Rate,2013,3.1531910980311126,4.255065537534695,2.1150346614456432
1,All Population,1,Deaths,13,Malaysia,3,Both,22,All ages,515,Asthma,100,Secondhand smoke,1,Number,2013,59.682941134584084,94.4402328471718,38.16112471484084
1,All Population,1,Deaths,13,Malaysia,3,Both,22,All ages,515,Asthma,100,Secondhand smoke,2,Percent,2013,0.07172048653648606,0.08937551421420169,0.0555474692270551
1,All Population,1,Deaths,13,Malaysia,3,Both,22,All ages,515,Asthma,100,Secondhand smoke,3,Rate,2013,0.1950664529309327,0.3086664444690749,0.12472500678532164
1,All Population,1,Deaths,13,Malaysia,3,Both,22,All ages,587,Diabetes mellitus,100,Secondhand smoke,1,Number,2013,206.31983169210162,343.1835600501829,108.11045079625572
1,All Population,1,Deaths,13,Malaysia,3,Both,22,All ages,587,Diabetes mellitus,100,Secondhand smoke,2,Percent,2013,0.05574571812498911,0.07978192118108535,0.032333154016859766
1,All Population,1,Deaths,13,Malaysia,3,Both,22,All ages,587,Diabetes mellitus,100,Secondhand smoke,3,Rate,2013,0.6743313411236063,1.1216538342546183,0.35334589349467543
1,All Population,1,Deaths,13,Malaysia,3,Both,22,All ages,509,Chronic obstructive pulmonary disease,100,Secondhand smoke,1,Number,2015,588.2716587821076,874.9996355399957,298.87860441263314
1,All Population,1,Deaths,13,Malaysia,3,Both,22,All ages,509,Chronic obstructive pulmonary disease,100,Secondhand smoke,2,Percent,2015,0.12551267822501555,0.1824375377043298,0.06534305220269891
1,All Population,1,Deaths,13,Malaysia,3,Both,22,All ages,509,Chronic obstructive pulmonary disease,100,Secondhand smoke,3,Rate,2015,1.870418176612145,2.7820738912210667,0.9502888095122742
1,All Population,1,Deaths,13,Malaysia,3,Both,22,All ages,509,Chronic obstructive pulmonary disease,100,Secondhand smoke,1,Number,2014,573.6419241149981,855.3769098980124,293.4537097608487
1,All Population,1,Deaths,13,Malaysia,3,Both,22,All ages,509,Chronic obstructive pulmonary disease,100,Secondhand smoke,2,Percent,2014,0.12627059146725628,0.18267465166709795,0.06602847141467928
1,All Population,1,Deaths,13,Malaysia,3,Both,22,All ages,509,Chronic obstructive pulmonary disease,100,Secondhand smoke,3,Rate,2014,1.8487186818334476,2.756687067070795,0.9457351924289512
1,All Population,1,Deaths,13,Malaysia,3,Both,22,All ages,322,Lower respiratory infections,100,Secondhand smoke,1,Number,2013,2110.827891094737,2915.7123112277473,1362.630514010888
1,All Population,1,Deaths,13,Malaysia,3,Both,22,All ages,322,Lower respiratory infections,100,Secondhand smoke,2,Percent,2013,0.10897634448588704,0.14140113485303907,0.07790639204736115
1,All Population,1,Deaths,13,Malaysia,3,Both,22,All ages,322,Lower respiratory infections,100,Secondhand smoke,3,Rate,2013,6.89898489645538,9.529651982728346,4.4535925336550495
1,All Population,1,Deaths,13,Malaysia,3,Both,22,All ages,329,Otitis media,100,Secondhand smoke,1,Number,2013,0.00803801006527134,0.020135391224995497,0.0016162282934447342
1,All Population,1,Deaths,13,Malaysia,3,Both,22,All ages,329,Otitis media,100,Secondhand smoke,2,Percent,2013,0.006373540643158202,0.013670563949896212,0.0028532118044806683
1,All Population,1,Deaths,13,Malaysia,3,Both,22,All ages,329,Otitis media,100,Secondhand smoke,3,Rate,2013,2.6271260803316016e-05,6.58100835845122e-05,5.28244611166105e-06
1,All Population,1,Deaths,13,Malaysia,3,Both,22,All ages,429,Breast cancer,100,Secondhand smoke,1,Number,2013,242.13325170776187,343.11547163956334,148.63902447061807
1,All Population,1,Deaths,13,Malaysia,3,Both,22,All ages,429,Breast cancer,100,Secondhand smoke,2,Percent,2013,0.09734165793376039,0.1343153272507321,0.061682905265379534
1,All Population,1,Deaths,13,Malaysia,3,Both,22,All ages,429,Breast cancer,100,Secondhand smoke,3,Rate,2013,0.7913831599008876,1.1214312955443475,0.48580862000777525
1,All Population,1,Deaths,13,Malaysia,3,Both,22,All ages,493,Ischemic heart disease,100,Secondhand smoke,1,Number,2013,2134.1853710384025,2718.8279294175504,1584.3094473982399
1,All Population,1,Deaths,13,Malaysia,3,Both,22,All ages,493,Ischemic heart disease,100,Secondhand smoke,2,Percent,2013,0.08211578208769765,0.10123564448338844,0.061681714998730715
1,All Population,1,Deaths,13,Malaysia,3,Both,22,All ages,493,Ischemic heart disease,100,Secondhand smoke,3,Rate,2013,6.975325986143675,8.886159264924597,5.1781232354492674
1,All Population,1,Deaths,13,Malaysia,3,Both,22,All ages,494,Stroke,100,Secondhand smoke,1,Number,2014,996.6735653901499,1345.113380053376,670.2129155878393
1,All Population,1,Deaths,13,Malaysia,3,Both,22,All ages,494,Stroke,100,Secondhand smoke,2,Percent,2014,0.0551043842593203,0.07301293589390577,0.037932104958481386
1,All Population,1,Deaths,13,Malaysia,3,Both,22,All ages,494,Stroke,100,Secondhand smoke,3,Rate,2014,3.2120543540624156,4.334997374407897,2.1599452302320095
1,All Population,1,Deaths,13,Malaysia,3,Both,22,All ages,426,"Tracheal, bronchus, and lung cancer",100,Secondhand smoke,1,Number,2016,540.3815885897998,664.5539198166945,405.25795716805646
1,All Population,1,Deaths,13,Malaysia,3,Both,22,All ages,426,"Tracheal, bronchus, and lung cancer",100,Secondhand smoke,2,Percent,2016,0.10956117733291373,0.13338505908182338,0.08600761199970242
1,All Population,1,Deaths,13,Malaysia,3,Both,22,All ages,426,"Tracheal, bronchus, and lung cancer",100,Secondhand smoke,3,Rate,2016,1.6959968704061092,2.0857138585466983,1.271909039051169
1,All Population,1,Deaths,13,Malaysia,3,Both,22,All ages,322,Lower respiratory infections,100,Secondhand smoke,1,Number,2014,2231.562302924585,3085.652756334639,1479.336425424009
1,All Population,1,Deaths,13,Malaysia,3,Both,22,All ages,322,Lower respiratory infections,100,Secondhand smoke,2,Percent,2014,0.1079150545359809,0.14025696768348603,0.0770641267395133
1,All Population,1,Deaths,13,Malaysia,3,Both,22,All ages,322,Lower respiratory infections,100,Secondhand smoke,3,Rate,2014,7.191822538871666,9.944363646516075,4.767568009638392
1,All Population,1,Deaths,13,Malaysia,3,Both,22,All ages,494,Stroke,100,Secondhand smoke,1,Number,2015,1039.1366519608355,1384.9373239936695,701.2145878777565
1,All Population,1,Deaths,13,Malaysia,3,Both,22,All ages,494,Stroke,100,Secondhand smoke,2,Percent,2015,0.05454849524540368,0.07231544122434116,0.037653627876341064
1,All Population,1,Deaths,13,Malaysia,3,Both,22,All ages,494,Stroke,100,Secondhand smoke,3,Rate,2015,3.3039498891299495,4.403428085638604,2.229521839599527
1,All Population,1,Deaths,13,Malaysia,3,Both,22,All ages,515,Asthma,100,Secondhand smoke,1,Number,2014,60.02606216458145,92.07477461631804,39.09576793473466
1,All Population,1,Deaths,13,Malaysia,3,Both,22,All ages,515,Asthma,100,Secondhand smoke,2,Percent,2014,0.07111842827394817,0.08816942935136174,0.054564234679418545
1,All Population,1,Deaths,13,Malaysia,3,Both,22,All ages,515,Asthma,100,Secondhand smoke,3,Rate,2014,0.19345047468725668,0.2967362544524679,0.12599685190910082
1,All Population,1,Deaths,13,Malaysia,3,Both,22,All ages,509,Chronic obstructive pulmonary disease,100,Secondhand smoke,1,Number,2016,609.4570477438386,916.2359579403123,304.19398879242135
1,All Population,1,Deaths,13,Malaysia,3,Both,22,All ages,509,Chronic obstructive pulmonary disease,100,Secondhand smoke,2,Percent,2016,0.12446766658069391,0.182181667771832,0.06412874187809638
1,All Population,1,Deaths,13,Malaysia,3,Both,22,All ages,509,Chronic obstructive pulmonary disease,100,Secondhand smoke,3,Rate,2016,1.9127913819527331,2.8756222455237888,0.9547180434748727
1,All Population,1,Deaths,13,Malaysia,3,Both,22,All ages,429,Breast cancer,100,Secondhand smoke,1,Number,2014,251.99683437692676,354.5383406350907,155.81577246115927
1,All Population,1,Deaths,13,Malaysia,3,Both,22,All ages,429,Breast cancer,100,Secondhand smoke,2,Percent,2014,0.0961109354642892,0.13303847011871406,0.06105776466208823
1,All Population,1,Deaths,13,Malaysia,3,Both,22,All ages,429,Breast cancer,100,Secondhand smoke,3,Rate,2014,0.8121290231606588,1.1425971955754868,0.5021591298747327
1,All Population,1,Deaths,13,Malaysia,3,Both,22,All ages,587,Diabetes mellitus,100,Secondhand smoke,1,Number,2014,213.62100535401862,354.9467204753291,116.05512788484185
1,All Population,1,Deaths,13,Malaysia,3,Both,22,All ages,587,Diabetes mellitus,100,Secondhand smoke,2,Percent,2014,0.05512759231241182,0.07914720610749322,0.031981278122591224
1,All Population,1,Deaths,13,Malaysia,3,Both,22,All ages,587,Diabetes mellitus,100,Secondhand smoke,3,Rate,2014,0.6884523721645679,1.1439133117939753,0.37401953034427365
1,All Population,1,Deaths,13,Malaysia,3,Both,22,All ages,493,Ischemic heart disease,100,Secondhand smoke,1,Number,2014,2163.61339228306,2753.277933548866,1590.7008576561336
1,All Population,1,Deaths,13,Malaysia,3,Both,22,All ages,493,Ischemic heart disease,100,Secondhand smoke,2,Percent,2014,0.08142629178974661,0.10054729870235983,0.060871111007971976
1,All Population,1,Deaths,13,Malaysia,3,Both,22,All ages,493,Ischemic heart disease,100,Secondhand smoke,3,Rate,2014,6.972838508534239,8.87319447560318,5.126470484691856
1,All Population,1,Deaths,13,Malaysia,3,Both,22,All ages,515,Asthma,100,Secondhand smoke,1,Number,2015,61.61951447260015,93.39094193341963,40.11005880995737
1,All Population,1,Deaths,13,Malaysia,3,Both,22,All ages,515,Asthma,100,Secondhand smoke,2,Percent,2015,0.07041859061345082,0.08760291641257013,0.05365187666636005
1,All Population,1,Deaths,13,Malaysia,3,Both,22,All ages,515,Asthma,100,Secondhand smoke,3,Rate,2015,0.19592013006741818,0.2969378393731151,0.12753050728033508
1,All Population,1,Deaths,13,Malaysia,3,Both,22,All ages,587,Diabetes mellitus,100,Secondhand smoke,1,Number,2015,223.27071218495786,364.1218908848411,126.85594318361552
1,All Population,1,Deaths,13,Malaysia,3,Both,22,All ages,587,Diabetes mellitus,100,Secondhand smoke,2,Percent,2015,0.05445227087034697,0.07837385229044075,0.031407456300471856
1,All Population,1,Deaths,13,Malaysia,3,Both,22,All ages,587,Diabetes mellitus,100,Secondhand smoke,3,Rate,2015,0.7098924317388614,1.1577307746278007,0.4033402908328731
1,All Population,1,Deaths,13,Malaysia,3,Both,22,All ages,429,Breast cancer,100,Secondhand smoke,1,Number,2015,263.0734267857145,367.3809149655546,160.9891401193309
1,All Population,1,Deaths,13,Malaysia,3,Both,22,All ages,429,Breast cancer,100,Secondhand smoke,2,Percent,2015,0.09479457481377203,0.13108945873605557,0.06037155918353955
1,All Population,1,Deaths,13,Malaysia,3,Both,22,All ages,429,Breast cancer,100,Secondhand smoke,3,Rate,2015,0.836445733697839,1.1680928884362463,0.511867280058596
1,All Population,1,Deaths,13,Malaysia,3,Both,22,All ages,329,Otitis media,100,Secondhand smoke,1,Number,2015,0.008893979638039088,0.021996981045838884,0.0015710917788688886
1,All Population,1,Deaths,13,Malaysia,3,Both,22,All ages,329,Otitis media,100,Secondhand smoke,2,Percent,2015,0.00631365958525288,0.013148091284177649,0.0027857376300515504
1,All Population,1,Deaths,13,Malaysia,3,Both,22,All ages,329,Otitis media,100,Secondhand smoke,3,Rate,2015,2.8278535824497866e-05,6.993971673547714e-05,4.995308844906835e-06
1,All Population,1,Deaths,13,Malaysia,3,Both,22,All ages,493,Ischemic heart disease,100,Secondhand smoke,1,Number,2015,2236.8274919635414,2800.329607085803,1637.844020066139
1,All Population,1,Deaths,13,Malaysia,3,Both,22,All ages,493,Ischemic heart disease,100,Secondhand smoke,2,Percent,2015,0.08074783155524105,0.09954514591893386,0.06011739991337525
1,All Population,1,Deaths,13,Malaysia,3,Both,22,All ages,493,Ischemic heart disease,100,Secondhand smoke,3,Rate,2015,7.1120250932639655,8.90368815054284,5.207548553213403
1,All Population,1,Deaths,13,Malaysia,3,Both,22,All ages,329,Otitis media,100,Secondhand smoke,1,Number,2014,0.008460263528959434,0.02176915732324556,0.0016062529954830164
1,All Population,1,Deaths,13,Malaysia,3,Both,22,All ages,329,Otitis media,100,Secondhand smoke,2,Percent,2014,0.006370551596963106,0.0130152373435318,0.002792811774528517
1,All Population,1,Deaths,13,Malaysia,3,Both,22,All ages,329,Otitis media,100,Secondhand smoke,3,Rate,2014,2.726552328502056e-05,7.01570895351567e-05,5.176591521063742e-06
1,All Population,1,Deaths,13,Malaysia,3,Both,22,All ages,494,Stroke,100,Secondhand smoke,1,Number,2016,1078.286036417239,1456.2392508936866,728.8287682811546
1,All Population,1,Deaths,13,Malaysia,3,Both,22,All ages,494,Stroke,100,Secondhand smoke,2,Percent,2016,0.05399935592377422,0.07169377332177362,0.03678483470690783
1,All Population,1,Deaths,13,Malaysia,3,Both,22,All ages,494,Stroke,100,Secondhand smoke,3,Rate,2016,3.384219192105838,4.570431828596255,2.287441571228448
1,All Population,1,Deaths,13,Malaysia,3,Both,22,All ages,515,Asthma,100,Secondhand smoke,1,Number,2016,63.440944814344995,97.4009836356824,41.3729064840317
1,All Population,1,Deaths,13,Malaysia,3,Both,22,All ages,515,Asthma,100,Secondhand smoke,2,Percent,2016,0.0695737311804738,0.08624259557563407,0.052796116458317326
1,All Population,1,Deaths,13,Malaysia,3,Both,22,All ages,515,Asthma,100,Secondhand smoke,3,Rate,2016,0.19911049179436585,0.30569465523739353,0.12984957555574062
1,All Population,1,Deaths,13,Malaysia,3,Both,22,All ages,587,Diabetes mellitus,100,Secondhand smoke,1,Number,2016,235.70952911032657,383.05187013540063,135.66139160985546
1,All Population,1,Deaths,13,Malaysia,3,Both,22,All ages,587,Diabetes mellitus,100,Secondhand smoke,2,Percent,2016,0.05370480071674818,0.07761366377034357,0.030613126290967702
1,All Population,1,Deaths,13,Malaysia,3,Both,22,All ages,587,Diabetes mellitus,100,Secondhand smoke,3,Rate,2016,0.7397783938924472,1.2022148545960085,0.4257756009150518
1,All Population,1,Deaths,13,Malaysia,3,Both,22,All ages,329,Otitis media,100,Secondhand smoke,1,Number,2016,0.008927311327862071,0.022029542873514805,0.001476478313017406
1,All Population,1,Deaths,13,Malaysia,3,Both,22,All ages,329,Otitis media,100,Secondhand smoke,2,Percent,2016,0.006063473502673975,0.012889169561721599,0.0026458828673691795
1,All Population,1,Deaths,13,Malaysia,3,Both,22,All ages,329,Otitis media,100,Secondhand smoke,3,Rate,2016,2.8018519492321717e-05,6.914009758818702e-05,4.633952471687296e-06
1,All Population,1,Deaths,13,Malaysia,3,Both,22,All ages,429,Breast cancer,100,Secondhand smoke,1,Number,2016,273.8153646696007,382.16825532916715,164.17088674699892
1,All Population,1,Deaths,13,Malaysia,3,Both,22,All ages,429,Breast cancer,100,Secondhand smoke,2,Percent,2016,0.09340776265521304,0.1289186106130687,0.05965716917990399
1,All Population,1,Deaths,13,Malaysia,3,Both,22,All ages,429,Breast cancer,100,Secondhand smoke,3,Rate,2016,0.8593742113987254,1.1994416143937894,0.5152531396588027
1,All Population,1,Deaths,13,Malaysia,3,Both,22,All ages,493,Ischemic heart disease,100,Secondhand smoke,1,Number,2016,2317.824756957053,2899.4598053092586,1681.5930960164728
1,All Population,1,Deaths,13,Malaysia,3,Both,22,All ages,493,Ischemic heart disease,100,Secondhand smoke,2,Percent,2016,0.08007594031813514,0.0986523370746297,0.059549272867502806
1,All Population,1,Deaths,13,Malaysia,3,Both,22,All ages,493,Ischemic heart disease,100,Secondhand smoke,3,Rate,2016,7.2745326949563776,9.100004255336739,5.277708730941559
1,All Population,1,Deaths,13,Malaysia,3,Both,22,All ages,426,"Tracheal, bronchus, and lung cancer",100,Secondhand smoke,1,Number,2017,553.1638327592337,679.6789552272002,415.68548906961513
1,All Population,1,Deaths,13,Malaysia,3,Both,22,All ages,426,"Tracheal, bronchus, and lung cancer",100,Secondhand smoke,2,Percent,2017,0.10885287786122846,0.132345417427039,0.08541226015883024
1,All Population,1,Deaths,13,Malaysia,3,Both,22,All ages,426,"Tracheal, bronchus, and lung cancer",100,Secondhand smoke,3,Rate,2017,1.714710840662789,2.1068855259120025,1.2885520928916578
1,All Population,1,Deaths,13,Malaysia,3,Both,22,All ages,426,"Tracheal, bronchus, and lung cancer",100,Secondhand smoke,1,Number,2018,567.4470994412463,711.4827314346757,427.1970506611823
1,All Population,1,Deaths,13,Malaysia,3,Both,22,All ages,426,"Tracheal, bronchus, and lung cancer",100,Secondhand smoke,2,Percent,2018,0.10814416216849652,0.13140648403262362,0.08471796733218012
1,All Population,1,Deaths,13,Malaysia,3,Both,22,All ages,426,"Tracheal, bronchus, and lung cancer",100,Secondhand smoke,3,Rate,2018,1.7384405976145447,2.1797106127525296,1.3087681596784526
1,All Population,1,Deaths,13,Malaysia,3,Both,22,All ages,509,Chronic obstructive pulmonary disease,100,Secondhand smoke,1,Number,2017,630.3181456110394,967.6031309569838,313.43280021519865
1,All Population,1,Deaths,13,Malaysia,3,Both,22,All ages,509,Chronic obstructive pulmonary disease,100,Secondhand smoke,2,Percent,2017,0.12373620271541745,0.18332761721773777,0.06295846633232254
1,All Population,1,Deaths,13,Malaysia,3,Both,22,All ages,509,Chronic obstructive pulmonary disease,100,Secondhand smoke,3,Rate,2017,1.9538756754115927,2.9993999604694856,0.9715866955138046
1,All Population,1,Deaths,13,Malaysia,3,Both,22,All ages,426,"Tracheal, bronchus, and lung cancer",100,Secondhand smoke,1,Number,2019,571.7759212729734,723.470404429393,434.2787054277312
1,All Population,1,Deaths,13,Malaysia,3,Both,22,All ages,426,"Tracheal, bronchus, and lung cancer",100,Secondhand smoke,2,Percent,2019,0.10739575129714715,0.13021372783785623,0.08403965557859738
1,All Population,1,Deaths,13,Malaysia,3,Both,22,All ages,426,"Tracheal, bronchus, and lung cancer",100,Secondhand smoke,3,Rate,2019,1.7324972837658241,2.1921358768805006,1.315876813902563
1,All Population,1,Deaths,13,Malaysia,3,Both,22,All ages,494,Stroke,100,Secondhand smoke,1,Number,2018,1124.1997915529341,1531.491289260626,736.5121543271036
1,All Population,1,Deaths,13,Malaysia,3,Both,22,All ages,494,Stroke,100,Secondhand smoke,2,Percent,2018,0.053034437739687246,0.07115648582620075,0.035456462790830506
1,All Population,1,Deaths,13,Malaysia,3,Both,22,All ages,494,Stroke,100,Secondhand smoke,3,Rate,2018,3.4441176268058102,4.691902795459395,2.256391178983118
1,All Population,1,Deaths,13,Malaysia,3,Both,22,All ages,494,Stroke,100,Secondhand smoke,1,Number,2019,1099.0653854949917,1485.796470584873,705.5300696479616
1,All Population,1,Deaths,13,Malaysia,3,Both,22,All ages,494,Stroke,100,Secondhand smoke,2,Percent,2019,0.052567187848171625,0.07071978412253274,0.03495153790835347
1,All Population,1,Deaths,13,Malaysia,3,Both,22,All ages,494,Stroke,100,Secondhand smoke,3,Rate,2019,3.3301993389505737,4.502005512555002,2.1377761528657486
1,All Population,1,Deaths,13,Malaysia,3,Both,22,All ages,322,Lower respiratory infections,100,Secondhand smoke,1,Number,2015,2343.272243617819,3201.047051172119,1560.559074379554
1,All Population,1,Deaths,13,Malaysia,3,Both,22,All ages,322,Lower respiratory infections,100,Secondhand smoke,2,Percent,2015,0.10692926776016957,0.13907836799920764,0.07566894057982508
1,All Population,1,Deaths,13,Malaysia,3,Both,22,All ages,322,Lower respiratory infections,100,Secondhand smoke,3,Rate,2015,7.45046770787387,10.177775011460646,4.961819959913596
1,All Population,1,Deaths,13,Malaysia,3,Both,22,All ages,322,Lower respiratory infections,100,Secondhand smoke,1,Number,2016,2446.3253669167584,3357.1827533398996,1646.6199026514735
1,All Population,1,Deaths,13,Malaysia,3,Both,22,All ages,322,Lower respiratory infections,100,Secondhand smoke,2,Percent,2016,0.10569961686897424,0.13854199928509242,0.07408440926354418
1,All Population,1,Deaths,13,Malaysia,3,Both,22,All ages,322,Lower respiratory infections,100,Secondhand smoke,3,Rate,2016,7.677834060026329,10.536575566729635,5.167944764611884
1,All Population,1,Deaths,13,Malaysia,3,Both,22,All ages,515,Asthma,100,Secondhand smoke,1,Number,2018,66.31497225981437,101.01614039544302,44.38120808727937
1,All Population,1,Deaths,13,Malaysia,3,Both,22,All ages,515,Asthma,100,Secondhand smoke,2,Percent,2018,0.06835648066153595,0.0849362265643854,0.051507889507620364
1,All Population,1,Deaths,13,Malaysia,3,Both,22,All ages,515,Asthma,100,Secondhand smoke,3,Rate,2018,0.20316367837576768,0.309474768045671,0.13596702491928744
1,All Population,1,Deaths,13,Malaysia,3,Both,22,All ages,509,Chronic obstructive pulmonary disease,100,Secondhand smoke,1,Number,2018,643.3638913963536,996.4023695157763,320.4861635585264
1,All Population,1,Deaths,13,Malaysia,3,Both,22,All ages,509,Chronic obstructive pulmonary disease,100,Secondhand smoke,2,Percent,2018,0.12316778325674337,0.18224564835578216,0.0618357574900398
1,All Population,1,Deaths,13,Malaysia,3,Both,22,All ages,509,Chronic obstructive pulmonary disease,100,Secondhand smoke,3,Rate,2018,1.9710205743302063,3.0525952682306445,0.9818468686376002
1,All Population,1,Deaths,13,Malaysia,3,Both,22,All ages,515,Asthma,100,Secondhand smoke,1,Number,2019,66.83570128033998,100.97152976882724,44.50022319489491
1,All Population,1,Deaths,13,Malaysia,3,Both,22,All ages,515,Asthma,100,Secondhand smoke,2,Percent,2019,0.06813654291662295,0.0851027216850551,0.05142781887174372
1,All Population,1,Deaths,13,Malaysia,3,Both,22,All ages,515,Asthma,100,Secondhand smoke,3,Rate,2019,0.2025140734660144,0.30594660347485664,0.13483694038826347
1,All Population,1,Deaths,13,Malaysia,3,Both,22,All ages,587,Diabetes mellitus,100,Secondhand smoke,1,Number,2018,264.0284031151363,412.7205819466815,149.9658687882214
1,All Population,1,Deaths,13,Malaysia,3,Both,22,All ages,587,Diabetes mellitus,100,Secondhand smoke,2,Percent,2018,0.05262195353209125,0.07682651119440614,0.029470555071279898
1,All Population,1,Deaths,13,Malaysia,3,Both,22,All ages,587,Diabetes mellitus,100,Secondhand smoke,3,Rate,2018,0.8088819122534174,1.264417803586817,0.4594379895759312
1,All Population,1,Deaths,13,Malaysia,3,Both,22,All ages,587,Diabetes mellitus,100,Secondhand smoke,1,Number,2019,273.68250442961823,432.68229736271167,154.8191840474421
1,All Population,1,Deaths,13,Malaysia,3,Both,22,All ages,587,Diabetes mellitus,100,Secondhand smoke,2,Percent,2019,0.052327381431304845,0.076540971203887,0.02907576710518217
1,All Population,1,Deaths,13,Malaysia,3,Both,22,All ages,587,Diabetes mellitus,100,Secondhand smoke,3,Rate,2019,0.8292657628584786,1.3110396521167522,0.469106525577143
1,All Population,1,Deaths,13,Malaysia,3,Both,22,All ages,494,Stroke,100,Secondhand smoke,1,Number,2017,1104.8870313271138,1510.9533790617415,739.5092636553779
1,All Population,1,Deaths,13,Malaysia,3,Both,22,All ages,494,Stroke,100,Secondhand smoke,2,Percent,2017,0.0535111271240477,0.07122113466368277,0.036040369169806845
1,All Population,1,Deaths,13,Malaysia,3,Both,22,All ages,494,Stroke,100,Secondhand smoke,3,Rate,2017,3.424955968061168,4.683690410289193,2.2923489860776067
1,All Population,1,Deaths,13,Malaysia,3,Both,22,All ages,509,Chronic obstructive pulmonary disease,100,Secondhand smoke,1,Number,2019,645.8075361867467,999.9212782102593,325.2505802384553
1,All Population,1,Deaths,13,Malaysia,3,Both,22,All ages,509,Chronic obstructive pulmonary disease,100,Secondhand smoke,2,Percent,2019,0.12303325350925617,0.18067178734484562,0.060957805116535035
1,All Population,1,Deaths,13,Malaysia,3,Both,22,All ages,509,Chronic obstructive pulmonary disease,100,Secondhand smoke,3,Rate,2019,1.9568151799538267,3.0297898775137,0.9855184974418708
1,All Population,1,Deaths,13,Malaysia,3,Both,22,All ages,329,Otitis media,100,Secondhand smoke,1,Number,2019,0.007156043859186823,0.018889735960924525,0.0011712448371986508
1,All Population,1,Deaths,13,Malaysia,3,Both,22,All ages,329,Otitis media,100,Secondhand smoke,2,Percent,2019,0.004857102429953941,0.010800027821663139,0.0020730575943369405
1,All Population,1,Deaths,13,Malaysia,3,Both,22,All ages,329,Otitis media,100,Secondhand smoke,3,Rate,2019,2.1683016173448457e-05,5.723643655803987e-05,3.5489051279979493e-06
1,All Population,1,Deaths,13,Malaysia,3,Both,22,All ages,329,Otitis media,100,Secondhand smoke,1,Number,2017,0.008855844289217468,0.02230538059058216,0.0014485329913066993
1,All Population,1,Deaths,13,Malaysia,3,Both,22,All ages,329,Otitis media,100,Secondhand smoke,2,Percent,2017,0.005794286917523217,0.012297269048235726,0.002521278679274439
1,All Population,1,Deaths,13,Malaysia,3,Both,22,All ages,329,Otitis media,100,Secondhand smoke,3,Rate,2017,2.7451563726062065e-05,6.914276682370844e-05,4.490198158584928e-06
1,All Population,1,Deaths,13,Malaysia,3,Both,22,All ages,515,Asthma,100,Secondhand smoke,1,Number,2017,65.5030896372454,100.49991590029546,42.456851065787184
1,All Population,1,Deaths,13,Malaysia,3,Both,22,All ages,515,Asthma,100,Secondhand smoke,2,Percent,2017,0.06899207264227662,0.08527318466239678,0.052140807027914376
1,All Population,1,Deaths,13,Malaysia,3,Both,22,All ages,515,Asthma,100,Secondhand smoke,3,Rate,2017,0.20304808674427213,0.3115321087070085,0.13160879014770596
1,All Population,1,Deaths,13,Malaysia,3,Both,22,All ages,329,Otitis media,100,Secondhand smoke,1,Number,2018,0.008180258769873727,0.0206691993884376,0.0013525654486953578
1,All Population,1,Deaths,13,Malaysia,3,Both,22,All ages,329,Otitis media,100,Secondhand smoke,2,Percent,2018,0.005372837995138342,0.011523295491753389,0.002459517171694896
1,All Population,1,Deaths,13,Malaysia,3,Both,22,All ages,329,Otitis media,100,Secondhand smoke,3,Rate,2018,2.5061180079242458e-05,6.332251124806397e-05,4.143742543151725e-06
1,All Population,1,Deaths,13,Malaysia,3,Both,22,All ages,587,Diabetes mellitus,100,Secondhand smoke,1,Number,2017,252.29672717305246,404.79619209424703,142.7421517070912
1,All Population,1,Deaths,13,Malaysia,3,Both,22,All ages,587,Diabetes mellitus,100,Secondhand smoke,2,Percent,2017,0.05317125863703117,0.07735663911709238,0.030001588012829865
1,All Population,1,Deaths,13,Malaysia,3,Both,22,All ages,587,Diabetes mellitus,100,Secondhand smoke,3,Rate,2017,0.7820755941136739,1.2547971825647797,0.4424756292015474
1,All Population,1,Deaths,13,Malaysia,3,Both,22,All ages,429,Breast cancer,100,Secondhand smoke,1,Number,2019,286.12329649728787,410.56391909927686,179.57015782624956
1,All Population,1,Deaths,13,Malaysia,3,Both,22,All ages,429,Breast cancer,100,Secondhand smoke,2,Percent,2019,0.09025071710649894,0.1253359968993862,0.058015220435832265
1,All Population,1,Deaths,13,Malaysia,3,Both,22,All ages,429,Breast cancer,100,Secondhand smoke,3,Rate,2019,0.8669617162262725,1.2440203376667978,0.5441026792222196
1,All Population,1,Deaths,13,Malaysia,3,Both,22,All ages,493,Ischemic heart disease,100,Secondhand smoke,1,Number,2019,2495.669156552063,3076.135768111193,1799.2178047923137
1,All Population,1,Deaths,13,Malaysia,3,Both,22,All ages,493,Ischemic heart disease,100,Secondhand smoke,2,Percent,2019,0.07829723044247637,0.09711394247381819,0.057990419266479236
1,All Population,1,Deaths,13,Malaysia,3,Both,22,All ages,493,Ischemic heart disease,100,Secondhand smoke,3,Rate,2019,7.56194843825958,9.320778760466924,5.451681058492193
1,All Population,1,Deaths,13,Malaysia,3,Both,22,All ages,429,Breast cancer,100,Secondhand smoke,1,Number,2017,282.27001451223265,399.3591401009217,167.92939515610303
1,All Population,1,Deaths,13,Malaysia,3,Both,22,All ages,429,Breast cancer,100,Secondhand smoke,2,Percent,2017,0.09216000522495865,0.12746133596946374,0.0590288069731762
1,All Population,1,Deaths,13,Malaysia,3,Both,22,All ages,429,Breast cancer,100,Secondhand smoke,3,Rate,2017,0.8749875266860316,1.2379432752012085,0.5205516653245226
1,All Population,1,Deaths,13,Malaysia,3,Both,22,All ages,426,"Tracheal, bronchus, and lung cancer",100,Secondhand smoke,1,Number,2020,575.2610772376554,735.7352398428567,439.5509475917077
1,All Population,1,Deaths,13,Malaysia,3,Both,22,All ages,426,"Tracheal, bronchus, and lung cancer",100,Secondhand smoke,2,Percent,2020,0.10696166612466106,0.13043591103721966,0.08319200056603573
1,All Population,1,Deaths,13,Malaysia,3,Both,22,All ages,426,"Tracheal, bronchus, and lung cancer",100,Secondhand smoke,3,Rate,2020,1.725274650646316,2.206555265277696,1.3182642413233323
1,All Population,1,Deaths,13,Malaysia,3,Both,22,All ages,493,Ischemic heart disease,100,Secondhand smoke,1,Number,2017,2380.619685373001,2982.4220728302557,1770.40643281832
1,All Population,1,Deaths,13,Malaysia,3,Both,22,All ages,493,Ischemic heart disease,100,Secondhand smoke,2,Percent,2017,0.079485426503036,0.09783394370855328,0.05901832718177595
1,All Population,1,Deaths,13,Malaysia,3,Both,22,All ages,493,Ischemic heart disease,100,Secondhand smoke,3,Rate,2017,7.379503395300716,9.244985222922015,5.487949361385709
1,All Population,1,Deaths,13,Malaysia,3,Both,22,All ages,429,Breast cancer,100,Secondhand smoke,1,Number,2018,288.1131384779747,413.9628627263253,176.73463274238483
1,All Population,1,Deaths,13,Malaysia,3,Both,22,All ages,429,Breast cancer,100,Secondhand smoke,2,Percent,2018,0.0910636352081238,0.12610967958787245,0.058398482208790764
1,All Population,1,Deaths,13,Malaysia,3,Both,22,All ages,429,Breast cancer,100,Secondhand smoke,3,Rate,2018,0.8826683176800904,1.2682236761396866,0.5414472307046663
1,All Population,1,Deaths,13,Malaysia,3,Both,22,All ages,509,Chronic obstructive pulmonary disease,100,Secondhand smoke,1,Number,2020,608.0730383854085,942.5838985106791,308.06567545604395
1,All Population,1,Deaths,13,Malaysia,3,Both,22,All ages,509,Chronic obstructive pulmonary disease,100,Secondhand smoke,2,Percent,2020,0.12218213544600837,0.1777898490787145,0.060083661065845846
1,All Population,1,Deaths,13,Malaysia,3,Both,22,All ages,509,Chronic obstructive pulmonary disease,100,Secondhand smoke,3,Rate,2020,1.8236815254483534,2.8269183689895674,0.9239246693879339
1,All Population,1,Deaths,13,Malaysia,3,Both,22,All ages,493,Ischemic heart disease,100,Secondhand smoke,1,Number,2018,2475.158287839768,3083.582692146167,1804.662175377755
1,All Population,1,Deaths,13,Malaysia,3,Both,22,All ages,493,Ischemic heart disease,100,Secondhand smoke,2,Percent,2018,0.07892415528262041,0.09752261238396653,0.05850992037025314
1,All Population,1,Deaths,13,Malaysia,3,Both,22,All ages,493,Ischemic heart disease,100,Secondhand smoke,3,Rate,2018,7.58293708319198,9.446916449845178,5.528793774336496
1,All Population,1,Deaths,13,Malaysia,3,Both,22,All ages,426,"Tracheal, bronchus, and lung cancer",100,Secondhand smoke,1,Number,2021,614.2963957988443,783.4948072515078,470.0932165381956
1,All Population,1,Deaths,13,Malaysia,3,Both,22,All ages,426,"Tracheal, bronchus, and lung cancer",100,Secondhand smoke,2,Percent,2021,0.10728269792668836,0.13097234465974292,0.08330992012430954
1,All Population,1,Deaths,13,Malaysia,3,Both,22,All ages,426,"Tracheal, bronchus, and lung cancer",100,Secondhand smoke,3,Rate,2021,1.8264599642845103,2.3295300240346615,1.3977071090775204
1,All Population,1,Deaths,13,Malaysia,3,Both,22,All ages,509,Chronic obstructive pulmonary disease,100,Secondhand smoke,1,Number,2021,645.9326696893597,1040.4327458095352,325.5075889440055
1,All Population,1,Deaths,13,Malaysia,3,Both,22,All ages,509,Chronic obstructive pulmonary disease,100,Secondhand smoke,2,Percent,2021,0.12226942064970485,0.1789242898593151,0.06008412409527337
1,All Population,1,Deaths,13,Malaysia,3,Both,22,All ages,509,Chronic obstructive pulmonary disease,100,Secondhand smoke,3,Rate,2021,1.9205226807115279,3.093472090586687,0.967817137367166
1,All Population,1,Deaths,13,Malaysia,3,Both,22,All ages,494,Stroke,100,Secondhand smoke,1,Number,2020,1073.0424838255449,1462.02751970394,682.2332330846715
1,All Population,1,Deaths,13,Malaysia,3,Both,22,All ages,494,Stroke,100,Secondhand smoke,2,Percent,2020,0.05225816107514985,0.07044839759376557,0.034791221975246964
1,All Population,1,Deaths,13,Malaysia,3,Both,22,All ages,494,Stroke,100,Secondhand smoke,3,Rate,2020,3.218178788143447,4.3847899990119545,2.04609654545287
1,All Population,1,Deaths,13,Malaysia,3,Both,22,All ages,515,Asthma,100,Secondhand smoke,1,Number,2020,65.30817064182602,96.9439366836441,39.69685438461826
1,All Population,1,Deaths,13,Malaysia,3,Both,22,All ages,515,Asthma,100,Secondhand smoke,2,Percent,2020,0.06749604949955229,0.08568200066021145,0.05043538100755662
1,All Population,1,Deaths,13,Malaysia,3,Both,22,All ages,515,Asthma,100,Secondhand smoke,3,Rate,2020,0.19586677379508785,0.29074610313858457,0.11905546766531151
1,All Population,1,Deaths,13,Malaysia,3,Both,22,All ages,587,Diabetes mellitus,100,Secondhand smoke,1,Number,2020,276.02036315676185,429.66959598506384,153.4728061914308
1,All Population,1,Deaths,13,Malaysia,3,Both,22,All ages,587,Diabetes mellitus,100,Secondhand smoke,2,Percent,2020,0.05184116957287076,0.07552615088065165,0.028741804306569037
1,All Population,1,Deaths,13,Malaysia,3,Both,22,All ages,587,Diabetes mellitus,100,Secondhand smoke,3,Rate,2020,0.8278170633467279,1.2886289224817917,0.46028273520101537
1,All Population,1,Deaths,13,Malaysia,3,Both,22,All ages,494,Stroke,100,Secondhand smoke,1,Number,2021,1128.1229714207125,1561.7951129529438,714.0710571531397
1,All Population,1,Deaths,13,Malaysia,3,Both,22,All ages,494,Stroke,100,Secondhand smoke,2,Percent,2021,0.052364659113948366,0.07036297730940722,0.03490062317955308
1,All Population,1,Deaths,13,Malaysia,3,Both,22,All ages,494,Stroke,100,Secondhand smoke,3,Rate,2021,3.3541975114637124,4.643615469230012,2.123115496792858
1,All Population,1,Deaths,13,Malaysia,3,Both,22,All ages,515,Asthma,100,Secondhand smoke,1,Number,2021,69.67769336187932,106.9695957734677,40.41256439258533
1,All Population,1,Deaths,13,Malaysia,3,Both,22,All ages,515,Asthma,100,Secondhand smoke,2,Percent,2021,0.06698918584822414,0.08548727766802702,0.049210008522379965
1,All Population,1,Deaths,13,Malaysia,3,Both,22,All ages,515,Asthma,100,Secondhand smoke,3,Rate,2021,0.20716956537514591,0.3180479088142223,0.12015686795808106
1,All Population,1,Deaths,13,Malaysia,3,Both,22,All ages,587,Diabetes mellitus,100,Secondhand smoke,1,Number,2021,312.3344989020673,490.9891947964321,170.0155782385982
1,All Population,1,Deaths,13,Malaysia,3,Both,22,All ages,587,Diabetes mellitus,100,Secondhand smoke,2,Percent,2021,0.051942053296321684,0.07542735404875839,0.028808852765394785
1,All Population,1,Deaths,13,Malaysia,3,Both,22,All ages,587,Diabetes mellitus,100,Secondhand smoke,3,Rate,2021,0.9286501786611383,1.4598361854716562,0.505499705160511
1,All Population,1,Deaths,13,Malaysia,3,Both,22,All ages,322,Lower respiratory infections,100,Secondhand smoke,1,Number,2018,2531.8629754142853,3442.9767259856685,1764.3295093168858
1,All Population,1,Deaths,13,Malaysia,3,Both,22,All ages,322,Lower respiratory infections,100,Secondhand smoke,2,Percent,2018,0.10383899551610348,0.13578498846213585,0.07225108810233144
1,All Population,1,Deaths,13,Malaysia,3,Both,22,All ages,322,Lower respiratory infections,100,Secondhand smoke,3,Rate,2018,7.756658529740308,10.547962132486358,5.405229931717004
1,All Population,1,Deaths,13,Malaysia,3,Both,22,All ages,329,Otitis media,100,Secondhand smoke,1,Number,2020,0.0058931236480266255,0.016188853965610078,0.000910448554013301
1,All Population,1,Deaths,13,Malaysia,3,Both,22,All ages,329,Otitis media,100,Secondhand smoke,2,Percent,2020,0.00426225718498379,0.009490378716302594,0.0017479479585651978
1,All Population,1,Deaths,13,Malaysia,3,Both,22,All ages,329,Otitis media,100,Secondhand smoke,3,Rate,2020,1.7674160907751303e-05,4.8552249535115775e-05,2.7305407459504055e-06
1,All Population,1,Deaths,13,Malaysia,3,Both,22,All ages,493,Ischemic heart disease,100,Secondhand smoke,1,Number,2020,2495.777971318632,3127.5549539825133,1832.0612091875194
1,All Population,1,Deaths,13,Malaysia,3,Both,22,All ages,493,Ischemic heart disease,100,Secondhand smoke,2,Percent,2020,0.0777950586162098,0.09630541281922303,0.05790832986158528
1,All Population,1,Deaths,13,Malaysia,3,Both,22,All ages,493,Ischemic heart disease,100,Secondhand smoke,3,Rate,2020,7.485127428113207,9.379899830038651,5.494563925342462
1,All Population,1,Deaths,13,Malaysia,3,Both,22,All ages,329,Otitis media,100,Secondhand smoke,1,Number,2021,0.00425343135532097,0.011538846640732523,0.000645540507501563
1,All Population,1,Deaths,13,Malaysia,3,Both,22,All ages,329,Otitis media,100,Secondhand smoke,2,Percent,2021,0.0030007495900682096,0.007363820302997727,0.0011052081329569223
1,All Population,1,Deaths,13,Malaysia,3,Both,22,All ages,329,Otitis media,100,Secondhand smoke,3,Rate,2021,1.2646536972146048e-05,3.430793598570615e-05,1.9193566824403097e-06
1,All Population,1,Deaths,13,Malaysia,3,Both,22,All ages,322,Lower respiratory infections,100,Secondhand smoke,1,Number,2019,2483.801072302899,3356.0525500938556,1734.9160263425733
1,All Population,1,Deaths,13,Malaysia,3,Both,22,All ages,322,Lower respiratory infections,100,Secondhand smoke,2,Percent,2019,0.10332667500123764,0.13564679609848793,0.07177419825888752
1,All Population,1,Deaths,13,Malaysia,3,Both,22,All ages,322,Lower respiratory infections,100,Secondhand smoke,3,Rate,2019,7.525987805850637,10.168934561406834,5.256844843183465
1,All Population,1,Deaths,13,Malaysia,3,Both,22,All ages,515,Asthma,100,Secondhand smoke,1,Number,2022,79.56094416314693,120.1184820734259,49.73825949597291
1,All Population,1,Deaths,13,Malaysia,3,Both,22,All ages,515,Asthma,100,Secondhand smoke,2,Percent,2022,0.06657254198916449,0.08429704056999499,0.049612499686928664
1,All Population,1,Deaths,13,Malaysia,3,Both,22,All ages,515,Asthma,100,Secondhand smoke,3,Rate,2022,0.234755277674554,0.35442575386196457,0.14675943129939217
1,All Population,1,Deaths,13,Malaysia,3,Both,22,All ages,587,Diabetes mellitus,100,Secondhand smoke,1,Number,2022,339.53312980900785,522.4839849647153,184.2044820457043
1,All Population,1,Deaths,13,Malaysia,3,Both,22,All ages,587,Diabetes mellitus,100,Secondhand smoke,2,Percent,2022,0.051296190320742015,0.07425847562352172,0.028493290259352266
1,All Population,1,Deaths,13,Malaysia,3,Both,22,All ages,587,Diabetes mellitus,100,Secondhand smoke,3,Rate,2022,1.0018382135407695,1.541659343802937,0.5435201251868387
1,All Population,1,Deaths,13,Malaysia,3,Both,22,All ages,493,Ischemic heart disease,100,Secondhand smoke,1,Number,2021,2681.1708418571293,3330.01352495473,1990.7620672035482
1,All Population,1,Deaths,13,Malaysia,3,Both,22,All ages,493,Ischemic heart disease,100,Secondhand smoke,2,Percent,2021,0.07783349913387975,0.09658927482413324,0.057896053224369706
1,All Population,1,Deaths,13,Malaysia,3,Both,22,All ages,493,Ischemic heart disease,100,Secondhand smoke,3,Rate,2021,7.971805196237248,9.900980089499644,5.91904370435896
1,All Population,1,Deaths,13,Malaysia,3,Both,22,All ages,426,"Tracheal, bronchus, and lung cancer",100,Secondhand smoke,1,Number,2022,696.4685918706809,895.2072350617099,523.3362395990812
1,All Population,1,Deaths,13,Malaysia,3,Both,22,All ages,426,"Tracheal, bronchus, and lung cancer",100,Secondhand smoke,2,Percent,2022,0.10623880070606945,0.1299741486490498,0.08256898999847251
1,All Population,1,Deaths,13,Malaysia,3,Both,22,All ages,426,"Tracheal, bronchus, and lung cancer",100,Secondhand smoke,3,Rate,2022,2.0550243514070954,2.641429475902652,1.544174035847437
1,All Population,1,Deaths,13,Malaysia,3,Both,22,All ages,426,"Tracheal, bronchus, and lung cancer",100,Secondhand smoke,1,Number,1996,278.24768671476096,361.94629472210374,199.70350457560752
1,All Population,1,Deaths,13,Malaysia,3,Both,22,All ages,426,"Tracheal, bronchus, and lung cancer",100,Secondhand smoke,2,Percent,1996,0.1122234803654452,0.13520486545628418,0.08846700290732304
1,All Population,1,Deaths,13,Malaysia,3,Both,22,All ages,426,"Tracheal, bronchus, and lung cancer",100,Secondhand smoke,3,Rate,1996,1.3032774991099514,1.6953113514331075,0.935386335389733
1,All Population,1,Deaths,13,Malaysia,3,Both,22,All ages,426,"Tracheal, bronchus, and lung cancer",100,Secondhand smoke,1,Number,2023,690.327999585372,889.7973431355772,520.6242465493802
1,All Population,1,Deaths,13,Malaysia,3,Both,22,All ages,426,"Tracheal, bronchus, and lung cancer",100,Secondhand smoke,2,Percent,2023,0.10623896562666577,0.12985883571161533,0.0819567803424135
1,All Population,1,Deaths,13,Malaysia,3,Both,22,All ages,426,"Tracheal, bronchus, and lung cancer",100,Secondhand smoke,3,Rate,2023,2.020585628111585,2.60443111760133,1.523863831187403
1,All Population,1,Deaths,13,Malaysia,3,Both,22,All ages,509,Chronic obstructive pulmonary disease,100,Secondhand smoke,1,Number,2022,766.3292747008849,1226.7326822507725,380.4180001892547
1,All Population,1,Deaths,13,Malaysia,3,Both,22,All ages,509,Chronic obstructive pulmonary disease,100,Secondhand smoke,2,Percent,2022,0.12132068550527861,0.17869834913213586,0.05935500979859219
1,All Population,1,Deaths,13,Malaysia,3,Both,22,All ages,509,Chronic obstructive pulmonary disease,100,Secondhand smoke,3,Rate,2022,2.2611577019956517,3.6196399437354247,1.1224745282521877
1,All Population,1,Deaths,13,Malaysia,3,Both,22,All ages,509,Chronic obstructive pulmonary disease,100,Secondhand smoke,1,Number,1996,385.4945063498886,631.6668894907278,184.98224745110292
1,All Population,1,Deaths,13,Malaysia,3,Both,22,All ages,509,Chronic obstructive pulmonary disease,100,Secondhand smoke,2,Percent,1996,0.12408202177350958,0.18682121971388596,0.06336568675834758
1,All Population,1,Deaths,13,Malaysia,3,Both,22,All ages,509,Chronic obstructive pulmonary disease,100,Secondhand smoke,3,Rate,1996,1.8056082409459118,2.958649014214307,0.8664338010649937
1,All Population,1,Deaths,13,Malaysia,3,Both,22,All ages,509,Chronic obstructive pulmonary disease,100,Secondhand smoke,1,Number,2023,686.552646984986,1100.8629830163372,337.74578300955164
1,All Population,1,Deaths,13,Malaysia,3,Both,22,All ages,509,Chronic obstructive pulmonary disease,100,Secondhand smoke,2,Percent,2023,0.12116685146293976,0.1783065745661821,0.058934254101292924
1,All Population,1,Deaths,13,Malaysia,3,Both,22,All ages,509,Chronic obstructive pulmonary disease,100,Secondhand smoke,3,Rate,2023,2.0095351952594114,3.2222188920902566,0.9885797411002991
1,All Population,1,Deaths,13,Malaysia,3,Both,22,All ages,322,Lower respiratory infections,100,Secondhand smoke,1,Number,2017,2532.6197283790266,3459.8674555271814,1701.1764396099434
1,All Population,1,Deaths,13,Malaysia,3,Both,22,All ages,322,Lower respiratory infections,100,Secondhand smoke,2,Percent,2017,0.10479162471562987,0.13754401985817002,0.07311736815768892
1,All Population,1,Deaths,13,Malaysia,3,Both,22,All ages,322,Lower respiratory infections,100,Secondhand smoke,3,Rate,2017,7.8506768634278,10.72498215159169,5.273348527377309
1,All Population,1,Deaths,13,Malaysia,3,Both,22,All ages,494,Stroke,100,Secondhand smoke,1,Number,1996,741.8590766013481,1037.697576799224,480.6081615969965
1,All Population,1,Deaths,13,Malaysia,3,Both,22,All ages,494,Stroke,100,Secondhand smoke,2,Percent,1996,0.057877457578552435,0.07825909910267723,0.03894636098136306
1,All Population,1,Deaths,13,Malaysia,3,Both,22,All ages,494,Stroke,100,Secondhand smoke,3,Rate,1996,3.474775490357144,4.860446168272156,2.251108752397535
1,All Population,1,Deaths,13,Malaysia,3,Both,22,All ages,515,Asthma,100,Secondhand smoke,1,Number,1996,58.927153591532495,90.56128238097043,32.02462143195272
1,All Population,1,Deaths,13,Malaysia,3,Both,22,All ages,515,Asthma,100,Secondhand smoke,2,Percent,1996,0.06998364788131464,0.09100148096338137,0.05204734802933114
1,All Population,1,Deaths,13,Malaysia,3,Both,22,All ages,515,Asthma,100,Secondhand smoke,3,Rate,1996,0.27600744598882704,0.4241777641035825,0.149999337002805
1,All Population,1,Deaths,13,Malaysia,3,Both,22,All ages,587,Diabetes mellitus,100,Secondhand smoke,1,Number,1996,146.57493634103673,237.36811991466726,75.32154250689653
1,All Population,1,Deaths,13,Malaysia,3,Both,22,All ages,587,Diabetes mellitus,100,Secondhand smoke,2,Percent,1996,0.05660209229731442,0.08080527904602412,0.03431355025298731
1,All Population,1,Deaths,13,Malaysia,3,Both,22,All ages,587,Diabetes mellitus,100,Secondhand smoke,3,Rate,1996,0.6865387407967004,1.111802701195315,0.35279672117498506
1,All Population,1,Deaths,13,Malaysia,3,Both,22,All ages,494,Stroke,100,Secondhand smoke,1,Number,2022,1239.6636781831935,1751.9582111248874,794.3682719669724
1,All Population,1,Deaths,13,Malaysia,3,Both,22,All ages,494,Stroke,100,Secondhand smoke,2,Percent,2022,0.051846228090484475,0.06964206203260119,0.03481722330170479
1,All Population,1,Deaths,13,Malaysia,3,Both,22,All ages,494,Stroke,100,Secondhand smoke,3,Rate,2022,3.657794588236616,5.169388581958855,2.3438905385419213
1,All Population,1,Deaths,13,Malaysia,3,Both,22,All ages,426,"Tracheal, bronchus, and lung cancer",100,Secondhand smoke,1,Number,1999,341.96352558833695,433.82424670992395,250.3628534471231
1,All Population,1,Deaths,13,Malaysia,3,Both,22,All ages,426,"Tracheal, bronchus, and lung cancer",100,Secondhand smoke,2,Percent,1999,0.11381960486941589,0.13511875718363783,0.09073483887462387
1,All Population,1,Deaths,13,Malaysia,3,Both,22,All ages,426,"Tracheal, bronchus, and lung cancer",100,Secondhand smoke,3,Rate,1999,1.4654627825650544,1.8591260182907559,1.072913970085883
1,All Population,1,Deaths,13,Malaysia,3,Both,22,All ages,494,Stroke,100,Secondhand smoke,1,Number,2023,1178.6276879157197,1695.2063389227162,747.163330790889
1,All Population,1,Deaths,13,Malaysia,3,Both,22,All ages,494,Stroke,100,Secondhand smoke,2,Percent,2023,0.051720856788307096,0.06986516063887141,0.03475445000300793
1,All Population,1,Deaths,13,Malaysia,3,Both,22,All ages,494,Stroke,100,Secondhand smoke,3,Rate,2023,3.449835684670605,4.9618580836475195,2.1869422780979777
1,All Population,1,Deaths,13,Malaysia,3,Both,22,All ages,515,Asthma,100,Secondhand smoke,1,Number,2023,68.27502932810202,104.83551914944339,43.71575712679789
1,All Population,1,Deaths,13,Malaysia,3,Both,22,All ages,515,Asthma,100,Secondhand smoke,2,Percent,2023,0.06663668822373651,0.08552110029594735,0.05055218073396241
1,All Population,1,Deaths,13,Malaysia,3,Both,22,All ages,515,Asthma,100,Secondhand smoke,3,Rate,2023,0.19984057303502023,0.30685289230077895,0.12795574078623276
1,All Population,1,Deaths,13,Malaysia,3,Both,22,All ages,322,Lower respiratory infections,100,Secondhand smoke,1,Number,2020,2208.2707004303684,3044.7814195492124,1450.8234539263167
1,All Population,1,Deaths,13,Malaysia,3,Both,22,All ages,322,Lower respiratory infections,100,Secondhand smoke,2,Percent,2020,0.10275114880341824,0.1348005184771835,0.07080388118740796
1,All Population,1,Deaths,13,Malaysia,3,Both,22,All ages,322,Lower respiratory infections,100,Secondhand smoke,3,Rate,2020,6.6228597970022935,9.1316524057771,4.3511877070524
1,All Population,1,Deaths,13,Malaysia,3,Both,22,All ages,587,Diabetes mellitus,100,Secondhand smoke,1,Number,2023,298.1192126469172,462.7094713682588,164.3021289023634
1,All Population,1,Deaths,13,Malaysia,3,Both,22,All ages,587,Diabetes mellitus,100,Secondhand smoke,2,Percent,2023,0.050961408528872446,0.07413871569907277,0.028227216082082406
1,All Population,1,Deaths,13,Malaysia,3,Both,22,All ages,587,Diabetes mellitus,100,Secondhand smoke,3,Rate,2023,0.8725930237511793,1.3543476556062677,0.4809112777225493
1,All Population,1,Deaths,13,Malaysia,3,Both,22,All ages,322,Lower respiratory infections,100,Secondhand smoke,1,Number,2021,2207.9396797554846,3238.6852141733307,1422.0403411251107
1,All Population,1,Deaths,13,Malaysia,3,Both,22,All ages,322,Lower respiratory infections,100,Secondhand smoke,2,Percent,2021,0.10282947468076814,0.13480193735142904,0.07126771422971932
1,All Population,1,Deaths,13,Malaysia,3,Both,22,All ages,322,Lower respiratory infections,100,Secondhand smoke,3,Rate,2021,6.564768174139015,9.629437712906274,4.228088864634989
1,All Population,1,Deaths,13,Malaysia,3,Both,22,All ages,509,Chronic obstructive pulmonary disease,100,Secondhand smoke,1,Number,1999,489.12325959447077,780.2708829466549,242.02291483689947
1,All Population,1,Deaths,13,Malaysia,3,Both,22,All ages,509,Chronic obstructive pulmonary disease,100,Secondhand smoke,2,Percent,1999,0.125957916923215,0.18807228134164125,0.06456319893076845
1,All Population,1,Deaths,13,Malaysia,3,Both,22,All ages,509,Chronic obstructive pulmonary disease,100,Secondhand smoke,3,Rate,1999,2.0961063955267902,3.3438008843493336,1.0371736974321466
1,All Population,1,Deaths,13,Malaysia,3,Both,22,All ages,429,Breast cancer,100,Secondhand smoke,1,Number,2020,290.31797675072625,417.8329847487695,182.0081118580064
1,All Population,1,Deaths,13,Malaysia,3,Both,22,All ages,429,Breast cancer,100,Secondhand smoke,2,Percent,2020,0.08973063457733196,0.12509880704976406,0.05767826942513203
1,All Population,1,Deaths,13,Malaysia,3,Both,22,All ages,429,Breast cancer,100,Secondhand smoke,3,Rate,2020,0.8706972637886792,1.2531295533716906,0.5458634244967181
1,All Population,1,Deaths,13,Malaysia,3,Both,22,All ages,429,Breast cancer,100,Secondhand smoke,1,Number,2021,325.37846507692836,469.2043610600702,205.19461941342536
1,All Population,1,Deaths,13,Malaysia,3,Both,22,All ages,429,Breast cancer,100,Secondhand smoke,2,Percent,2021,0.08934894583956011,0.12529068090145562,0.05731621318764716
1,All Population,1,Deaths,13,Malaysia,3,Both,22,All ages,429,Breast cancer,100,Secondhand smoke,3,Rate,2021,0.9674332191555948,1.395064314889025,0.6100959729022123
1,All Population,1,Deaths,13,Malaysia,3,Both,22,All ages,329,Otitis media,100,Secondhand smoke,1,Number,1996,0.006153607374067756,0.02183172366413349,0.0011313555686386866
1,All Population,1,Deaths,13,Malaysia,3,Both,22,All ages,329,Otitis media,100,Secondhand smoke,2,Percent,1996,0.007667136579660694,0.01932845886534355,0.0034509066086141574
1,All Population,1,Deaths,13,Malaysia,3,Both,22,All ages,329,Otitis media,100,Secondhand smoke,3,Rate,1996,2.8822730293535016e-05,0.00010225707373955342,5.299128533676057e-06
1,All Population,1,Deaths,13,Malaysia,3,Both,22,All ages,493,Ischemic heart disease,100,Secondhand smoke,1,Number,2022,2995.0826262073783,3674.6430420110573,2238.4883231632803
1,All Population,1,Deaths,13,Malaysia,3,Both,22,All ages,493,Ischemic heart disease,100,Secondhand smoke,2,Percent,2022,0.07715321725825454,0.09557980761743878,0.057739844023586125
1,All Population,1,Deaths,13,Malaysia,3,Both,22,All ages,493,Ischemic heart disease,100,Secondhand smoke,3,Rate,2022,8.837394540363315,10.842529041802822,6.60496118293749
1,All Population,1,Deaths,13,Malaysia,3,Both,22,All ages,329,Otitis media,100,Secondhand smoke,1,Number,2023,0.005047241990665001,0.014074594576832078,0.0005710785634828555
1,All Population,1,Deaths,13,Malaysia,3,Both,22,All ages,329,Otitis media,100,Secondhand smoke,2,Percent,2023,0.004056758218917126,0.009761448972780827,0.0014371215198721774
1,All Population,1,Deaths,13,Malaysia,3,Both,22,All ages,329,Otitis media,100,Secondhand smoke,3,Rate,2023,1.477324494162834e-05,4.119624807414054e-05,1.6715432933172878e-06
1,All Population,1,Deaths,13,Malaysia,3,Both,22,All ages,329,Otitis media,100,Secondhand smoke,1,Number,2022,0.005060369229964583,0.01329408631230482,0.0006589011737348862
1,All Population,1,Deaths,13,Malaysia,3,Both,22,All ages,329,Otitis media,100,Secondhand smoke,2,Percent,2022,0.0033184791609143236,0.008151508254852809,0.0012503984130426953
1,All Population,1,Deaths,13,Malaysia,3,Both,22,All ages,329,Otitis media,100,Secondhand smoke,3,Rate,2022,1.4931300730671432e-05,3.922599155277751e-05,1.944176626197852e-06
1,All Population,1,Deaths,13,Malaysia,3,Both,22,All ages,494,Stroke,100,Secondhand smoke,1,Number,1999,811.0811849366565,1126.1195432747502,537.9914912852815
1,All Population,1,Deaths,13,Malaysia,3,Both,22,All ages,494,Stroke,100,Secondhand smoke,2,Percent,1999,0.05876828578422018,0.07994332066013288,0.0392164414236373
1,All Population,1,Deaths,13,Malaysia,3,Both,22,All ages,494,Stroke,100,Secondhand smoke,3,Rate,1999,3.4758364598050964,4.825913162958069,2.305528071915929
1,All Population,1,Deaths,13,Malaysia,3,Both,22,All ages,515,Asthma,100,Secondhand smoke,1,Number,1999,71.33702883332866,104.79158051686036,37.6862656833594
1,All Population,1,Deaths,13,Malaysia,3,Both,22,All ages,515,Asthma,100,Secondhand smoke,2,Percent,1999,0.07100404616287419,0.09188873181920627,0.05155356086437314
1,All Population,1,Deaths,13,Malaysia,3,Both,22,All ages,515,Asthma,100,Secondhand smoke,3,Rate,1999,0.30571026718171934,0.44907760530723034,0.16150207738618955
1,All Population,1,Deaths,13,Malaysia,3,Both,22,All ages,587,Diabetes mellitus,100,Secondhand smoke,1,Number,1999,178.6171401833728,288.80133272589103,93.78002977494391
1,All Population,1,Deaths,13,Malaysia,3,Both,22,All ages,587,Diabetes mellitus,100,Secondhand smoke,2,Percent,1999,0.05748661112804377,0.0821585466430621,0.03326642099622344
1,All Population,1,Deaths,13,Malaysia,3,Both,22,All ages,587,Diabetes mellitus,100,Secondhand smoke,3,Rate,1999,0.7654523119581076,1.2376396106480398,0.4018883100078502
1,All Population,1,Deaths,13,Malaysia,3,Both,22,All ages,322,Lower respiratory infections,100,Secondhand smoke,1,Number,1996,1077.1940145490116,1553.5092491794408,747.223934317054
1,All Population,1,Deaths,13,Malaysia,3,Both,22,All ages,322,Lower respiratory infections,100,Secondhand smoke,2,Percent,1996,0.11838933916149387,0.1558881070632365,0.08302097224669384
1,All Population,1,Deaths,13,Malaysia,3,Both,22,All ages,322,Lower respiratory infections,100,Secondhand smoke,3,Rate,1996,5.045442562032165,7.276443779352201,3.499903815517213
1,All Population,1,Deaths,13,Malaysia,3,Both,22,All ages,329,Otitis media,100,Secondhand smoke,1,Number,1999,0.003682134788038528,0.01813488804134017,0.0006636111944820803
1,All Population,1,Deaths,13,Malaysia,3,Both,22,All ages,329,Otitis media,100,Secondhand smoke,2,Percent,1999,0.005837081458625597,0.018653071058396156,0.002400346923062201
1,All Population,1,Deaths,13,Malaysia,3,Both,22,All ages,329,Otitis media,100,Secondhand smoke,3,Rate,1999,1.5779552754858404e-05,7.771590097173366e-05,2.8438632627087323e-06
1,All Population,1,Deaths,13,Malaysia,3,Both,22,All ages,429,Breast cancer,100,Secondhand smoke,1,Number,1996,109.16220822887816,163.38014898072777,61.79260402044112
1,All Population,1,Deaths,13,Malaysia,3,Both,22,All ages,429,Breast cancer,100,Secondhand smoke,2,Percent,1996,0.10205975238913352,0.14059628276125447,0.0640250140384753
1,All Population,1,Deaths,13,Malaysia,3,Both,22,All ages,429,Breast cancer,100,Secondhand smoke,3,Rate,1996,0.5113021833805782,0.7652522631251709,0.2894288588059621
1,All Population,1,Deaths,13,Malaysia,3,Both,22,All ages,493,Ischemic heart disease,100,Secondhand smoke,1,Number,1996,1499.2489875544436,2002.6871662233975,1139.8104798703243
1,All Population,1,Deaths,13,Malaysia,3,Both,22,All ages,493,Ischemic heart disease,100,Secondhand smoke,2,Percent,1996,0.08628731137886628,0.10754288676589033,0.06617952485456344
1,All Population,1,Deaths,13,Malaysia,3,Both,22,All ages,493,Ischemic heart disease,100,Secondhand smoke,3,Rate,1996,7.022295473910325,9.380337181997373,5.338730284530725
1,All Population,1,Deaths,13,Malaysia,3,Both,22,All ages,322,Lower respiratory infections,100,Secondhand smoke,1,Number,2023,2314.1474433129856,3327.271804278237,1494.9949574339903
1,All Population,1,Deaths,13,Malaysia,3,Both,22,All ages,322,Lower respiratory infections,100,Secondhand smoke,2,Percent,2023,0.10099380457187809,0.1330501691448999,0.07062181341865126
1,All Population,1,Deaths,13,Malaysia,3,Both,22,All ages,322,Lower respiratory infections,100,Secondhand smoke,3,Rate,2023,6.7734947272859705,9.738903235249817,4.375840653869985
1,All Population,1,Deaths,13,Malaysia,3,Both,22,All ages,322,Lower respiratory infections,100,Secondhand smoke,1,Number,2022,2547.9627026861617,3672.3742175062694,1652.1970220338642
1,All Population,1,Deaths,13,Malaysia,3,Both,22,All ages,322,Lower respiratory infections,100,Secondhand smoke,2,Percent,2022,0.10148308084095066,0.13284704560934626,0.0707826856700586
1,All Population,1,Deaths,13,Malaysia,3,Both,22,All ages,322,Lower respiratory infections,100,Secondhand smoke,3,Rate,2022,7.518107006710985,10.835834569631599,4.875029761905348
1,All Population,1,Deaths,13,Malaysia,3,Both,22,All ages,429,Breast cancer,100,Secondhand smoke,1,Number,2023,346.0317554991793,508.77148806704827,212.84250135961133
1,All Population,1,Deaths,13,Malaysia,3,Both,22,All ages,429,Breast cancer,100,Secondhand smoke,2,Percent,2023,0.08786528412860233,0.12418833152077138,0.05633078810097131
1,All Population,1,Deaths,13,Malaysia,3,Both,22,All ages,429,Breast cancer,100,Secondhand smoke,3,Rate,2023,1.0128327294442838,1.4891708831145123,0.6229886366435375
1,All Population,1,Deaths,13,Malaysia,3,Both,22,All ages,429,Breast cancer,100,Secondhand smoke,1,Number,2022,343.450309549416,508.27062868499377,215.39423215652863
1,All Population,1,Deaths,13,Malaysia,3,Both,22,All ages,429,Breast cancer,100,Secondhand smoke,2,Percent,2022,0.08829053859661813,0.12454006097647302,0.0565732785152264
1,All Population,1,Deaths,13,Malaysia,3,Both,22,All ages,429,Breast cancer,100,Secondhand smoke,3,Rate,2022,1.013396379765833,1.4997209224426868,0.6355496822123583
1,All Population,1,Deaths,13,Malaysia,3,Both,22,All ages,493,Ischemic heart disease,100,Secondhand smoke,1,Number,2023,2833.5081787270456,3548.287720922335,2136.0587476870987
1,All Population,1,Deaths,13,Malaysia,3,Both,22,All ages,493,Ischemic heart disease,100,Secondhand smoke,2,Percent,2023,0.07690614569760469,0.09526509712178383,0.05757871661047745
1,All Population,1,Deaths,13,Malaysia,3,Both,22,All ages,493,Ischemic heart disease,100,Secondhand smoke,3,Rate,2023,8.29366026948246,10.385815406019653,6.25223025716896
1,All Population,1,Deaths,13,Malaysia,3,Both,22,All ages,322,Lower respiratory infections,100,Secondhand smoke,1,Number,1999,1114.2096063970757,1625.2672565534315,719.6855543345337
1,All Population,1,Deaths,13,Malaysia,3,Both,22,All ages,322,Lower respiratory infections,100,Secondhand smoke,2,Percent,1999,0.11784763030619744,0.153968774449672,0.08418861643814786
1,All Population,1,Deaths,13,Malaysia,3,Both,22,All ages,322,Lower respiratory infections,100,Secondhand smoke,3,Rate,1999,4.774873891424934,6.964978712577342,3.0841663397066412
1,All Population,1,Deaths,13,Malaysia,3,Both,22,All ages,429,Breast cancer,100,Secondhand smoke,1,Number,1999,132.83812467335272,202.14705001956736,75.46106095745154
1,All Population,1,Deaths,13,Malaysia,3,Both,22,All ages,429,Breast cancer,100,Secondhand smoke,2,Percent,1999,0.10339951924181218,0.1427498805694256,0.06502968113034771
1,All Population,1,Deaths,13,Malaysia,3,Both,22,All ages,429,Breast cancer,100,Secondhand smoke,3,Rate,1999,0.5692692736151114,0.8662882332240641,0.32338354266221714
1,All Population,1,Deaths,13,Malaysia,3,Both,22,All ages,493,Ischemic heart disease,100,Secondhand smoke,1,Number,1999,1717.2122593202737,2246.9693710699958,1309.639847858837
1,All Population,1,Deaths,13,Malaysia,3,Both,22,All ages,493,Ischemic heart disease,100,Secondhand smoke,2,Percent,1999,0.08701323127321339,0.10760876647455656,0.06669608224039242
1,All Population,1,Deaths,13,Malaysia,3,Both,22,All ages,493,Ischemic heart disease,100,Secondhand smoke,3,Rate,1999,7.359003131894675,9.629243297809166,5.612377671856426
1,All Population,2,DALYs (Disability-Adjusted Life Years),13,Malaysia,3,Both,22,All ages,426,"Tracheal, bronchus, and lung cancer",100,Secondhand smoke,1,Number,1990,5084.874488322123,6761.088528430252,3647.2921560701598
1,All Population,2,DALYs (Disability-Adjusted Life Years),13,Malaysia,3,Both,22,All ages,426,"Tracheal, bronchus, and lung cancer",100,Secondhand smoke,2,Percent,1990,0.11295436911738635,0.1375813509598757,0.08773278872113484
1,All Population,2,DALYs (Disability-Adjusted Life Years),13,Malaysia,3,Both,22,All ages,426,"Tracheal, bronchus, and lung cancer",100,Secondhand smoke,3,Rate,1990,28.722887786388142,38.191303947016095,20.602428548348524
1,All Population,2,DALYs (Disability-Adjusted Life Years),13,Malaysia,3,Both,22,All ages,426,"Tracheal, bronchus, and lung cancer",100,Secondhand smoke,1,Number,1992,5645.318977920042,7381.230358230027,4054.9083267423052
1,All Population,2,DALYs (Disability-Adjusted Life Years),13,Malaysia,3,Both,22,All ages,426,"Tracheal, bronchus, and lung cancer",100,Secondhand smoke,2,Percent,1992,0.11275667494721048,0.13630644029190733,0.0876018377535739
1,All Population,2,DALYs (Disability-Adjusted Life Years),13,Malaysia,3,Both,22,All ages,426,"Tracheal, bronchus, and lung cancer",100,Secondhand smoke,3,Rate,1992,30.02606933589783,39.25895691408846,21.567064508785737
1,All Population,2,DALYs (Disability-Adjusted Life Years),13,Malaysia,3,Both,22,All ages,329,Otitis media,100,Secondhand smoke,1,Number,1992,183.33381918770277,339.390415236729,75.70444498325696
1,All Population,2,DALYs (Disability-Adjusted Life Years),13,Malaysia,3,Both,22,All ages,329,Otitis media,100,Secondhand smoke,2,Percent,1992,0.032110842604557405,0.04747557167019234,0.016788993669263612
1,All Population,2,DALYs (Disability-Adjusted Life Years),13,Malaysia,3,Both,22,All ages,329,Otitis media,100,Secondhand smoke,3,Rate,1992,0.9751076933075434,1.8051345158164624,0.40265340594455457
1,All Population,2,DALYs (Disability-Adjusted Life Years),13,Malaysia,3,Both,22,All ages,426,"Tracheal, bronchus, and lung cancer",100,Secondhand smoke,1,Number,1991,5397.761646368395,7134.7074379532905,3884.659713199129
1,All Population,2,DALYs (Disability-Adjusted Life Years),13,Malaysia,3,Both,22,All ages,426,"Tracheal, bronchus, and lung cancer",100,Secondhand smoke,2,Percent,1991,0.11290078056537634,0.1374920797565607,0.08736374591543711
1,All Population,2,DALYs (Disability-Adjusted Life Years),13,Malaysia,3,Both,22,All ages,426,"Tracheal, bronchus, and lung cancer",100,Secondhand smoke,3,Rate,1991,29.607156056700354,39.13444319582076,21.30767045507549
1,All Population,2,DALYs (Disability-Adjusted Life Years),13,Malaysia,3,Both,22,All ages,509,Chronic obstructive pulmonary disease,100,Secondhand smoke,1,Number,1990,7815.398709709488,13049.896559342538,3818.635240354479
1,All Population,2,DALYs (Disability-Adjusted Life Years),13,Malaysia,3,Both,22,All ages,509,Chronic obstructive pulmonary disease,100,Secondhand smoke,2,Percent,1990,0.1269906885581055,0.19011981945004924,0.06508396514383814
1,All Population,2,DALYs (Disability-Adjusted Life Years),13,Malaysia,3,Both,22,All ages,509,Chronic obstructive pulmonary disease,100,Secondhand smoke,3,Rate,1990,44.14677700706456,73.71484101698105,21.570292788493436
1,All Population,2,DALYs (Disability-Adjusted Life Years),13,Malaysia,3,Both,22,All ages,322,Lower respiratory infections,100,Secondhand smoke,1,Number,1992,43387.177474441174,61967.96176258264,28701.645223485506
1,All Population,2,DALYs (Disability-Adjusted Life Years),13,Malaysia,3,Both,22,All ages,322,Lower respiratory infections,100,Secondhand smoke,2,Percent,1992,0.13356658422543996,0.17435750245904025,0.09510586900117968
1,All Population,2,DALYs (Disability-Adjusted Life Years),13,Malaysia,3,Both,22,All ages,322,Lower respiratory infections,100,Secondhand smoke,3,Rate,1992,230.76577324182614,329.5924151965476,152.65702308503336
1,All Population,2,DALYs (Disability-Adjusted Life Years),13,Malaysia,3,Both,22,All ages,509,Chronic obstructive pulmonary disease,100,Secondhand smoke,1,Number,1992,8384.510795890033,13650.441490169389,3995.4220267078936
1,All Population,2,DALYs (Disability-Adjusted Life Years),13,Malaysia,3,Both,22,All ages,509,Chronic obstructive pulmonary disease,100,Secondhand smoke,2,Percent,1992,0.127287787736983,0.1910007017903229,0.06499997838733315
1,All Population,2,DALYs (Disability-Adjusted Life Years),13,Malaysia,3,Both,22,All ages,509,Chronic obstructive pulmonary disease,100,Secondhand smoke,3,Rate,1992,44.59515989966862,72.60335585155094,21.250671444663904
1,All Population,2,DALYs (Disability-Adjusted Life Years),13,Malaysia,3,Both,22,All ages,429,Breast cancer,100,Secondhand smoke,1,Number,1992,3087.6579101285106,4652.769591497146,1722.616504867697
1,All Population,2,DALYs (Disability-Adjusted Life Years),13,Malaysia,3,Both,22,All ages,429,Breast cancer,100,Secondhand smoke,2,Percent,1992,0.10366214089216293,0.14104867908971663,0.06485629244324757
1,All Population,2,DALYs (Disability-Adjusted Life Years),13,Malaysia,3,Both,22,All ages,429,Breast cancer,100,Secondhand smoke,3,Rate,1992,16.422496382872257,24.74694218425244,9.162175391084173
1,All Population,2,DALYs (Disability-Adjusted Life Years),13,Malaysia,3,Both,22,All ages,493,Ischemic heart disease,100,Secondhand smoke,1,Number,1992,31155.09830866052,42550.481502141854,22546.797646729032
1,All Population,2,DALYs (Disability-Adjusted Life Years),13,Malaysia,3,Both,22,All ages,493,Ischemic heart disease,100,Secondhand smoke,2,Percent,1992,0.08442688761359857,0.10647025381089621,0.06493071004735186
1,All Population,2,DALYs (Disability-Adjusted Life Years),13,Malaysia,3,Both,22,All ages,493,Ischemic heart disease,100,Secondhand smoke,3,Rate,1992,165.7063392947932,226.31559223777933,119.92089589463275
1,All Population,2,DALYs (Disability-Adjusted Life Years),13,Malaysia,3,Both,22,All ages,509,Chronic obstructive pulmonary disease,100,Secondhand smoke,1,Number,1991,8072.903401239066,13280.898188396397,3943.5216465540507
1,All Population,2,DALYs (Disability-Adjusted Life Years),13,Malaysia,3,Both,22,All ages,509,Chronic obstructive pulmonary disease,100,Secondhand smoke,2,Percent,1991,0.12705358679013648,0.19021514146050855,0.06464344048475841
1,All Population,2,DALYs (Disability-Adjusted Life Years),13,Malaysia,3,Both,22,All ages,509,Chronic obstructive pulmonary disease,100,Secondhand smoke,3,Rate,1991,44.2805233891647,72.84679298530197,21.63053288598901
1,All Population,2,DALYs (Disability-Adjusted Life Years),13,Malaysia,3,Both,22,All ages,322,Lower respiratory infections,100,Secondhand smoke,1,Number,1991,43559.44775755697,62148.432160813594,28884.633535040062
1,All Population,2,DALYs (Disability-Adjusted Life Years),13,Malaysia,3,Both,22,All ages,322,Lower respiratory infections,100,Secondhand smoke,2,Percent,1991,0.1344799345974182,0.17606318630753387,0.09579234468644474
1,All Population,2,DALYs (Disability-Adjusted Life Years),13,Malaysia,3,Both,22,All ages,322,Lower respiratory infections,100,Secondhand smoke,3,Rate,1991,238.92706866176,340.8891407612336,158.43453430143649
1,All Population,2,DALYs (Disability-Adjusted Life Years),13,Malaysia,3,Both,22,All ages,329,Otitis media,100,Secondhand smoke,1,Number,1991,180.69559042798835,335.6708917265315,76.79382539910883
1,All Population,2,DALYs (Disability-Adjusted Life Years),13,Malaysia,3,Both,22,All ages,329,Otitis media,100,Secondhand smoke,2,Percent,1991,0.03224360219928274,0.047951916036118716,0.01650846410523483
1,All Population,2,DALYs (Disability-Adjusted Life Years),13,Malaysia,3,Both,22,All ages,329,Otitis media,100,Secondhand smoke,3,Rate,1991,0.991129822888428,1.8411817946288227,0.42122029866067173
1,All Population,2,DALYs (Disability-Adjusted Life Years),13,Malaysia,3,Both,22,All ages,329,Otitis media,100,Secondhand smoke,1,Number,1990,179.19303321071482,331.95885638855145,73.08669055766048
1,All Population,2,DALYs (Disability-Adjusted Life Years),13,Malaysia,3,Both,22,All ages,329,Otitis media,100,Secondhand smoke,2,Percent,1990,0.03240138679307525,0.04834981942284289,0.016955341392849436
1,All Population,2,DALYs (Disability-Adjusted Life Years),13,Malaysia,3,Both,22,All ages,329,Otitis media,100,Secondhand smoke,3,Rate,1990,1.012206180670595,1.875133202135799,0.41284417469640555
1,All Population,2,DALYs (Disability-Adjusted Life Years),13,Malaysia,3,Both,22,All ages,494,Stroke,100,Secondhand smoke,1,Number,1992,17730.357768899143,25122.944734218563,10693.885547158874
1,All Population,2,DALYs (Disability-Adjusted Life Years),13,Malaysia,3,Both,22,All ages,494,Stroke,100,Secondhand smoke,2,Percent,1992,0.05618596100131632,0.0750769316035405,0.03728732855983531
1,All Population,2,DALYs (Disability-Adjusted Life Years),13,Malaysia,3,Both,22,All ages,494,Stroke,100,Secondhand smoke,3,Rate,1992,94.30343153353355,133.62279145996206,56.87815873027113
1,All Population,2,DALYs (Disability-Adjusted Life Years),13,Malaysia,3,Both,22,All ages,329,Otitis media,100,Secondhand smoke,1,Number,1993,186.40808424751526,342.1318164857885,78.37545655083197
1,All Population,2,DALYs (Disability-Adjusted Life Years),13,Malaysia,3,Both,22,All ages,329,Otitis media,100,Secondhand smoke,2,Percent,1993,0.03206723424332416,0.04692036656520144,0.016929184067533194
1,All Population,2,DALYs (Disability-Adjusted Life Years),13,Malaysia,3,Both,22,All ages,329,Otitis media,100,Secondhand smoke,3,Rate,1993,0.9605442237549512,1.7629747197651044,0.4038617336686797
1,All Population,2,DALYs (Disability-Adjusted Life Years),13,Malaysia,3,Both,22,All ages,426,"Tracheal, bronchus, and lung cancer",100,Secondhand smoke,1,Number,1994,6287.789391054173,8307.124841774066,4623.633614904339
1,All Population,2,DALYs (Disability-Adjusted Life Years),13,Malaysia,3,Both,22,All ages,426,"Tracheal, bronchus, and lung cancer",100,Secondhand smoke,2,Percent,1994,0.11286559655418736,0.1361843468476749,0.08823821447393528
1,All Population,2,DALYs (Disability-Adjusted Life Years),13,Malaysia,3,Both,22,All ages,426,"Tracheal, bronchus, and lung cancer",100,Secondhand smoke,3,Rate,1994,31.38044832708994,41.4583386356508,23.07515196713301
1,All Population,2,DALYs (Disability-Adjusted Life Years),13,Malaysia,3,Both,22,All ages,429,Breast cancer,100,Secondhand smoke,1,Number,1990,2750.921526461014,4229.501697571213,1510.0847277214607
1,All Population,2,DALYs (Disability-Adjusted Life Years),13,Malaysia,3,Both,22,All ages,429,Breast cancer,100,Secondhand smoke,2,Percent,1990,0.10421255311901624,0.14245963530571087,0.06498149032399303
1,All Population,2,DALYs (Disability-Adjusted Life Years),13,Malaysia,3,Both,22,All ages,429,Breast cancer,100,Secondhand smoke,3,Rate,1990,15.539107306416911,23.891150692248935,8.530002909982205
1,All Population,2,DALYs (Disability-Adjusted Life Years),13,Malaysia,3,Both,22,All ages,493,Ischemic heart disease,100,Secondhand smoke,1,Number,1990,30145.074806272904,40666.215354255684,21446.34779045778
1,All Population,2,DALYs (Disability-Adjusted Life Years),13,Malaysia,3,Both,22,All ages,493,Ischemic heart disease,100,Secondhand smoke,2,Percent,1990,0.08485405219699238,0.10759520166619359,0.06588276061016263
1,All Population,2,DALYs (Disability-Adjusted Life Years),13,Malaysia,3,Both,22,All ages,493,Ischemic heart disease,100,Secondhand smoke,3,Rate,1990,170.280230704094,229.71090889262175,121.14380451825787
1,All Population,2,DALYs (Disability-Adjusted Life Years),13,Malaysia,3,Both,22,All ages,426,"Tracheal, bronchus, and lung cancer",100,Secondhand smoke,1,Number,1993,5908.999848634872,7811.429260755954,4292.108205528503
1,All Population,2,DALYs (Disability-Adjusted Life Years),13,Malaysia,3,Both,22,All ages,426,"Tracheal, bronchus, and lung cancer",100,Secondhand smoke,2,Percent,1993,0.11268933422363707,0.1358388253033843,0.08799371037362638
1,All Population,2,DALYs (Disability-Adjusted Life Years),13,Malaysia,3,Both,22,All ages,426,"Tracheal, bronchus, and lung cancer",100,Secondhand smoke,3,Rate,1993,30.448548922581207,40.251597917430765,22.116850571123173
1,All Population,2,DALYs (Disability-Adjusted Life Years),13,Malaysia,3,Both,22,All ages,515,Asthma,100,Secondhand smoke,1,Number,1992,4574.1346514850375,6547.2891011945885,2846.633399679555
1,All Population,2,DALYs (Disability-Adjusted Life Years),13,Malaysia,3,Both,22,All ages,515,Asthma,100,Secondhand smoke,2,Percent,1992,0.0850023868416218,0.10841914019237525,0.06463953789521903
1,All Population,2,DALYs (Disability-Adjusted Life Years),13,Malaysia,3,Both,22,All ages,515,Asthma,100,Secondhand smoke,3,Rate,1992,24.328702192807782,34.82342756601296,15.140546028836196
1,All Population,2,DALYs (Disability-Adjusted Life Years),13,Malaysia,3,Both,22,All ages,587,Diabetes mellitus,100,Secondhand smoke,1,Number,1992,6883.421386338024,10304.596813397096,3646.771833852114
1,All Population,2,DALYs (Disability-Adjusted Life Years),13,Malaysia,3,Both,22,All ages,587,Diabetes mellitus,100,Secondhand smoke,2,Percent,1992,0.056679837391186004,0.0806348626919773,0.034867412264109464
1,All Population,2,DALYs (Disability-Adjusted Life Years),13,Malaysia,3,Both,22,All ages,587,Diabetes mellitus,100,Secondhand smoke,3,Rate,1992,36.61123288564597,54.80762727627671,19.396286439032423
1,All Population,2,DALYs (Disability-Adjusted Life Years),13,Malaysia,3,Both,22,All ages,429,Breast cancer,100,Secondhand smoke,1,Number,1991,2945.782943029566,4467.347464106883,1650.5091703618643
1,All Population,2,DALYs (Disability-Adjusted Life Years),13,Malaysia,3,Both,22,All ages,429,Breast cancer,100,Secondhand smoke,2,Percent,1991,0.10389278688959991,0.1416170427451923,0.06486437825022708
1,All Population,2,DALYs (Disability-Adjusted Life Years),13,Malaysia,3,Both,22,All ages,429,Breast cancer,100,Secondhand smoke,3,Rate,1991,16.15785598130687,24.503759557131442,9.053175331073819
1,All Population,2,DALYs (Disability-Adjusted Life Years),13,Malaysia,3,Both,22,All ages,322,Lower respiratory infections,100,Secondhand smoke,1,Number,1990,43987.82265257419,62684.94432929902,29665.43287947305
1,All Population,2,DALYs (Disability-Adjusted Life Years),13,Malaysia,3,Both,22,All ages,322,Lower respiratory infections,100,Secondhand smoke,2,Percent,1990,0.1356591286822799,0.17790258141838977,0.09695291229168333
1,All Population,2,DALYs (Disability-Adjusted Life Years),13,Malaysia,3,Both,22,All ages,322,Lower respiratory infections,100,Secondhand smoke,3,Rate,1990,248.4736441222048,354.0879181976738,167.57088138332722
1,All Population,2,DALYs (Disability-Adjusted Life Years),13,Malaysia,3,Both,22,All ages,509,Chronic obstructive pulmonary disease,100,Secondhand smoke,1,Number,1994,9235.984405868961,14781.775111033068,4364.277633374694
1,All Population,2,DALYs (Disability-Adjusted Life Years),13,Malaysia,3,Both,22,All ages,509,Chronic obstructive pulmonary disease,100,Secondhand smoke,2,Percent,1994,0.12764228807425673,0.19144734643032157,0.06594252945901868
1,All Population,2,DALYs (Disability-Adjusted Life Years),13,Malaysia,3,Both,22,All ages,509,Chronic obstructive pulmonary disease,100,Secondhand smoke,3,Rate,1994,46.09399478464218,73.77135288824773,21.780784985266234
1,All Population,2,DALYs (Disability-Adjusted Life Years),13,Malaysia,3,Both,22,All ages,494,Stroke,100,Secondhand smoke,1,Number,1991,17540.55996257105,24939.838235704,10728.148287587237
1,All Population,2,DALYs (Disability-Adjusted Life Years),13,Malaysia,3,Both,22,All ages,494,Stroke,100,Secondhand smoke,2,Percent,1991,0.05632341336890095,0.07489502579960572,0.03769186449866877
1,All Population,2,DALYs (Disability-Adjusted Life Years),13,Malaysia,3,Both,22,All ages,494,Stroke,100,Secondhand smoke,3,Rate,1991,96.21137985652864,136.79701532766708,58.84475480011589
1,All Population,2,DALYs (Disability-Adjusted Life Years),13,Malaysia,3,Both,22,All ages,493,Ischemic heart disease,100,Secondhand smoke,1,Number,1991,30819.26699984129,41734.547401996584,22174.339718737014
1,All Population,2,DALYs (Disability-Adjusted Life Years),13,Malaysia,3,Both,22,All ages,493,Ischemic heart disease,100,Secondhand smoke,2,Percent,1991,0.08463653158914722,0.10701937105286699,0.06522429361852097
1,All Population,2,DALYs (Disability-Adjusted Life Years),13,Malaysia,3,Both,22,All ages,493,Ischemic heart disease,100,Secondhand smoke,3,Rate,1991,169.04615420195964,228.9173436767088,121.6280338996889
1,All Population,2,DALYs (Disability-Adjusted Life Years),13,Malaysia,3,Both,22,All ages,509,Chronic obstructive pulmonary disease,100,Secondhand smoke,1,Number,1993,8764.14983863356,14134.456879581176,4158.104577159866
1,All Population,2,DALYs (Disability-Adjusted Life Years),13,Malaysia,3,Both,22,All ages,509,Chronic obstructive pulmonary disease,100,Secondhand smoke,2,Percent,1993,0.12754606367953783,0.19191256972593596,0.06553361172971328
1,All Population,2,DALYs (Disability-Adjusted Life Years),13,Malaysia,3,Both,22,All ages,509,Chronic obstructive pulmonary disease,100,Secondhand smoke,3,Rate,1993,45.160882037950365,72.83359499348595,21.42634183213099
1,All Population,2,DALYs (Disability-Adjusted Life Years),13,Malaysia,3,Both,22,All ages,426,"Tracheal, bronchus, and lung cancer",100,Secondhand smoke,1,Number,1995,6743.349229993156,8885.25168557914,4964.3957275496405
1,All Population,2,DALYs (Disability-Adjusted Life Years),13,Malaysia,3,Both,22,All ages,426,"Tracheal, bronchus, and lung cancer",100,Secondhand smoke,2,Percent,1995,0.1127838153706979,0.13549828946616707,0.08829814986123205
1,All Population,2,DALYs (Disability-Adjusted Life Years),13,Malaysia,3,Both,22,All ages,426,"Tracheal, bronchus, and lung cancer",100,Secondhand smoke,3,Rate,1995,32.59677695549296,42.95055135214091,23.997466945650388
1,All Population,2,DALYs (Disability-Adjusted Life Years),13,Malaysia,3,Both,22,All ages,494,Stroke,100,Secondhand smoke,1,Number,1990,17193.204530462608,24422.67167518677,10705.79781320092
1,All Population,2,DALYs (Disability-Adjusted Life Years),13,Malaysia,3,Both,22,All ages,494,Stroke,100,Secondhand smoke,2,Percent,1990,0.056420794046596945,0.07486342586831687,0.03800117670312364
1,All Population,2,DALYs (Disability-Adjusted Life Years),13,Malaysia,3,Both,22,All ages,494,Stroke,100,Secondhand smoke,3,Rate,1990,97.11910993104003,137.9561402314303,60.473750130614704
1,All Population,2,DALYs (Disability-Adjusted Life Years),13,Malaysia,3,Both,22,All ages,429,Breast cancer,100,Secondhand smoke,1,Number,1993,3239.551806704035,4848.712641173196,1824.1443204021425
1,All Population,2,DALYs (Disability-Adjusted Life Years),13,Malaysia,3,Both,22,All ages,429,Breast cancer,100,Secondhand smoke,2,Percent,1993,0.10360054089462854,0.14169321367488882,0.06495951046396131
1,All Population,2,DALYs (Disability-Adjusted Life Years),13,Malaysia,3,Both,22,All ages,429,Breast cancer,100,Secondhand smoke,3,Rate,1993,16.69312137424614,24.984983558665647,9.399652903095781
1,All Population,2,DALYs (Disability-Adjusted Life Years),13,Malaysia,3,Both,22,All ages,515,Asthma,100,Secondhand smoke,1,Number,1990,4448.519190225937,6476.617031032384,2794.447450889761
1,All Population,2,DALYs (Disability-Adjusted Life Years),13,Malaysia,3,Both,22,All ages,515,Asthma,100,Secondhand smoke,2,Percent,1990,0.08535109396247935,0.10943656249968592,0.06560171738450059
1,All Population,2,DALYs (Disability-Adjusted Life Years),13,Malaysia,3,Both,22,All ages,515,Asthma,100,Secondhand smoke,3,Rate,1990,25.12831296227647,36.58441219050374,15.7849718299242
1,All Population,2,DALYs (Disability-Adjusted Life Years),13,Malaysia,3,Both,22,All ages,515,Asthma,100,Secondhand smoke,1,Number,1991,4502.39046430901,6507.29109753383,2788.1026023942495
1,All Population,2,DALYs (Disability-Adjusted Life Years),13,Malaysia,3,Both,22,All ages,515,Asthma,100,Secondhand smoke,2,Percent,1991,0.0851322023831531,0.10881945102796872,0.06497836301831508
1,All Population,2,DALYs (Disability-Adjusted Life Years),13,Malaysia,3,Both,22,All ages,515,Asthma,100,Secondhand smoke,3,Rate,1991,24.695973227102847,35.693014188702456,15.292966651596585
1,All Population,2,DALYs (Disability-Adjusted Life Years),13,Malaysia,3,Both,22,All ages,493,Ischemic heart disease,100,Secondhand smoke,1,Number,1993,31692.45713743397,43247.41309352426,23301.56650626802
1,All Population,2,DALYs (Disability-Adjusted Life Years),13,Malaysia,3,Both,22,All ages,493,Ischemic heart disease,100,Secondhand smoke,2,Percent,1993,0.0843319148910254,0.1063684717906265,0.0649594445144503
1,All Population,2,DALYs (Disability-Adjusted Life Years),13,Malaysia,3,Both,22,All ages,493,Ischemic heart disease,100,Secondhand smoke,3,Rate,1993,163.3084035107739,222.8500604306957,120.0708928606241
1,All Population,2,DALYs (Disability-Adjusted Life Years),13,Malaysia,3,Both,22,All ages,587,Diabetes mellitus,100,Secondhand smoke,1,Number,1990,6114.248457671419,9291.617594665553,3198.755358475083
1,All Population,2,DALYs (Disability-Adjusted Life Years),13,Malaysia,3,Both,22,All ages,587,Diabetes mellitus,100,Secondhand smoke,2,Percent,1990,0.05652038188513929,0.08107490528790726,0.03474454864906995
1,All Population,2,DALYs (Disability-Adjusted Life Years),13,Malaysia,3,Both,22,All ages,587,Diabetes mellitus,100,Secondhand smoke,3,Rate,1990,34.53750387568416,52.48548221564311,18.068782509498032
1,All Population,2,DALYs (Disability-Adjusted Life Years),13,Malaysia,3,Both,22,All ages,587,Diabetes mellitus,100,Secondhand smoke,1,Number,1991,6486.806712804429,9792.24769283413,3364.8015085290267
1,All Population,2,DALYs (Disability-Adjusted Life Years),13,Malaysia,3,Both,22,All ages,587,Diabetes mellitus,100,Secondhand smoke,2,Percent,1991,0.05659021814788007,0.08085993431982677,0.03483065949296256
1,All Population,2,DALYs (Disability-Adjusted Life Years),13,Malaysia,3,Both,22,All ages,587,Diabetes mellitus,100,Secondhand smoke,3,Rate,1991,35.58065569361832,53.711264887485754,18.456206459183935
1,All Population,2,DALYs (Disability-Adjusted Life Years),13,Malaysia,3,Both,22,All ages,429,Breast cancer,100,Secondhand smoke,1,Number,1994,3479.0115197538266,5125.010577256981,1927.270017964797
1,All Population,2,DALYs (Disability-Adjusted Life Years),13,Malaysia,3,Both,22,All ages,429,Breast cancer,100,Secondhand smoke,2,Percent,1994,0.10371099782250653,0.1423370509778145,0.06512871646703763
1,All Population,2,DALYs (Disability-Adjusted Life Years),13,Malaysia,3,Both,22,All ages,429,Breast cancer,100,Secondhand smoke,3,Rate,1994,17.36269051573343,25.577372204007492,9.618419678168415
1,All Population,2,DALYs (Disability-Adjusted Life Years),13,Malaysia,3,Both,22,All ages,493,Ischemic heart disease,100,Secondhand smoke,1,Number,1994,32842.18347310237,44512.81072294123,24298.880879691013
1,All Population,2,DALYs (Disability-Adjusted Life Years),13,Malaysia,3,Both,22,All ages,493,Ischemic heart disease,100,Secondhand smoke,2,Percent,1994,0.08439406132304036,0.10629661670803675,0.06514138308967525
1,All Population,2,DALYs (Disability-Adjusted Life Years),13,Malaysia,3,Both,22,All ages,493,Ischemic heart disease,100,Secondhand smoke,3,Rate,1994,163.90536917358673,222.14992740884543,121.26833906620722
1,All Population,2,DALYs (Disability-Adjusted Life Years),13,Malaysia,3,Both,22,All ages,322,Lower respiratory infections,100,Secondhand smoke,1,Number,1993,42972.93415391661,61242.9808348644,28834.910458487277
1,All Population,2,DALYs (Disability-Adjusted Life Years),13,Malaysia,3,Both,22,All ages,322,Lower respiratory infections,100,Secondhand smoke,2,Percent,1993,0.13269330607512875,0.17219964426747075,0.09438720457857408
1,All Population,2,DALYs (Disability-Adjusted Life Years),13,Malaysia,3,Both,22,All ages,322,Lower respiratory infections,100,Secondhand smoke,3,Rate,1993,221.43569494838985,315.57961514347966,148.58372047112752
1,All Population,2,DALYs (Disability-Adjusted Life Years),13,Malaysia,3,Both,22,All ages,509,Chronic obstructive pulmonary disease,100,Secondhand smoke,1,Number,1995,9905.920949661886,15718.062350480433,4822.1235995987445
1,All Population,2,DALYs (Disability-Adjusted Life Years),13,Malaysia,3,Both,22,All ages,509,Chronic obstructive pulmonary disease,100,Secondhand smoke,2,Percent,1995,0.1278665259009836,0.1909446973130889,0.06641103990488542
1,All Population,2,DALYs (Disability-Adjusted Life Years),13,Malaysia,3,Both,22,All ages,509,Chronic obstructive pulmonary disease,100,Secondhand smoke,3,Rate,1995,47.884379812136935,75.97977727925888,23.309735573060124
1,All Population,2,DALYs (Disability-Adjusted Life Years),13,Malaysia,3,Both,22,All ages,494,Stroke,100,Secondhand smoke,1,Number,1993,17982.76907300578,25350.819790574715,11179.258410579781
1,All Population,2,DALYs (Disability-Adjusted Life Years),13,Malaysia,3,Both,22,All ages,494,Stroke,100,Secondhand smoke,2,Percent,1993,0.056094431075285944,0.07543687890248381,0.03775897524571008
1,All Population,2,DALYs (Disability-Adjusted Life Years),13,Malaysia,3,Both,22,All ages,494,Stroke,100,Secondhand smoke,3,Rate,1993,92.6636043169631,130.63051216682322,57.60572099377446
1,All Population,2,DALYs (Disability-Adjusted Life Years),13,Malaysia,3,Both,22,All ages,494,Stroke,100,Secondhand smoke,1,Number,1994,18509.28781999721,26119.962396998726,11801.435157953269
1,All Population,2,DALYs (Disability-Adjusted Life Years),13,Malaysia,3,Both,22,All ages,494,Stroke,100,Secondhand smoke,2,Percent,1994,0.056144859737328155,0.0754758951368322,0.0377900519404846
1,All Population,2,DALYs (Disability-Adjusted Life Years),13,Malaysia,3,Both,22,All ages,494,Stroke,100,Secondhand smoke,3,Rate,1994,92.37423741212164,130.35680416883886,58.897380800721635
1,All Population,2,DALYs (Disability-Adjusted Life Years),13,Malaysia,3,Both,22,All ages,515,Asthma,100,Secondhand smoke,1,Number,1994,4808.976647569093,6957.299523530198,3042.953665157578
1,All Population,2,DALYs (Disability-Adjusted Life Years),13,Malaysia,3,Both,22,All ages,515,Asthma,100,Secondhand smoke,2,Percent,1994,0.08483726307451182,0.1074816529274763,0.0640375816619154
1,All Population,2,DALYs (Disability-Adjusted Life Years),13,Malaysia,3,Both,22,All ages,515,Asthma,100,Secondhand smoke,3,Rate,1994,24.00014278625893,34.72177018283118,15.186458119456386
1,All Population,2,DALYs (Disability-Adjusted Life Years),13,Malaysia,3,Both,22,All ages,587,Diabetes mellitus,100,Secondhand smoke,1,Number,1994,7687.355402832296,11190.153585747701,4185.664453818409
1,All Population,2,DALYs (Disability-Adjusted Life Years),13,Malaysia,3,Both,22,All ages,587,Diabetes mellitus,100,Secondhand smoke,2,Percent,1994,0.05684161097132308,0.0797936489941356,0.03445887952783024
1,All Population,2,DALYs (Disability-Adjusted Life Years),13,Malaysia,3,Both,22,All ages,587,Diabetes mellitus,100,Secondhand smoke,3,Rate,1994,38.365257483617974,55.84666001525921,20.889380820302062
1,All Population,2,DALYs (Disability-Adjusted Life Years),13,Malaysia,3,Both,22,All ages,515,Asthma,100,Secondhand smoke,1,Number,1993,4672.545018223452,6636.81588654843,2946.71171888535
1,All Population,2,DALYs (Disability-Adjusted Life Years),13,Malaysia,3,Both,22,All ages,515,Asthma,100,Secondhand smoke,2,Percent,1993,0.08496125016097524,0.10780891382869073,0.06432024893451851
1,All Population,2,DALYs (Disability-Adjusted Life Years),13,Malaysia,3,Both,22,All ages,515,Asthma,100,Secondhand smoke,3,Rate,1993,24.077207518156975,34.19892001832087,15.184142533689903
1,All Population,2,DALYs (Disability-Adjusted Life Years),13,Malaysia,3,Both,22,All ages,587,Diabetes mellitus,100,Secondhand smoke,1,Number,1993,7300.142696464101,10706.182846449883,3944.632736691614
1,All Population,2,DALYs (Disability-Adjusted Life Years),13,Malaysia,3,Both,22,All ages,587,Diabetes mellitus,100,Secondhand smoke,2,Percent,1993,0.05679998056389927,0.08016278266784618,0.03482768694843219
1,All Population,2,DALYs (Disability-Adjusted Life Years),13,Malaysia,3,Both,22,All ages,587,Diabetes mellitus,100,Secondhand smoke,3,Rate,1993,37.61698387696919,55.168004827338166,20.326340487640746
1,All Population,2,DALYs (Disability-Adjusted Life Years),13,Malaysia,3,Both,22,All ages,329,Otitis media,100,Secondhand smoke,1,Number,1994,189.77609223108018,344.06797062024987,76.78008905243203
1,All Population,2,DALYs (Disability-Adjusted Life Years),13,Malaysia,3,Both,22,All ages,329,Otitis media,100,Secondhand smoke,2,Percent,1994,0.031964573311842784,0.047129633274911834,0.01703213164340795
1,All Population,2,DALYs (Disability-Adjusted Life Years),13,Malaysia,3,Both,22,All ages,329,Otitis media,100,Secondhand smoke,3,Rate,1994,0.9471148738612647,1.7171388069098952,0.38318611951079745
1,All Population,2,DALYs (Disability-Adjusted Life Years),13,Malaysia,3,Both,22,All ages,329,Otitis media,100,Secondhand smoke,1,Number,1995,193.19191037312305,351.5757501925051,81.41317675589566
1,All Population,2,DALYs (Disability-Adjusted Life Years),13,Malaysia,3,Both,22,All ages,329,Otitis media,100,Secondhand smoke,2,Percent,1995,0.03188277709117308,0.046568935010849584,0.01690665510595245
1,All Population,2,DALYs (Disability-Adjusted Life Years),13,Malaysia,3,Both,22,All ages,329,Otitis media,100,Secondhand smoke,3,Rate,1995,0.9338732723538132,1.6994872905309735,0.3935443758639128
1,All Population,2,DALYs (Disability-Adjusted Life Years),13,Malaysia,3,Both,22,All ages,329,Otitis media,100,Secondhand smoke,1,Number,1996,197.36661131964527,355.96997402861035,78.40413430070187
1,All Population,2,DALYs (Disability-Adjusted Life Years),13,Malaysia,3,Both,22,All ages,329,Otitis media,100,Secondhand smoke,2,Percent,1996,0.03189471450743617,0.047773077670983086,0.0163823701612494
1,All Population,2,DALYs (Disability-Adjusted Life Years),13,Malaysia,3,Both,22,All ages,329,Otitis media,100,Secondhand smoke,3,Rate,1996,0.9244406185204334,1.6673190098641388,0.3672351970927594
1,All Population,2,DALYs (Disability-Adjusted Life Years),13,Malaysia,3,Both,22,All ages,426,"Tracheal, bronchus, and lung cancer",100,Secondhand smoke,1,Number,1998,8270.919529611268,10541.318493476432,6093.970599081457
1,All Population,2,DALYs (Disability-Adjusted Life Years),13,Malaysia,3,Both,22,All ages,426,"Tracheal, bronchus, and lung cancer",100,Secondhand smoke,2,Percent,1998,0.114069028560433,0.13609296078765296,0.090614853860466
1,All Population,2,DALYs (Disability-Adjusted Life Years),13,Malaysia,3,Both,22,All ages,426,"Tracheal, bronchus, and lung cancer",100,Secondhand smoke,3,Rate,1998,36.467199338619295,46.477584676917566,26.86884327731254
1,All Population,2,DALYs (Disability-Adjusted Life Years),13,Malaysia,3,Both,22,All ages,509,Chronic obstructive pulmonary disease,100,Secondhand smoke,1,Number,1998,11559.707882830324,17961.400335074282,5610.349331223913
1,All Population,2,DALYs (Disability-Adjusted Life Years),13,Malaysia,3,Both,22,All ages,509,Chronic obstructive pulmonary disease,100,Secondhand smoke,2,Percent,1998,0.12951191372302473,0.19041506785604156,0.06728669303863921
1,All Population,2,DALYs (Disability-Adjusted Life Years),13,Malaysia,3,Both,22,All ages,509,Chronic obstructive pulmonary disease,100,Secondhand smoke,3,Rate,1998,50.96775154807905,79.19336708269026,24.736515291746247
1,All Population,2,DALYs (Disability-Adjusted Life Years),13,Malaysia,3,Both,22,All ages,426,"Tracheal, bronchus, and lung cancer",100,Secondhand smoke,1,Number,1997,7613.962879666385,9742.790249644184,5479.928023956073
1,All Population,2,DALYs (Disability-Adjusted Life Years),13,Malaysia,3,Both,22,All ages,426,"Tracheal, bronchus, and lung cancer",100,Secondhand smoke,2,Percent,1997,0.11362369900720111,0.13634053909706778,0.08990284357129254
1,All Population,2,DALYs (Disability-Adjusted Life Years),13,Malaysia,3,Both,22,All ages,426,"Tracheal, bronchus, and lung cancer",100,Secondhand smoke,3,Rate,1997,34.58220781559575,44.25122665317199,24.889536859320685
1,All Population,2,DALYs (Disability-Adjusted Life Years),13,Malaysia,3,Both,22,All ages,426,"Tracheal, bronchus, and lung cancer",100,Secondhand smoke,1,Number,1996,7208.544928053516,9450.914805937988,5210.357605650321
1,All Population,2,DALYs (Disability-Adjusted Life Years),13,Malaysia,3,Both,22,All ages,426,"Tracheal, bronchus, and lung cancer",100,Secondhand smoke,2,Percent,1996,0.11310194047022401,0.1359624291768435,0.0890540380276693
1,All Population,2,DALYs (Disability-Adjusted Life Years),13,Malaysia,3,Both,22,All ages,426,"Tracheal, bronchus, and lung cancer",100,Secondhand smoke,3,Rate,1996,33.76392636710798,44.26690750967765,24.40466589295183
1,All Population,2,DALYs (Disability-Adjusted Life Years),13,Malaysia,3,Both,22,All ages,322,Lower respiratory infections,100,Secondhand smoke,1,Number,1995,42208.01979355854,59179.58717492406,28958.019374133728
1,All Population,2,DALYs (Disability-Adjusted Life Years),13,Malaysia,3,Both,22,All ages,322,Lower respiratory infections,100,Secondhand smoke,2,Percent,1995,0.1305151088275713,0.17083281500636455,0.0914752564247241
1,All Population,2,DALYs (Disability-Adjusted Life Years),13,Malaysia,3,Both,22,All ages,322,Lower respiratory infections,100,Secondhand smoke,3,Rate,1995,204.02997976497426,286.069093808613,139.9806040614092
1,All Population,2,DALYs (Disability-Adjusted Life Years),13,Malaysia,3,Both,22,All ages,509,Chronic obstructive pulmonary disease,100,Secondhand smoke,1,Number,1996,10420.606083968489,16631.52430806379,5121.802421302763
1,All Population,2,DALYs (Disability-Adjusted Life Years),13,Malaysia,3,Both,22,All ages,509,Chronic obstructive pulmonary disease,100,Secondhand smoke,2,Percent,1996,0.12830522177462228,0.19189779951094482,0.06681911331531888
1,All Population,2,DALYs (Disability-Adjusted Life Years),13,Malaysia,3,Both,22,All ages,509,Chronic obstructive pulmonary disease,100,Secondhand smoke,3,Rate,1996,48.8088206470755,77.89998782207262,23.98988444210721
1,All Population,2,DALYs (Disability-Adjusted Life Years),13,Malaysia,3,Both,22,All ages,509,Chronic obstructive pulmonary disease,100,Secondhand smoke,1,Number,1997,10952.862670089287,17113.14402382296,5434.879627103622
1,All Population,2,DALYs (Disability-Adjusted Life Years),13,Malaysia,3,Both,22,All ages,509,Chronic obstructive pulmonary disease,100,Secondhand smoke,2,Percent,1997,0.1289112197214424,0.18999010839001132,0.06685668565494135
1,All Population,2,DALYs (Disability-Adjusted Life Years),13,Malaysia,3,Both,22,All ages,509,Chronic obstructive pulmonary disease,100,Secondhand smoke,3,Rate,1997,49.74731017460723,77.72697508028789,24.684929475973533
1,All Population,2,DALYs (Disability-Adjusted Life Years),13,Malaysia,3,Both,22,All ages,322,Lower respiratory infections,100,Secondhand smoke,1,Number,1994,42245.18130589325,59264.776135995184,28867.46402780545
1,All Population,2,DALYs (Disability-Adjusted Life Years),13,Malaysia,3,Both,22,All ages,322,Lower respiratory infections,100,Secondhand smoke,2,Percent,1994,0.13155707821308263,0.17154954062869707,0.09272959843380968
1,All Population,2,DALYs (Disability-Adjusted Life Years),13,Malaysia,3,Both,22,All ages,322,Lower respiratory infections,100,Secondhand smoke,3,Rate,1994,210.83287727865135,295.7725091425741,144.06875086298075
1,All Population,2,DALYs (Disability-Adjusted Life Years),13,Malaysia,3,Both,22,All ages,429,Breast cancer,100,Secondhand smoke,1,Number,1995,3669.173965344421,5418.71059488509,2036.6203069928833
1,All Population,2,DALYs (Disability-Adjusted Life Years),13,Malaysia,3,Both,22,All ages,429,Breast cancer,100,Secondhand smoke,2,Percent,1995,0.10394878759728357,0.1427960003035989,0.06529017240032584
1,All Population,2,DALYs (Disability-Adjusted Life Years),13,Malaysia,3,Both,22,All ages,429,Breast cancer,100,Secondhand smoke,3,Rate,1995,17.73647504822393,26.193586395052396,9.844849439918741
1,All Population,2,DALYs (Disability-Adjusted Life Years),13,Malaysia,3,Both,22,All ages,494,Stroke,100,Secondhand smoke,1,Number,1995,18920.508024317278,26526.295082002725,12284.904484743869
1,All Population,2,DALYs (Disability-Adjusted Life Years),13,Malaysia,3,Both,22,All ages,494,Stroke,100,Secondhand smoke,2,Percent,1995,0.05621801175412099,0.07546408525945905,0.03799501502519939
1,All Population,2,DALYs (Disability-Adjusted Life Years),13,Malaysia,3,Both,22,All ages,494,Stroke,100,Secondhand smoke,3,Rate,1995,91.46012744084304,128.22585554337508,59.384183993854535
1,All Population,2,DALYs (Disability-Adjusted Life Years),13,Malaysia,3,Both,22,All ages,515,Asthma,100,Secondhand smoke,1,Number,1995,5022.654191953995,7236.060898233787,3182.3423851514026
1,All Population,2,DALYs (Disability-Adjusted Life Years),13,Malaysia,3,Both,22,All ages,515,Asthma,100,Secondhand smoke,2,Percent,1995,0.08467421864541391,0.10697969142917779,0.06418932875979505
1,All Population,2,DALYs (Disability-Adjusted Life Years),13,Malaysia,3,Both,22,All ages,515,Asthma,100,Secondhand smoke,3,Rate,1995,24.279083410286663,34.97850327652838,15.383172572970388
1,All Population,2,DALYs (Disability-Adjusted Life Years),13,Malaysia,3,Both,22,All ages,587,Diabetes mellitus,100,Secondhand smoke,1,Number,1995,8180.266595903189,11926.100136389043,4505.93500488541
1,All Population,2,DALYs (Disability-Adjusted Life Years),13,Malaysia,3,Both,22,All ages,587,Diabetes mellitus,100,Secondhand smoke,2,Percent,1995,0.0569670347166387,0.08032253931204265,0.03416753889678503
1,All Population,2,DALYs (Disability-Adjusted Life Years),13,Malaysia,3,Both,22,All ages,587,Diabetes mellitus,100,Secondhand smoke,3,Rate,1995,39.54271335631186,57.64975427427805,21.781306784009878
1,All Population,2,DALYs (Disability-Adjusted Life Years),13,Malaysia,3,Both,22,All ages,493,Ischemic heart disease,100,Secondhand smoke,1,Number,1995,33860.81540248394,45710.83003250825,25454.837919710688
1,All Population,2,DALYs (Disability-Adjusted Life Years),13,Malaysia,3,Both,22,All ages,493,Ischemic heart disease,100,Secondhand smoke,2,Percent,1995,0.08446707740952222,0.10610750476367323,0.06525897946772415
1,All Population,2,DALYs (Disability-Adjusted Life Years),13,Malaysia,3,Both,22,All ages,493,Ischemic heart disease,100,Secondhand smoke,3,Rate,1995,163.68030329744747,220.96226670165086,123.04652270069
1,All Population,2,DALYs (Disability-Adjusted Life Years),13,Malaysia,3,Both,22,All ages,322,Lower respiratory infections,100,Secondhand smoke,1,Number,1997,40081.489676503326,55305.868936687475,27315.105585971534
1,All Population,2,DALYs (Disability-Adjusted Life Years),13,Malaysia,3,Both,22,All ages,322,Lower respiratory infections,100,Secondhand smoke,2,Percent,1997,0.12940801808453528,0.16904959442602382,0.09059522401500111
1,All Population,2,DALYs (Disability-Adjusted Life Years),13,Malaysia,3,Both,22,All ages,322,Lower respiratory infections,100,Secondhand smoke,3,Rate,1997,182.0479594473974,251.19626707116694,124.06373301368102
1,All Population,2,DALYs (Disability-Adjusted Life Years),13,Malaysia,3,Both,22,All ages,429,Breast cancer,100,Secondhand smoke,1,Number,1998,4527.02868437964,6755.386593533169,2538.2511268446106
1,All Population,2,DALYs (Disability-Adjusted Life Years),13,Malaysia,3,Both,22,All ages,429,Breast cancer,100,Secondhand smoke,2,Percent,1998,0.10536650958060474,0.1452362598439585,0.06649494677143697
1,All Population,2,DALYs (Disability-Adjusted Life Years),13,Malaysia,3,Both,22,All ages,429,Breast cancer,100,Secondhand smoke,3,Rate,1998,19.960060892126577,29.78508358518496,11.191368684307326
1,All Population,2,DALYs (Disability-Adjusted Life Years),13,Malaysia,3,Both,22,All ages,429,Breast cancer,100,Secondhand smoke,1,Number,1997,4183.299766840778,6195.033979714692,2365.7789936202444
1,All Population,2,DALYs (Disability-Adjusted Life Years),13,Malaysia,3,Both,22,All ages,429,Breast cancer,100,Secondhand smoke,2,Percent,1997,0.10488081789224181,0.1442337057214716,0.0660328099343215
1,All Population,2,DALYs (Disability-Adjusted Life Years),13,Malaysia,3,Both,22,All ages,429,Breast cancer,100,Secondhand smoke,3,Rate,1997,19.00032140663127,28.13750945428274,10.745240303395208
1,All Population,2,DALYs (Disability-Adjusted Life Years),13,Malaysia,3,Both,22,All ages,493,Ischemic heart disease,100,Secondhand smoke,1,Number,1998,38621.60204728956,50986.88706122278,29622.089290829954
1,All Population,2,DALYs (Disability-Adjusted Life Years),13,Malaysia,3,Both,22,All ages,493,Ischemic heart disease,100,Secondhand smoke,2,Percent,1998,0.0850345153124235,0.1055992621659546,0.06522501228552888
1,All Population,2,DALYs (Disability-Adjusted Life Years),13,Malaysia,3,Both,22,All ages,493,Ischemic heart disease,100,Secondhand smoke,3,Rate,1998,170.28598278497952,224.80559355710096,130.60635291247308
1,All Population,2,DALYs (Disability-Adjusted Life Years),13,Malaysia,3,Both,22,All ages,493,Ischemic heart disease,100,Secondhand smoke,1,Number,1997,36294.184748306725,47948.5359652574,27616.779441536924
1,All Population,2,DALYs (Disability-Adjusted Life Years),13,Malaysia,3,Both,22,All ages,493,Ischemic heart disease,100,Secondhand smoke,2,Percent,1997,0.08487496455926999,0.10588228887538992,0.06493406586421376
1,All Population,2,DALYs (Disability-Adjusted Life Years),13,Malaysia,3,Both,22,All ages,493,Ischemic heart disease,100,Secondhand smoke,3,Rate,1997,164.84622519181036,217.77965842627714,125.43391935823955
1,All Population,2,DALYs (Disability-Adjusted Life Years),13,Malaysia,3,Both,22,All ages,322,Lower respiratory infections,100,Secondhand smoke,1,Number,1998,38896.94797416604,53836.55109940625,26589.443886978723
1,All Population,2,DALYs (Disability-Adjusted Life Years),13,Malaysia,3,Both,22,All ages,322,Lower respiratory infections,100,Secondhand smoke,2,Percent,1998,0.12888494370601877,0.16720277138927353,0.09068435139266434
1,All Population,2,DALYs (Disability-Adjusted Life Years),13,Malaysia,3,Both,22,All ages,322,Lower respiratory infections,100,Secondhand smoke,3,Rate,1998,171.50000678394744,237.37000869334824,117.23515711378924
1,All Population,2,DALYs (Disability-Adjusted Life Years),13,Malaysia,3,Both,22,All ages,429,Breast cancer,100,Secondhand smoke,1,Number,1996,3931.0777650520336,5795.881874500381,2209.244340520565
1,All Population,2,DALYs (Disability-Adjusted Life Years),13,Malaysia,3,Both,22,All ages,429,Breast cancer,100,Secondhand smoke,2,Percent,1996,0.10436527774316669,0.1434835914481649,0.06564166299809866
1,All Population,2,DALYs (Disability-Adjusted Life Years),13,Malaysia,3,Both,22,All ages,429,Breast cancer,100,Secondhand smoke,3,Rate,1996,18.412678498548573,27.147188620759323,10.34782525249909
1,All Population,2,DALYs (Disability-Adjusted Life Years),13,Malaysia,3,Both,22,All ages,322,Lower respiratory infections,100,Secondhand smoke,1,Number,1996,41100.23790926701,57140.90844361873,28287.77584601112
1,All Population,2,DALYs (Disability-Adjusted Life Years),13,Malaysia,3,Both,22,All ages,322,Lower respiratory infections,100,Secondhand smoke,2,Percent,1996,0.12984996633770066,0.1705916840910226,0.09083330725234261
1,All Population,2,DALYs (Disability-Adjusted Life Years),13,Malaysia,3,Both,22,All ages,322,Lower respiratory infections,100,Secondhand smoke,3,Rate,1996,192.50839389771645,267.64089625518375,132.4964178328119
1,All Population,2,DALYs (Disability-Adjusted Life Years),13,Malaysia,3,Both,22,All ages,329,Otitis media,100,Secondhand smoke,1,Number,1998,204.89241737709963,372.2123298821408,83.84792108528376
1,All Population,2,DALYs (Disability-Adjusted Life Years),13,Malaysia,3,Both,22,All ages,329,Otitis media,100,Secondhand smoke,2,Percent,1998,0.03186464600159568,0.046777251287342156,0.016579710315250944
1,All Population,2,DALYs (Disability-Adjusted Life Years),13,Malaysia,3,Both,22,All ages,329,Otitis media,100,Secondhand smoke,3,Rate,1998,0.9033883839289933,1.6411163452272037,0.3696927338488533
1,All Population,2,DALYs (Disability-Adjusted Life Years),13,Malaysia,3,Both,22,All ages,493,Ischemic heart disease,100,Secondhand smoke,1,Number,1996,35210.992239626066,47192.673942529305,26863.547780749293
1,All Population,2,DALYs (Disability-Adjusted Life Years),13,Malaysia,3,Both,22,All ages,493,Ischemic heart disease,100,Secondhand smoke,2,Percent,1996,0.08463466934864931,0.10575884121079873,0.06488831761316785
1,All Population,2,DALYs (Disability-Adjusted Life Years),13,Malaysia,3,Both,22,All ages,493,Ischemic heart disease,100,Secondhand smoke,3,Rate,1996,164.92390089223835,221.0446052519444,125.82551101244557
1,All Population,2,DALYs (Disability-Adjusted Life Years),13,Malaysia,3,Both,22,All ages,329,Otitis media,100,Secondhand smoke,1,Number,1997,201.62364964428497,364.5073397436052,81.51513104444125
1,All Population,2,DALYs (Disability-Adjusted Life Years),13,Malaysia,3,Both,22,All ages,329,Otitis media,100,Secondhand smoke,2,Percent,1997,0.03193205478120012,0.04752139161672573,0.016696732311974175
1,All Population,2,DALYs (Disability-Adjusted Life Years),13,Malaysia,3,Both,22,All ages,329,Otitis media,100,Secondhand smoke,3,Rate,1997,0.91576371762441,1.6555726331405032,0.37023731878476207
1,All Population,2,DALYs (Disability-Adjusted Life Years),13,Malaysia,3,Both,22,All ages,494,Stroke,100,Secondhand smoke,1,Number,1998,20770.579521670596,28689.617923377926,13628.858896319049
1,All Population,2,DALYs (Disability-Adjusted Life Years),13,Malaysia,3,Both,22,All ages,494,Stroke,100,Secondhand smoke,2,Percent,1998,0.05693494829889851,0.07777872080837694,0.03807341148303932
1,All Population,2,DALYs (Disability-Adjusted Life Years),13,Malaysia,3,Both,22,All ages,494,Stroke,100,Secondhand smoke,3,Rate,1998,91.57928100782833,126.4950060286489,60.090817272567605
1,All Population,2,DALYs (Disability-Adjusted Life Years),13,Malaysia,3,Both,22,All ages,494,Stroke,100,Secondhand smoke,1,Number,1997,19845.889833265224,27711.963219931145,12942.58475621365
1,All Population,2,DALYs (Disability-Adjusted Life Years),13,Malaysia,3,Both,22,All ages,494,Stroke,100,Secondhand smoke,2,Percent,1997,0.05667087413000626,0.0764783253249946,0.03778484289092435
1,All Population,2,DALYs (Disability-Adjusted Life Years),13,Malaysia,3,Both,22,All ages,494,Stroke,100,Secondhand smoke,3,Rate,1997,90.13895882422123,125.86623893440837,58.784520332459735
1,All Population,2,DALYs (Disability-Adjusted Life Years),13,Malaysia,3,Both,22,All ages,426,"Tracheal, bronchus, and lung cancer",100,Secondhand smoke,1,Number,1999,8844.852673916506,11097.826413099627,6501.393035497601
1,All Population,2,DALYs (Disability-Adjusted Life Years),13,Malaysia,3,Both,22,All ages,426,"Tracheal, bronchus, and lung cancer",100,Secondhand smoke,2,Percent,1999,0.11459878917712069,0.13581242908957109,0.09163388489995747
1,All Population,2,DALYs (Disability-Adjusted Life Years),13,Malaysia,3,Both,22,All ages,426,"Tracheal, bronchus, and lung cancer",100,Secondhand smoke,3,Rate,1999,37.90404952866037,47.55902416137572,27.861303371339226
1,All Population,2,DALYs (Disability-Adjusted Life Years),13,Malaysia,3,Both,22,All ages,515,Asthma,100,Secondhand smoke,1,Number,1998,5577.758208390246,8133.52163094092,3603.1872952615795
1,All Population,2,DALYs (Disability-Adjusted Life Years),13,Malaysia,3,Both,22,All ages,515,Asthma,100,Secondhand smoke,2,Percent,1998,0.08519461772946897,0.10701797846964488,0.0646905781062623
1,All Population,2,DALYs (Disability-Adjusted Life Years),13,Malaysia,3,Both,22,All ages,515,Asthma,100,Secondhand smoke,3,Rate,1998,24.592818213230395,35.861400123479946,15.886764328954865
1,All Population,2,DALYs (Disability-Adjusted Life Years),13,Malaysia,3,Both,22,All ages,494,Stroke,100,Secondhand smoke,1,Number,1996,19476.244566638055,27369.514725618872,12728.72123433407
1,All Population,2,DALYs (Disability-Adjusted Life Years),13,Malaysia,3,Both,22,All ages,494,Stroke,100,Secondhand smoke,2,Percent,1996,0.0563818439663716,0.0759536638861803,0.03780857839971741
1,All Population,2,DALYs (Disability-Adjusted Life Years),13,Malaysia,3,Both,22,All ages,494,Stroke,100,Secondhand smoke,3,Rate,1996,91.22430310402757,128.19539714637025,59.619744455078035
1,All Population,2,DALYs (Disability-Adjusted Life Years),13,Malaysia,3,Both,22,All ages,587,Diabetes mellitus,100,Secondhand smoke,1,Number,1998,9219.699551421658,13730.353310979122,5109.76648368489
1,All Population,2,DALYs (Disability-Adjusted Life Years),13,Malaysia,3,Both,22,All ages,587,Diabetes mellitus,100,Secondhand smoke,2,Percent,1998,0.057644294215046236,0.08051782962305942,0.03349929935503381
1,All Population,2,DALYs (Disability-Adjusted Life Years),13,Malaysia,3,Both,22,All ages,587,Diabetes mellitus,100,Secondhand smoke,3,Rate,1998,40.650452489612704,60.53831492236512,22.529402234806955
1,All Population,2,DALYs (Disability-Adjusted Life Years),13,Malaysia,3,Both,22,All ages,515,Asthma,100,Secondhand smoke,1,Number,1996,5200.471803154457,7436.810952958434,3316.902463831624
1,All Population,2,DALYs (Disability-Adjusted Life Years),13,Malaysia,3,Both,22,All ages,515,Asthma,100,Secondhand smoke,2,Percent,1996,0.08476428766583015,0.10720110232108013,0.06452198403906378
1,All Population,2,DALYs (Disability-Adjusted Life Years),13,Malaysia,3,Both,22,All ages,515,Asthma,100,Secondhand smoke,3,Rate,1996,24.358362025682982,34.833095989261295,15.535957904604544
1,All Population,2,DALYs (Disability-Adjusted Life Years),13,Malaysia,3,Both,22,All ages,587,Diabetes mellitus,100,Secondhand smoke,1,Number,1996,8548.340970687894,12664.754965337741,4757.064403317562
1,All Population,2,DALYs (Disability-Adjusted Life Years),13,Malaysia,3,Both,22,All ages,587,Diabetes mellitus,100,Secondhand smoke,2,Percent,1996,0.0571650836667351,0.08018021078217281,0.03378741938691601
1,All Population,2,DALYs (Disability-Adjusted Life Years),13,Malaysia,3,Both,22,All ages,587,Diabetes mellitus,100,Secondhand smoke,3,Rate,1996,40.03936411244291,59.32013442033087,22.281497006716346
1,All Population,2,DALYs (Disability-Adjusted Life Years),13,Malaysia,3,Both,22,All ages,515,Asthma,100,Secondhand smoke,1,Number,1997,5401.033800060664,7838.412523496556,3441.776968633498
1,All Population,2,DALYs (Disability-Adjusted Life Years),13,Malaysia,3,Both,22,All ages,515,Asthma,100,Secondhand smoke,2,Percent,1997,0.08498894743408915,0.10697885438637342,0.06470530678225714
1,All Population,2,DALYs (Disability-Adjusted Life Years),13,Malaysia,3,Both,22,All ages,515,Asthma,100,Secondhand smoke,3,Rate,1997,24.53120355912986,35.601645964920124,15.632364941268277
1,All Population,2,DALYs (Disability-Adjusted Life Years),13,Malaysia,3,Both,22,All ages,587,Diabetes mellitus,100,Secondhand smoke,1,Number,1997,8888.082966828797,13211.332259462219,4982.63308005245
1,All Population,2,DALYs (Disability-Adjusted Life Years),13,Malaysia,3,Both,22,All ages,587,Diabetes mellitus,100,Secondhand smoke,2,Percent,1997,0.05737180205853738,0.08010327020852809,0.03349985259503071
1,All Population,2,DALYs (Disability-Adjusted Life Years),13,Malaysia,3,Both,22,All ages,587,Diabetes mellitus,100,Secondhand smoke,3,Rate,1997,40.369192377071094,60.005156964677155,22.630850106112657
1,All Population,2,DALYs (Disability-Adjusted Life Years),13,Malaysia,3,Both,22,All ages,509,Chronic obstructive pulmonary disease,100,Secondhand smoke,1,Number,1999,12883.701948007485,19919.94860583161,6296.915186672113
1,All Population,2,DALYs (Disability-Adjusted Life Years),13,Malaysia,3,Both,22,All ages,509,Chronic obstructive pulmonary disease,100,Secondhand smoke,2,Percent,1999,0.12985614090479577,0.19231490246645494,0.06699834637504745
1,All Population,2,DALYs (Disability-Adjusted Life Years),13,Malaysia,3,Both,22,All ages,509,Chronic obstructive pulmonary disease,100,Secondhand smoke,3,Rate,1999,55.21227936219932,85.3656636690451,26.985026649144455
1,All Population,2,DALYs (Disability-Adjusted Life Years),13,Malaysia,3,Both,22,All ages,509,Chronic obstructive pulmonary disease,100,Secondhand smoke,1,Number,2000,13093.045359988131,19673.283360656653,6548.735961313409
1,All Population,2,DALYs (Disability-Adjusted Life Years),13,Malaysia,3,Both,22,All ages,509,Chronic obstructive pulmonary disease,100,Secondhand smoke,2,Percent,2000,0.13051742501110192,0.19577501592399424,0.0673087970461198
1,All Population,2,DALYs (Disability-Adjusted Life Years),13,Malaysia,3,Both,22,All ages,509,Chronic obstructive pulmonary disease,100,Secondhand smoke,3,Rate,2000,54.61283082536896,82.05987731765264,27.315647302969634
1,All Population,2,DALYs (Disability-Adjusted Life Years),13,Malaysia,3,Both,22,All ages,426,"Tracheal, bronchus, and lung cancer",100,Secondhand smoke,1,Number,2001,9899.091168577319,12516.88778446161,7611.8511376376555
1,All Population,2,DALYs (Disability-Adjusted Life Years),13,Malaysia,3,Both,22,All ages,426,"Tracheal, bronchus, and lung cancer",100,Secondhand smoke,2,Percent,2001,0.11545741933059812,0.13807713581628434,0.09177529811883686
1,All Population,2,DALYs (Disability-Adjusted Life Years),13,Malaysia,3,Both,22,All ages,426,"Tracheal, bronchus, and lung cancer",100,Secondhand smoke,3,Rate,2001,40.26092925284952,50.90785860784134,30.958417789751053
1,All Population,2,DALYs (Disability-Adjusted Life Years),13,Malaysia,3,Both,22,All ages,426,"Tracheal, bronchus, and lung cancer",100,Secondhand smoke,1,Number,2000,9528.42147435737,12211.48892516623,7162.271209561783
1,All Population,2,DALYs (Disability-Adjusted Life Years),13,Malaysia,3,Both,22,All ages,426,"Tracheal, bronchus, and lung cancer",100,Secondhand smoke,2,Percent,2000,0.1148736949387811,0.13716515838525967,0.09162671625865147
1,All Population,2,DALYs (Disability-Adjusted Life Years),13,Malaysia,3,Both,22,All ages,426,"Tracheal, bronchus, and lung cancer",100,Secondhand smoke,3,Rate,2000,39.74431125108111,50.935741873621225,29.874784294916903
1,All Population,2,DALYs (Disability-Adjusted Life Years),13,Malaysia,3,Both,22,All ages,426,"Tracheal, bronchus, and lung cancer",100,Secondhand smoke,1,Number,2002,10251.248414577736,12740.09769278024,7845.185527309666
1,All Population,2,DALYs (Disability-Adjusted Life Years),13,Malaysia,3,Both,22,All ages,426,"Tracheal, bronchus, and lung cancer",100,Secondhand smoke,2,Percent,2002,0.11553638844010346,0.1378135898019559,0.09136099517797025
1,All Population,2,DALYs (Disability-Adjusted Life Years),13,Malaysia,3,Both,22,All ages,426,"Tracheal, bronchus, and lung cancer",100,Secondhand smoke,3,Rate,2002,40.7255030310885,50.613044013825814,31.166850519158157
1,All Population,2,DALYs (Disability-Adjusted Life Years),13,Malaysia,3,Both,22,All ages,509,Chronic obstructive pulmonary disease,100,Secondhand smoke,1,Number,2001,13501.774040818918,20273.454280843296,6905.101699546189
1,All Population,2,DALYs (Disability-Adjusted Life Years),13,Malaysia,3,Both,22,All ages,509,Chronic obstructive pulmonary disease,100,Secondhand smoke,2,Percent,2001,0.13103072871826993,0.19780139308178246,0.0677988606085196
1,All Population,2,DALYs (Disability-Adjusted Life Years),13,Malaysia,3,Both,22,All ages,509,Chronic obstructive pulmonary disease,100,Secondhand smoke,3,Rate,2001,54.9135228869192,82.45485313872686,28.08397319257284
1,All Population,2,DALYs (Disability-Adjusted Life Years),13,Malaysia,3,Both,22,All ages,426,"Tracheal, bronchus, and lung cancer",100,Secondhand smoke,1,Number,2003,10503.38108862651,12919.949536804845,8025.15840393436
1,All Population,2,DALYs (Disability-Adjusted Life Years),13,Malaysia,3,Both,22,All ages,426,"Tracheal, bronchus, and lung cancer",100,Secondhand smoke,2,Percent,2003,0.11546145229783106,0.13747029159639915,0.09111447727975615
1,All Population,2,DALYs (Disability-Adjusted Life Years),13,Malaysia,3,Both,22,All ages,426,"Tracheal, bronchus, and lung cancer",100,Secondhand smoke,3,Rate,2003,40.821439888157066,50.21344450177134,31.189815795018827
1,All Population,2,DALYs (Disability-Adjusted Life Years),13,Malaysia,3,Both,22,All ages,329,Otitis media,100,Secondhand smoke,1,Number,1999,207.48342823861444,375.2529774614697,84.68619466035408
1,All Population,2,DALYs (Disability-Adjusted Life Years),13,Malaysia,3,Both,22,All ages,329,Otitis media,100,Secondhand smoke,2,Percent,1999,0.03167212232268678,0.04670830122548929,0.01676471666272477
1,All Population,2,DALYs (Disability-Adjusted Life Years),13,Malaysia,3,Both,22,All ages,329,Otitis media,100,Secondhand smoke,3,Rate,1999,0.8891569402308994,1.608122596029472,0.3629172621796161
1,All Population,2,DALYs (Disability-Adjusted Life Years),13,Malaysia,3,Both,22,All ages,509,Chronic obstructive pulmonary disease,100,Secondhand smoke,1,Number,2002,13876.981014628076,20976.492221188622,7208.839222400942
1,All Population,2,DALYs (Disability-Adjusted Life Years),13,Malaysia,3,Both,22,All ages,509,Chronic obstructive pulmonary disease,100,Secondhand smoke,2,Percent,2002,0.13139507922215005,0.19808460228440156,0.06829239216648939
1,All Population,2,DALYs (Disability-Adjusted Life Years),13,Malaysia,3,Both,22,All ages,509,Chronic obstructive pulmonary disease,100,Secondhand smoke,3,Rate,2002,55.12958124884854,83.33406459264017,28.63881468183232
1,All Population,2,DALYs (Disability-Adjusted Life Years),13,Malaysia,3,Both,22,All ages,426,"Tracheal, bronchus, and lung cancer",100,Secondhand smoke,1,Number,2004,10739.577702745175,13052.414957704537,8182.115019816822
1,All Population,2,DALYs (Disability-Adjusted Life Years),13,Malaysia,3,Both,22,All ages,426,"Tracheal, bronchus, and lung cancer",100,Secondhand smoke,2,Percent,2004,0.11542554984578692,0.13790316851385312,0.0905396802572894
1,All Population,2,DALYs (Disability-Adjusted Life Years),13,Malaysia,3,Both,22,All ages,426,"Tracheal, bronchus, and lung cancer",100,Secondhand smoke,3,Rate,2004,40.88586774408505,49.6909027964121,31.149536958200088
1,All Population,2,DALYs (Disability-Adjusted Life Years),13,Malaysia,3,Both,22,All ages,509,Chronic obstructive pulmonary disease,100,Secondhand smoke,1,Number,2003,14407.663107044194,21345.620341814403,7575.094071294168
1,All Population,2,DALYs (Disability-Adjusted Life Years),13,Malaysia,3,Both,22,All ages,509,Chronic obstructive pulmonary disease,100,Secondhand smoke,2,Percent,2003,0.13136738079537505,0.19766110520489089,0.06762596054026815
1,All Population,2,DALYs (Disability-Adjusted Life Years),13,Malaysia,3,Both,22,All ages,509,Chronic obstructive pulmonary disease,100,Secondhand smoke,3,Rate,2003,55.99545027361591,82.959853622977,29.4406386542818
1,All Population,2,DALYs (Disability-Adjusted Life Years),13,Malaysia,3,Both,22,All ages,509,Chronic obstructive pulmonary disease,100,Secondhand smoke,1,Number,2004,14574.164055517933,21891.95705372175,7662.8948780266655
1,All Population,2,DALYs (Disability-Adjusted Life Years),13,Malaysia,3,Both,22,All ages,509,Chronic obstructive pulmonary disease,100,Secondhand smoke,2,Percent,2004,0.13139933201682114,0.19497335949216008,0.0684127031421869
1,All Population,2,DALYs (Disability-Adjusted Life Years),13,Malaysia,3,Both,22,All ages,509,Chronic obstructive pulmonary disease,100,Secondhand smoke,3,Rate,2004,55.48424347283137,83.34328271854352,29.172851595434743
1,All Population,2,DALYs (Disability-Adjusted Life Years),13,Malaysia,3,Both,22,All ages,509,Chronic obstructive pulmonary disease,100,Secondhand smoke,1,Number,2005,14624.895350381714,21961.76099891352,7529.652106497586
1,All Population,2,DALYs (Disability-Adjusted Life Years),13,Malaysia,3,Both,22,All ages,509,Chronic obstructive pulmonary disease,100,Secondhand smoke,2,Percent,2005,0.13161222345872214,0.19469921126061868,0.06923863858156408
1,All Population,2,DALYs (Disability-Adjusted Life Years),13,Malaysia,3,Both,22,All ages,509,Chronic obstructive pulmonary disease,100,Secondhand smoke,3,Rate,2005,54.59672836549658,81.98624817198049,28.109217939423292
1,All Population,2,DALYs (Disability-Adjusted Life Years),13,Malaysia,3,Both,22,All ages,515,Asthma,100,Secondhand smoke,1,Number,1999,5890.8419656194765,8533.327421250728,3808.193312282017
1,All Population,2,DALYs (Disability-Adjusted Life Years),13,Malaysia,3,Both,22,All ages,515,Asthma,100,Secondhand smoke,2,Percent,1999,0.08505643890346327,0.10602608642804039,0.0645500741118744
1,All Population,2,DALYs (Disability-Adjusted Life Years),13,Malaysia,3,Both,22,All ages,515,Asthma,100,Secondhand smoke,3,Rate,1999,25.244825873564285,36.56902801481492,16.319768485135697
1,All Population,2,DALYs (Disability-Adjusted Life Years),13,Malaysia,3,Both,22,All ages,587,Diabetes mellitus,100,Secondhand smoke,1,Number,1999,9875.684946859163,14650.845880249697,5399.503932865964
1,All Population,2,DALYs (Disability-Adjusted Life Years),13,Malaysia,3,Both,22,All ages,587,Diabetes mellitus,100,Secondhand smoke,2,Percent,1999,0.05784761595697504,0.08108393561297222,0.03347892052098329
1,All Population,2,DALYs (Disability-Adjusted Life Years),13,Malaysia,3,Both,22,All ages,587,Diabetes mellitus,100,Secondhand smoke,3,Rate,1999,42.32161519875744,62.78526147975459,23.139228209543838
1,All Population,2,DALYs (Disability-Adjusted Life Years),13,Malaysia,3,Both,22,All ages,426,"Tracheal, bronchus, and lung cancer",100,Secondhand smoke,1,Number,2005,10985.134116036743,13463.823504624488,8328.145896147234
1,All Population,2,DALYs (Disability-Adjusted Life Years),13,Malaysia,3,Both,22,All ages,426,"Tracheal, bronchus, and lung cancer",100,Secondhand smoke,2,Percent,2005,0.11533035222019845,0.13738285742569298,0.0904573260588229
1,All Population,2,DALYs (Disability-Adjusted Life Years),13,Malaysia,3,Both,22,All ages,426,"Tracheal, bronchus, and lung cancer",100,Secondhand smoke,3,Rate,2005,41.00900341664014,50.26228885964547,31.090104126338808
1,All Population,2,DALYs (Disability-Adjusted Life Years),13,Malaysia,3,Both,22,All ages,426,"Tracheal, bronchus, and lung cancer",100,Secondhand smoke,1,Number,2006,11166.655816605033,13788.56803225014,8379.34891447131
1,All Population,2,DALYs (Disability-Adjusted Life Years),13,Malaysia,3,Both,22,All ages,426,"Tracheal, bronchus, and lung cancer",100,Secondhand smoke,2,Percent,2006,0.11518313635656666,0.13681047455381562,0.09057113283286028
1,All Population,2,DALYs (Disability-Adjusted Life Years),13,Malaysia,3,Both,22,All ages,426,"Tracheal, bronchus, and lung cancer",100,Secondhand smoke,3,Rate,2006,40.913672982241685,50.52013535923487,30.701218603065225
1,All Population,2,DALYs (Disability-Adjusted Life Years),13,Malaysia,3,Both,22,All ages,509,Chronic obstructive pulmonary disease,100,Secondhand smoke,1,Number,2006,14723.229818513439,22323.86133105558,7461.539198507013
1,All Population,2,DALYs (Disability-Adjusted Life Years),13,Malaysia,3,Both,22,All ages,509,Chronic obstructive pulmonary disease,100,Secondhand smoke,2,Percent,2006,0.1318034118803657,0.19448149081554414,0.07020128499916103
1,All Population,2,DALYs (Disability-Adjusted Life Years),13,Malaysia,3,Both,22,All ages,509,Chronic obstructive pulmonary disease,100,Secondhand smoke,3,Rate,2006,53.944656299094916,81.79272086469679,27.338442209165052
1,All Population,2,DALYs (Disability-Adjusted Life Years),13,Malaysia,3,Both,22,All ages,429,Breast cancer,100,Secondhand smoke,1,Number,1999,4759.163137011471,7127.850517250126,2724.5293742740723
1,All Population,2,DALYs (Disability-Adjusted Life Years),13,Malaysia,3,Both,22,All ages,429,Breast cancer,100,Secondhand smoke,2,Percent,1999,0.10571024931635907,0.14544933841640412,0.06666537135482495
1,All Population,2,DALYs (Disability-Adjusted Life Years),13,Malaysia,3,Both,22,All ages,429,Breast cancer,100,Secondhand smoke,3,Rate,1999,20.395088749440998,30.545946778229705,11.675796098822552
1,All Population,2,DALYs (Disability-Adjusted Life Years),13,Malaysia,3,Both,22,All ages,493,Ischemic heart disease,100,Secondhand smoke,1,Number,1999,40496.683575573916,52483.30617804755,31100.499766956527
1,All Population,2,DALYs (Disability-Adjusted Life Years),13,Malaysia,3,Both,22,All ages,493,Ischemic heart disease,100,Secondhand smoke,2,Percent,1999,0.08529900412871623,0.10544063173363881,0.06543574876613992
1,All Population,2,DALYs (Disability-Adjusted Life Years),13,Malaysia,3,Both,22,All ages,493,Ischemic heart disease,100,Secondhand smoke,3,Rate,1999,173.54594322658718,224.91384652082456,133.27919943869705
1,All Population,2,DALYs (Disability-Adjusted Life Years),13,Malaysia,3,Both,22,All ages,322,Lower respiratory infections,100,Secondhand smoke,1,Number,1999,39448.38445037025,55400.46725309896,26688.034241412803
1,All Population,2,DALYs (Disability-Adjusted Life Years),13,Malaysia,3,Both,22,All ages,322,Lower respiratory infections,100,Secondhand smoke,2,Percent,1999,0.1277022553297648,0.1647200658226878,0.09087710896068944
1,All Population,2,DALYs (Disability-Adjusted Life Years),13,Malaysia,3,Both,22,All ages,322,Lower respiratory infections,100,Secondhand smoke,3,Rate,1999,169.05352448006013,237.41515343325136,114.36986109358956
1,All Population,2,DALYs (Disability-Adjusted Life Years),13,Malaysia,3,Both,22,All ages,329,Otitis media,100,Secondhand smoke,1,Number,2000,209.17068559161598,380.68386062586274,85.17230073384611
1,All Population,2,DALYs (Disability-Adjusted Life Years),13,Malaysia,3,Both,22,All ages,329,Otitis media,100,Secondhand smoke,2,Percent,2000,0.031400162852267335,0.046014585967708396,0.01661747551637555
1,All Population,2,DALYs (Disability-Adjusted Life Years),13,Malaysia,3,Both,22,All ages,329,Otitis media,100,Secondhand smoke,3,Rate,2000,0.872478705431729,1.5878829337781664,0.3552649764125769
1,All Population,2,DALYs (Disability-Adjusted Life Years),13,Malaysia,3,Both,22,All ages,329,Otitis media,100,Secondhand smoke,1,Number,2002,212.12152216808505,380.405007014807,85.8027420733439
1,All Population,2,DALYs (Disability-Adjusted Life Years),13,Malaysia,3,Both,22,All ages,329,Otitis media,100,Secondhand smoke,2,Percent,2002,0.03081494043344573,0.044847679574282144,0.015999813774151564
1,All Population,2,DALYs (Disability-Adjusted Life Years),13,Malaysia,3,Both,22,All ages,329,Otitis media,100,Secondhand smoke,3,Rate,2002,0.8427027952742568,1.511248644037557,0.340871637391455
1,All Population,2,DALYs (Disability-Adjusted Life Years),13,Malaysia,3,Both,22,All ages,329,Otitis media,100,Secondhand smoke,1,Number,2003,211.74671911064715,399.2360712334809,84.99243911714933
1,All Population,2,DALYs (Disability-Adjusted Life Years),13,Malaysia,3,Both,22,All ages,329,Otitis media,100,Secondhand smoke,2,Percent,2003,0.030339949152410242,0.04433172771390759,0.016048255695204374
1,All Population,2,DALYs (Disability-Adjusted Life Years),13,Malaysia,3,Both,22,All ages,329,Otitis media,100,Secondhand smoke,3,Rate,2003,0.8229546174469128,1.5516328642677761,0.3303235134565852
1,All Population,2,DALYs (Disability-Adjusted Life Years),13,Malaysia,3,Both,22,All ages,426,"Tracheal, bronchus, and lung cancer",100,Secondhand smoke,1,Number,2007,11454.877836353051,14085.70135590819,8648.75207632029
1,All Population,2,DALYs (Disability-Adjusted Life Years),13,Malaysia,3,Both,22,All ages,426,"Tracheal, bronchus, and lung cancer",100,Secondhand smoke,2,Percent,2007,0.11504941900316823,0.13720903733974718,0.09045199299922838
1,All Population,2,DALYs (Disability-Adjusted Life Years),13,Malaysia,3,Both,22,All ages,426,"Tracheal, bronchus, and lung cancer",100,Secondhand smoke,3,Rate,2007,41.219364510641405,50.68615020359448,31.121769213866408
1,All Population,2,DALYs (Disability-Adjusted Life Years),13,Malaysia,3,Both,22,All ages,329,Otitis media,100,Secondhand smoke,1,Number,2001,210.75634663188544,389.09807646810543,86.3890191294015
1,All Population,2,DALYs (Disability-Adjusted Life Years),13,Malaysia,3,Both,22,All ages,329,Otitis media,100,Secondhand smoke,2,Percent,2001,0.03111768080696744,0.04559800945974062,0.016472569433207872
1,All Population,2,DALYs (Disability-Adjusted Life Years),13,Malaysia,3,Both,22,All ages,329,Otitis media,100,Secondhand smoke,3,Rate,2001,0.857174281642144,1.5825139765182743,0.3513557081313116
1,All Population,2,DALYs (Disability-Adjusted Life Years),13,Malaysia,3,Both,22,All ages,509,Chronic obstructive pulmonary disease,100,Secondhand smoke,1,Number,2007,14730.094824349328,21848.100000415532,7496.951846036759
1,All Population,2,DALYs (Disability-Adjusted Life Years),13,Malaysia,3,Both,22,All ages,509,Chronic obstructive pulmonary disease,100,Secondhand smoke,2,Percent,2007,0.13188026146000523,0.19313259727298035,0.07128221075268239
1,All Population,2,DALYs (Disability-Adjusted Life Years),13,Malaysia,3,Both,22,All ages,509,Chronic obstructive pulmonary disease,100,Secondhand smoke,3,Rate,2007,53.00494309195301,78.61845500648226,26.97711798198448
1,All Population,2,DALYs (Disability-Adjusted Life Years),13,Malaysia,3,Both,22,All ages,494,Stroke,100,Secondhand smoke,1,Number,1999,21345.908401874618,29370.51770950433,13930.913454064706
1,All Population,2,DALYs (Disability-Adjusted Life Years),13,Malaysia,3,Both,22,All ages,494,Stroke,100,Secondhand smoke,2,Percent,1999,0.05730615490496138,0.07734027346509638,0.038282531778293404
1,All Population,2,DALYs (Disability-Adjusted Life Years),13,Malaysia,3,Both,22,All ages,494,Stroke,100,Secondhand smoke,3,Rate,1999,91.47652302733442,125.86547215494728,59.70003718654755
1,All Population,2,DALYs (Disability-Adjusted Life Years),13,Malaysia,3,Both,22,All ages,429,Breast cancer,100,Secondhand smoke,1,Number,2001,5294.288429452802,7793.036448997803,3226.694185161711
1,All Population,2,DALYs (Disability-Adjusted Life Years),13,Malaysia,3,Both,22,All ages,429,Breast cancer,100,Secondhand smoke,2,Percent,2001,0.10597298029601189,0.14658039942188417,0.06682710371169447
1,All Population,2,DALYs (Disability-Adjusted Life Years),13,Malaysia,3,Both,22,All ages,429,Breast cancer,100,Secondhand smoke,3,Rate,2001,21.532579938145247,31.69532271143537,13.123397299516629
1,All Population,2,DALYs (Disability-Adjusted Life Years),13,Malaysia,3,Both,22,All ages,429,Breast cancer,100,Secondhand smoke,1,Number,2002,5513.230196997135,7942.637335441137,3394.9096372017975
1,All Population,2,DALYs (Disability-Adjusted Life Years),13,Malaysia,3,Both,22,All ages,429,Breast cancer,100,Secondhand smoke,2,Percent,2002,0.10583048610124982,0.14700125857212898,0.06655180598204084
1,All Population,2,DALYs (Disability-Adjusted Life Years),13,Malaysia,3,Both,22,All ages,429,Breast cancer,100,Secondhand smoke,3,Rate,2002,21.902607762348726,31.554000819974156,13.487079536919838
1,All Population,2,DALYs (Disability-Adjusted Life Years),13,Malaysia,3,Both,22,All ages,426,"Tracheal, bronchus, and lung cancer",100,Secondhand smoke,1,Number,2008,11778.044734423444,14585.029277639143,8930.761699425946
1,All Population,2,DALYs (Disability-Adjusted Life Years),13,Malaysia,3,Both,22,All ages,426,"Tracheal, bronchus, and lung cancer",100,Secondhand smoke,2,Percent,2008,0.11493031530395578,0.13720566371710122,0.0911273557173941
1,All Population,2,DALYs (Disability-Adjusted Life Years),13,Malaysia,3,Both,22,All ages,426,"Tracheal, bronchus, and lung cancer",100,Secondhand smoke,3,Rate,2008,41.64785219319024,51.57351303082838,31.5796935414258
1,All Population,2,DALYs (Disability-Adjusted Life Years),13,Malaysia,3,Both,22,All ages,493,Ischemic heart disease,100,Secondhand smoke,1,Number,2001,42702.554584996804,53763.88809890129,32730.005087347527
1,All Population,2,DALYs (Disability-Adjusted Life Years),13,Malaysia,3,Both,22,All ages,493,Ischemic heart disease,100,Secondhand smoke,2,Percent,2001,0.08562600564847483,0.10649046382258293,0.06607932063037547
1,All Population,2,DALYs (Disability-Adjusted Life Years),13,Malaysia,3,Both,22,All ages,493,Ischemic heart disease,100,Secondhand smoke,3,Rate,2001,173.6770072913257,218.66493178475014,133.11731317820428
1,All Population,2,DALYs (Disability-Adjusted Life Years),13,Malaysia,3,Both,22,All ages,322,Lower respiratory infections,100,Secondhand smoke,1,Number,2001,34943.76938727091,49254.84542863977,23518.353385895112
1,All Population,2,DALYs (Disability-Adjusted Life Years),13,Malaysia,3,Both,22,All ages,322,Lower respiratory infections,100,Secondhand smoke,2,Percent,2001,0.12562871198938522,0.16361137293018518,0.0910354619486506
1,All Population,2,DALYs (Disability-Adjusted Life Years),13,Malaysia,3,Both,22,All ages,322,Lower respiratory infections,100,Secondhand smoke,3,Rate,2001,142.12098900499322,200.3260514922102,95.6522922850421
1,All Population,2,DALYs (Disability-Adjusted Life Years),13,Malaysia,3,Both,22,All ages,429,Breast cancer,100,Secondhand smoke,1,Number,2000,5039.113112328867,7555.960902802007,2918.3351892604855
1,All Population,2,DALYs (Disability-Adjusted Life Years),13,Malaysia,3,Both,22,All ages,429,Breast cancer,100,Secondhand smoke,2,Percent,2000,0.10601350201055891,0.14574312012558097,0.06676648689682141
1,All Population,2,DALYs (Disability-Adjusted Life Years),13,Malaysia,3,Both,22,All ages,429,Breast cancer,100,Secondhand smoke,3,Rate,2000,21.018809936649,31.51691628357743,12.172763600885316
1,All Population,2,DALYs (Disability-Adjusted Life Years),13,Malaysia,3,Both,22,All ages,322,Lower respiratory infections,100,Secondhand smoke,1,Number,2000,36640.342832534836,51085.58895719108,24593.636629413257
1,All Population,2,DALYs (Disability-Adjusted Life Years),13,Malaysia,3,Both,22,All ages,322,Lower respiratory infections,100,Secondhand smoke,2,Percent,2000,0.1267809854483407,0.16444182090398898,0.09137931703187038
1,All Population,2,DALYs (Disability-Adjusted Life Years),13,Malaysia,3,Both,22,All ages,322,Lower respiratory infections,100,Secondhand smoke,3,Rate,2000,152.83173543504444,213.08477520893126,102.58332417661158
1,All Population,2,DALYs (Disability-Adjusted Life Years),13,Malaysia,3,Both,22,All ages,493,Ischemic heart disease,100,Secondhand smoke,1,Number,2002,43835.93248225239,54892.96103281253,33757.88282973438
1,All Population,2,DALYs (Disability-Adjusted Life Years),13,Malaysia,3,Both,22,All ages,493,Ischemic heart disease,100,Secondhand smoke,2,Percent,2002,0.08550213153727684,0.106672609592993,0.066187326757922
1,All Population,2,DALYs (Disability-Adjusted Life Years),13,Malaysia,3,Both,22,All ages,493,Ischemic heart disease,100,Secondhand smoke,3,Rate,2002,174.1485845409683,218.0752392799481,134.11115445709424
1,All Population,2,DALYs (Disability-Adjusted Life Years),13,Malaysia,3,Both,22,All ages,509,Chronic obstructive pulmonary disease,100,Secondhand smoke,1,Number,2008,14993.879767940085,22164.573766458194,7758.583211518171
1,All Population,2,DALYs (Disability-Adjusted Life Years),13,Malaysia,3,Both,22,All ages,509,Chronic obstructive pulmonary disease,100,Secondhand smoke,2,Percent,2008,0.13173343698896045,0.1915850433670916,0.07153722212647907
1,All Population,2,DALYs (Disability-Adjusted Life Years),13,Malaysia,3,Both,22,All ages,509,Chronic obstructive pulmonary disease,100,Secondhand smoke,3,Rate,2008,53.019232178031125,78.37522381389562,27.434802134642567
1,All Population,2,DALYs (Disability-Adjusted Life Years),13,Malaysia,3,Both,22,All ages,322,Lower respiratory infections,100,Secondhand smoke,1,Number,2002,34160.83349044123,48315.600310644186,23206.21794474086
1,All Population,2,DALYs (Disability-Adjusted Life Years),13,Malaysia,3,Both,22,All ages,322,Lower respiratory infections,100,Secondhand smoke,2,Percent,2002,0.12471122006696783,0.1630199344992873,0.09027472108762065
1,All Population,2,DALYs (Disability-Adjusted Life Years),13,Malaysia,3,Both,22,All ages,322,Lower respiratory infections,100,Secondhand smoke,3,Rate,2002,135.71197102989922,191.94512193284424,92.19217611629533
1,All Population,2,DALYs (Disability-Adjusted Life Years),13,Malaysia,3,Both,22,All ages,493,Ischemic heart disease,100,Secondhand smoke,1,Number,2000,41773.13442962491,53724.28520504768,31934.29470415924
1,All Population,2,DALYs (Disability-Adjusted Life Years),13,Malaysia,3,Both,22,All ages,493,Ischemic heart disease,100,Secondhand smoke,2,Percent,2000,0.08542481093093372,0.10575195610518986,0.06569765808183381
1,All Population,2,DALYs (Disability-Adjusted Life Years),13,Malaysia,3,Both,22,All ages,493,Ischemic heart disease,100,Secondhand smoke,3,Rate,2000,174.24129077122282,224.09112765189406,133.20218377424945
1,All Population,2,DALYs (Disability-Adjusted Life Years),13,Malaysia,3,Both,22,All ages,494,Stroke,100,Secondhand smoke,1,Number,2001,21326.139440887542,29483.987053049044,13778.722649982732
1,All Population,2,DALYs (Disability-Adjusted Life Years),13,Malaysia,3,Both,22,All ages,494,Stroke,100,Secondhand smoke,2,Percent,2001,0.05774162730941007,0.07793485399053722,0.038794419444786184
1,All Population,2,DALYs (Disability-Adjusted Life Years),13,Malaysia,3,Both,22,All ages,494,Stroke,100,Secondhand smoke,3,Rate,2001,86.73626463724908,119.91532319682025,56.03990996330188
1,All Population,2,DALYs (Disability-Adjusted Life Years),13,Malaysia,3,Both,22,All ages,494,Stroke,100,Secondhand smoke,1,Number,2002,21502.424130220636,29730.546300791426,13930.404250617605
1,All Population,2,DALYs (Disability-Adjusted Life Years),13,Malaysia,3,Both,22,All ages,494,Stroke,100,Secondhand smoke,2,Percent,2002,0.057750487975461035,0.07780503314783285,0.038787290948962536
1,All Population,2,DALYs (Disability-Adjusted Life Years),13,Malaysia,3,Both,22,All ages,494,Stroke,100,Secondhand smoke,3,Rate,2002,85.42345319090795,118.1116098764125,55.34181765862358
1,All Population,2,DALYs (Disability-Adjusted Life Years),13,Malaysia,3,Both,22,All ages,426,"Tracheal, bronchus, and lung cancer",100,Secondhand smoke,1,Number,2009,11993.678771381736,15059.682187012973,9180.460081808953
1,All Population,2,DALYs (Disability-Adjusted Life Years),13,Malaysia,3,Both,22,All ages,426,"Tracheal, bronchus, and lung cancer",100,Secondhand smoke,2,Percent,2009,0.11461714341801085,0.13706483827744223,0.09136951846570833
1,All Population,2,DALYs (Disability-Adjusted Life Years),13,Malaysia,3,Both,22,All ages,426,"Tracheal, bronchus, and lung cancer",100,Secondhand smoke,3,Rate,2009,41.7018057455862,52.36224457266572,31.9202948723463
1,All Population,2,DALYs (Disability-Adjusted Life Years),13,Malaysia,3,Both,22,All ages,494,Stroke,100,Secondhand smoke,1,Number,2000,21414.544326685053,29362.905112589255,13873.016637197765
1,All Population,2,DALYs (Disability-Adjusted Life Years),13,Malaysia,3,Both,22,All ages,494,Stroke,100,Secondhand smoke,2,Percent,2000,0.0574956312229149,0.07810645214361173,0.03847313026314794
1,All Population,2,DALYs (Disability-Adjusted Life Years),13,Malaysia,3,Both,22,All ages,494,Stroke,100,Secondhand smoke,3,Rate,2000,89.32290802944821,122.47657633232632,57.86619459519667
1,All Population,2,DALYs (Disability-Adjusted Life Years),13,Malaysia,3,Both,22,All ages,509,Chronic obstructive pulmonary disease,100,Secondhand smoke,1,Number,2009,15190.673973718727,22522.208598787453,7960.711830769312
1,All Population,2,DALYs (Disability-Adjusted Life Years),13,Malaysia,3,Both,22,All ages,509,Chronic obstructive pulmonary disease,100,Secondhand smoke,2,Percent,2009,0.13172037962754177,0.1893222703766792,0.071733505496894
1,All Population,2,DALYs (Disability-Adjusted Life Years),13,Malaysia,3,Both,22,All ages,509,Chronic obstructive pulmonary disease,100,Secondhand smoke,3,Rate,2009,52.817700663127724,78.3093149192291,27.679252103655113
1,All Population,2,DALYs (Disability-Adjusted Life Years),13,Malaysia,3,Both,22,All ages,493,Ischemic heart disease,100,Secondhand smoke,1,Number,2003,44782.674554130324,55831.950678635694,34144.253145207455
1,All Population,2,DALYs (Disability-Adjusted Life Years),13,Malaysia,3,Both,22,All ages,493,Ischemic heart disease,100,Secondhand smoke,2,Percent,2003,0.08515995341348341,0.10626665413238284,0.0661354256428901
1,All Population,2,DALYs (Disability-Adjusted Life Years),13,Malaysia,3,Both,22,All ages,493,Ischemic heart disease,100,Secondhand smoke,3,Rate,2003,174.04807479773024,216.99113830444796,132.70180007106353
1,All Population,2,DALYs (Disability-Adjusted Life Years),13,Malaysia,3,Both,22,All ages,494,Stroke,100,Secondhand smoke,1,Number,2003,21629.123394495826,29359.049715466233,14050.764076922473
1,All Population,2,DALYs (Disability-Adjusted Life Years),13,Malaysia,3,Both,22,All ages,494,Stroke,100,Secondhand smoke,2,Percent,2003,0.05764213426533866,0.07746326053166935,0.03878678389836644
1,All Population,2,DALYs (Disability-Adjusted Life Years),13,Malaysia,3,Both,22,All ages,494,Stroke,100,Secondhand smoke,3,Rate,2003,84.06168956756392,114.10408448676417,54.6083605182959
1,All Population,2,DALYs (Disability-Adjusted Life Years),13,Malaysia,3,Both,22,All ages,515,Asthma,100,Secondhand smoke,1,Number,2002,6192.808404126996,9082.391660688992,3929.906300633977
1,All Population,2,DALYs (Disability-Adjusted Life Years),13,Malaysia,3,Both,22,All ages,515,Asthma,100,Secondhand smoke,2,Percent,2002,0.08591350333242556,0.10639180759838596,0.06634325766059736
1,All Population,2,DALYs (Disability-Adjusted Life Years),13,Malaysia,3,Both,22,All ages,515,Asthma,100,Secondhand smoke,3,Rate,2002,24.602392531486906,36.08194379339489,15.61248001080221
1,All Population,2,DALYs (Disability-Adjusted Life Years),13,Malaysia,3,Both,22,All ages,515,Asthma,100,Secondhand smoke,1,Number,2003,6348.447592210729,9298.808830349157,3997.4466369635284
1,All Population,2,DALYs (Disability-Adjusted Life Years),13,Malaysia,3,Both,22,All ages,515,Asthma,100,Secondhand smoke,2,Percent,2003,0.08587203596871877,0.10617108591996449,0.06619466863471939
1,All Population,2,DALYs (Disability-Adjusted Life Years),13,Malaysia,3,Both,22,All ages,515,Asthma,100,Secondhand smoke,3,Rate,2003,24.673271357274373,36.13986415389601,15.536095112613022
1,All Population,2,DALYs (Disability-Adjusted Life Years),13,Malaysia,3,Both,22,All ages,587,Diabetes mellitus,100,Secondhand smoke,1,Number,2002,10626.94413751118,15507.291269842844,5509.895934906137
1,All Population,2,DALYs (Disability-Adjusted Life Years),13,Malaysia,3,Both,22,All ages,587,Diabetes mellitus,100,Secondhand smoke,2,Percent,2002,0.058290724166380564,0.08253760812666369,0.03365879599826932
1,All Population,2,DALYs (Disability-Adjusted Life Years),13,Malaysia,3,Both,22,All ages,587,Diabetes mellitus,100,Secondhand smoke,3,Rate,2002,42.218042932993,61.60637339700747,21.889361619498427
1,All Population,2,DALYs (Disability-Adjusted Life Years),13,Malaysia,3,Both,22,All ages,515,Asthma,100,Secondhand smoke,1,Number,2000,5947.712384252574,8599.064093972389,3809.868245770342
1,All Population,2,DALYs (Disability-Adjusted Life Years),13,Malaysia,3,Both,22,All ages,515,Asthma,100,Secondhand smoke,2,Percent,2000,0.0854686397664436,0.1059548803670575,0.06500560654673454
1,All Population,2,DALYs (Disability-Adjusted Life Years),13,Malaysia,3,Both,22,All ages,515,Asthma,100,Secondhand smoke,3,Rate,2000,24.808698152973612,35.86783820788994,15.891466366491633
1,All Population,2,DALYs (Disability-Adjusted Life Years),13,Malaysia,3,Both,22,All ages,515,Asthma,100,Secondhand smoke,1,Number,2001,6056.473933055447,8870.829431986258,3835.941811450402
1,All Population,2,DALYs (Disability-Adjusted Life Years),13,Malaysia,3,Both,22,All ages,515,Asthma,100,Secondhand smoke,2,Percent,2001,0.08570550594137347,0.10575476529112839,0.06561002802167151
1,All Population,2,DALYs (Disability-Adjusted Life Years),13,Malaysia,3,Both,22,All ages,515,Asthma,100,Secondhand smoke,3,Rate,2001,24.632490436545485,36.0788510877633,15.60128897277826
1,All Population,2,DALYs (Disability-Adjusted Life Years),13,Malaysia,3,Both,22,All ages,587,Diabetes mellitus,100,Secondhand smoke,1,Number,2000,10048.998781909011,14753.720401256101,5374.035983740089
1,All Population,2,DALYs (Disability-Adjusted Life Years),13,Malaysia,3,Both,22,All ages,587,Diabetes mellitus,100,Secondhand smoke,2,Percent,2000,0.05810266942156849,0.08118957314549359,0.03355443039040942
1,All Population,2,DALYs (Disability-Adjusted Life Years),13,Malaysia,3,Both,22,All ages,587,Diabetes mellitus,100,Secondhand smoke,3,Rate,2000,41.915708328473514,61.53972694396317,22.415817707799388
1,All Population,2,DALYs (Disability-Adjusted Life Years),13,Malaysia,3,Both,22,All ages,587,Diabetes mellitus,100,Secondhand smoke,1,Number,2003,10968.293886025107,16049.100419442671,5698.828336975787
1,All Population,2,DALYs (Disability-Adjusted Life Years),13,Malaysia,3,Both,22,All ages,587,Diabetes mellitus,100,Secondhand smoke,2,Percent,2003,0.05817642160349405,0.08225906505677538,0.03367953478565727
1,All Population,2,DALYs (Disability-Adjusted Life Years),13,Malaysia,3,Both,22,All ages,587,Diabetes mellitus,100,Secondhand smoke,3,Rate,2003,42.62832565685422,62.37490409071191,22.148523073459586
1,All Population,2,DALYs (Disability-Adjusted Life Years),13,Malaysia,3,Both,22,All ages,329,Otitis media,100,Secondhand smoke,1,Number,2004,210.64227196338214,392.80545003452505,83.50939879501837
1,All Population,2,DALYs (Disability-Adjusted Life Years),13,Malaysia,3,Both,22,All ages,329,Otitis media,100,Secondhand smoke,2,Percent,2004,0.029836301007754442,0.04309693995114444,0.015660122718782917
1,All Population,2,DALYs (Disability-Adjusted Life Years),13,Malaysia,3,Both,22,All ages,329,Otitis media,100,Secondhand smoke,3,Rate,2004,0.8019209238187297,1.495421153772388,0.3179225784314055
1,All Population,2,DALYs (Disability-Adjusted Life Years),13,Malaysia,3,Both,22,All ages,587,Diabetes mellitus,100,Secondhand smoke,1,Number,2001,10337.90226961165,15075.606337116405,5407.86735385043
1,All Population,2,DALYs (Disability-Adjusted Life Years),13,Malaysia,3,Both,22,All ages,587,Diabetes mellitus,100,Secondhand smoke,2,Percent,2001,0.05823799914444233,0.0818944055270396,0.03356136571948831
1,All Population,2,DALYs (Disability-Adjusted Life Years),13,Malaysia,3,Both,22,All ages,587,Diabetes mellitus,100,Secondhand smoke,3,Rate,2001,42.045632756761876,61.31450956923394,21.99452063168116
1,All Population,2,DALYs (Disability-Adjusted Life Years),13,Malaysia,3,Both,22,All ages,329,Otitis media,100,Secondhand smoke,1,Number,2005,209.4408585319845,387.96809136923264,84.07018782395694
1,All Population,2,DALYs (Disability-Adjusted Life Years),13,Malaysia,3,Both,22,All ages,329,Otitis media,100,Secondhand smoke,2,Percent,2005,0.029375147416692463,0.042118328531141974,0.015446462412025989
1,All Population,2,DALYs (Disability-Adjusted Life Years),13,Malaysia,3,Both,22,All ages,329,Otitis media,100,Secondhand smoke,3,Rate,2005,0.781871280987232,1.4483377823563919,0.3138454736458034
1,All Population,2,DALYs (Disability-Adjusted Life Years),13,Malaysia,3,Both,22,All ages,509,Chronic obstructive pulmonary disease,100,Secondhand smoke,1,Number,2010,15311.12807632241,22347.547013470907,7904.799635635645
1,All Population,2,DALYs (Disability-Adjusted Life Years),13,Malaysia,3,Both,22,All ages,509,Chronic obstructive pulmonary disease,100,Secondhand smoke,2,Percent,2010,0.13152575847358441,0.18842585605868337,0.07097482575248854
1,All Population,2,DALYs (Disability-Adjusted Life Years),13,Malaysia,3,Both,22,All ages,509,Chronic obstructive pulmonary disease,100,Secondhand smoke,3,Rate,2010,52.379752327881036,76.45151760643104,27.04251738031118
1,All Population,2,DALYs (Disability-Adjusted Life Years),13,Malaysia,3,Both,22,All ages,426,"Tracheal, bronchus, and lung cancer",100,Secondhand smoke,1,Number,2010,12254.334831137136,15334.607606743628,9212.91862727078
1,All Population,2,DALYs (Disability-Adjusted Life Years),13,Malaysia,3,Both,22,All ages,426,"Tracheal, bronchus, and lung cancer",100,Secondhand smoke,2,Percent,2010,0.11444589669954759,0.13832772690493988,0.09160138534878381
1,All Population,2,DALYs (Disability-Adjusted Life Years),13,Malaysia,3,Both,22,All ages,426,"Tracheal, bronchus, and lung cancer",100,Secondhand smoke,3,Rate,2010,41.92238613629716,52.460076389054564,31.517625187893668
1,All Population,2,DALYs (Disability-Adjusted Life Years),13,Malaysia,3,Both,22,All ages,329,Otitis media,100,Secondhand smoke,1,Number,2006,208.586319346899,385.89131355464997,81.91361595110968
1,All Population,2,DALYs (Disability-Adjusted Life Years),13,Malaysia,3,Both,22,All ages,329,Otitis media,100,Secondhand smoke,2,Percent,2006,0.02899021613286277,0.04140591025335993,0.015398124630728764
1,All Population,2,DALYs (Disability-Adjusted Life Years),13,Malaysia,3,Both,22,All ages,329,Otitis media,100,Secondhand smoke,3,Rate,2006,0.7642424552602566,1.4138728074689315,0.30012449124052515
1,All Population,2,DALYs (Disability-Adjusted Life Years),13,Malaysia,3,Both,22,All ages,426,"Tracheal, bronchus, and lung cancer",100,Secondhand smoke,1,Number,2011,12506.386063780092,15932.694916072254,9580.080401396941
1,All Population,2,DALYs (Disability-Adjusted Life Years),13,Malaysia,3,Both,22,All ages,426,"Tracheal, bronchus, and lung cancer",100,Secondhand smoke,2,Percent,2011,0.1139952724864402,0.1382962000270379,0.09071234831546436
1,All Population,2,DALYs (Disability-Adjusted Life Years),13,Malaysia,3,Both,22,All ages,426,"Tracheal, bronchus, and lung cancer",100,Secondhand smoke,3,Rate,2011,42.115768858412316,53.65400467847733,32.26131432154823
1,All Population,2,DALYs (Disability-Adjusted Life Years),13,Malaysia,3,Both,22,All ages,509,Chronic obstructive pulmonary disease,100,Secondhand smoke,1,Number,2011,15478.028650692622,22837.342331292646,7965.4038059806135
1,All Population,2,DALYs (Disability-Adjusted Life Years),13,Malaysia,3,Both,22,All ages,509,Chronic obstructive pulmonary disease,100,Secondhand smoke,2,Percent,2011,0.13125452430669327,0.18688394243810255,0.07013612592541431
1,All Population,2,DALYs (Disability-Adjusted Life Years),13,Malaysia,3,Both,22,All ages,509,Chronic obstructive pulmonary disease,100,Secondhand smoke,3,Rate,2011,52.122897351165356,76.90568850666412,26.82382455217451
1,All Population,2,DALYs (Disability-Adjusted Life Years),13,Malaysia,3,Both,22,All ages,322,Lower respiratory infections,100,Secondhand smoke,1,Number,2004,34556.31552309309,47956.31290018775,23134.170437142322
1,All Population,2,DALYs (Disability-Adjusted Life Years),13,Malaysia,3,Both,22,All ages,322,Lower respiratory infections,100,Secondhand smoke,2,Percent,2004,0.1223291725480064,0.15981144655360358,0.08807165186310555
1,All Population,2,DALYs (Disability-Adjusted Life Years),13,Malaysia,3,Both,22,All ages,322,Lower respiratory infections,100,Secondhand smoke,3,Rate,2004,131.55684378901705,182.57100241752028,88.07242324065956
1,All Population,2,DALYs (Disability-Adjusted Life Years),13,Malaysia,3,Both,22,All ages,322,Lower respiratory infections,100,Secondhand smoke,1,Number,2003,34480.986626881764,48506.44870924509,22967.33979196726
1,All Population,2,DALYs (Disability-Adjusted Life Years),13,Malaysia,3,Both,22,All ages,322,Lower respiratory infections,100,Secondhand smoke,2,Percent,2003,0.12347052718990593,0.1619707891492986,0.089177541930122
1,All Population,2,DALYs (Disability-Adjusted Life Years),13,Malaysia,3,Both,22,All ages,322,Lower respiratory infections,100,Secondhand smoke,3,Rate,2003,134.01051632771566,188.5205405254276,89.26267387592915
1,All Population,2,DALYs (Disability-Adjusted Life Years),13,Malaysia,3,Both,22,All ages,426,"Tracheal, bronchus, and lung cancer",100,Secondhand smoke,1,Number,2012,12829.461826064004,16395.92161396628,9912.8096494818
1,All Population,2,DALYs (Disability-Adjusted Life Years),13,Malaysia,3,Both,22,All ages,426,"Tracheal, bronchus, and lung cancer",100,Secondhand smoke,2,Percent,2012,0.11356474959194268,0.13824976809046186,0.0905351953473756
1,All Population,2,DALYs (Disability-Adjusted Life Years),13,Malaysia,3,Both,22,All ages,426,"Tracheal, bronchus, and lung cancer",100,Secondhand smoke,3,Rate,2012,42.54980316055735,54.37821529605235,32.87652319886331
1,All Population,2,DALYs (Disability-Adjusted Life Years),13,Malaysia,3,Both,22,All ages,494,Stroke,100,Secondhand smoke,1,Number,2004,21648.70039248914,29095.692154634125,14010.670992733672
1,All Population,2,DALYs (Disability-Adjusted Life Years),13,Malaysia,3,Both,22,All ages,494,Stroke,100,Secondhand smoke,2,Percent,2004,0.05743137740288369,0.07754713880819761,0.03852582392311321
1,All Population,2,DALYs (Disability-Adjusted Life Years),13,Malaysia,3,Both,22,All ages,494,Stroke,100,Secondhand smoke,3,Rate,2004,82.4171979176036,110.76810041170484,53.3390098819596
1,All Population,2,DALYs (Disability-Adjusted Life Years),13,Malaysia,3,Both,22,All ages,515,Asthma,100,Secondhand smoke,1,Number,2004,6408.742769428016,9449.492927999956,4085.690484775165
1,All Population,2,DALYs (Disability-Adjusted Life Years),13,Malaysia,3,Both,22,All ages,515,Asthma,100,Secondhand smoke,2,Percent,2004,0.0859086987226847,0.10649510833466289,0.06649643280532509
1,All Population,2,DALYs (Disability-Adjusted Life Years),13,Malaysia,3,Both,22,All ages,515,Asthma,100,Secondhand smoke,3,Rate,2004,24.398260018149305,35.974479518325666,15.554336066778935
1,All Population,2,DALYs (Disability-Adjusted Life Years),13,Malaysia,3,Both,22,All ages,509,Chronic obstructive pulmonary disease,100,Secondhand smoke,1,Number,2012,15532.420513125677,22638.544639952106,7869.940650542772
1,All Population,2,DALYs (Disability-Adjusted Life Years),13,Malaysia,3,Both,22,All ages,509,Chronic obstructive pulmonary disease,100,Secondhand smoke,2,Percent,2012,0.1310101488231608,0.18668822389748282,0.06946978742756499
1,All Population,2,DALYs (Disability-Adjusted Life Years),13,Malaysia,3,Both,22,All ages,509,Chronic obstructive pulmonary disease,100,Secondhand smoke,3,Rate,2012,51.51435378979274,75.08230908910832,26.101205966844372
1,All Population,2,DALYs (Disability-Adjusted Life Years),13,Malaysia,3,Both,22,All ages,429,Breast cancer,100,Secondhand smoke,1,Number,2003,5700.019872359026,8051.851624139127,3566.4680114519774
1,All Population,2,DALYs (Disability-Adjusted Life Years),13,Malaysia,3,Both,22,All ages,429,Breast cancer,100,Secondhand smoke,2,Percent,2003,0.10546590058668695,0.1472023365191512,0.0662487535277396
1,All Population,2,DALYs (Disability-Adjusted Life Years),13,Malaysia,3,Both,22,All ages,429,Breast cancer,100,Secondhand smoke,3,Rate,2003,22.153153981317843,31.29355912060283,13.861094662191308
1,All Population,2,DALYs (Disability-Adjusted Life Years),13,Malaysia,3,Both,22,All ages,429,Breast cancer,100,Secondhand smoke,1,Number,2004,5924.516026563107,8444.842618125565,3709.346784275629
1,All Population,2,DALYs (Disability-Adjusted Life Years),13,Malaysia,3,Both,22,All ages,429,Breast cancer,100,Secondhand smoke,2,Percent,2004,0.10496155680815634,0.14660379795390582,0.0658857759996619
1,All Population,2,DALYs (Disability-Adjusted Life Years),13,Malaysia,3,Both,22,All ages,429,Breast cancer,100,Secondhand smoke,3,Rate,2004,22.55479548770847,32.1497481522051,14.121585246324381
1,All Population,2,DALYs (Disability-Adjusted Life Years),13,Malaysia,3,Both,22,All ages,587,Diabetes mellitus,100,Secondhand smoke,1,Number,2004,11169.03827943111,16402.776910286517,5807.891341923829
1,All Population,2,DALYs (Disability-Adjusted Life Years),13,Malaysia,3,Both,22,All ages,587,Diabetes mellitus,100,Secondhand smoke,2,Percent,2004,0.058011886587458046,0.08186124104563877,0.03373477929785033
1,All Population,2,DALYs (Disability-Adjusted Life Years),13,Malaysia,3,Both,22,All ages,587,Diabetes mellitus,100,Secondhand smoke,3,Rate,2004,42.52083597334713,62.445822913342475,22.11080210511595
1,All Population,2,DALYs (Disability-Adjusted Life Years),13,Malaysia,3,Both,22,All ages,493,Ischemic heart disease,100,Secondhand smoke,1,Number,2004,45504.84578132529,56342.980021982,34828.39506151419
1,All Population,2,DALYs (Disability-Adjusted Life Years),13,Malaysia,3,Both,22,All ages,493,Ischemic heart disease,100,Secondhand smoke,2,Percent,2004,0.08473333333167847,0.10536355773023054,0.06586461274602476
1,All Population,2,DALYs (Disability-Adjusted Life Years),13,Malaysia,3,Both,22,All ages,493,Ischemic heart disease,100,Secondhand smoke,3,Rate,2004,173.2381996598137,214.4992748548711,132.59265807628768
1,All Population,2,DALYs (Disability-Adjusted Life Years),13,Malaysia,3,Both,22,All ages,426,"Tracheal, bronchus, and lung cancer",100,Secondhand smoke,1,Number,2014,13538.554179554443,17164.454733593284,10417.064443315967
1,All Population,2,DALYs (Disability-Adjusted Life Years),13,Malaysia,3,Both,22,All ages,426,"Tracheal, bronchus, and lung cancer",100,Secondhand smoke,2,Percent,2014,0.11246469371396642,0.13636816015151682,0.08909221676394385
1,All Population,2,DALYs (Disability-Adjusted Life Years),13,Malaysia,3,Both,22,All ages,426,"Tracheal, bronchus, and lung cancer",100,Secondhand smoke,3,Rate,2014,43.63170993014632,55.31717051265782,33.571851771350794
1,All Population,2,DALYs (Disability-Adjusted Life Years),13,Malaysia,3,Both,22,All ages,509,Chronic obstructive pulmonary disease,100,Secondhand smoke,1,Number,2014,15894.954312581216,23471.201562314498,7991.6693761958195
1,All Population,2,DALYs (Disability-Adjusted Life Years),13,Malaysia,3,Both,22,All ages,509,Chronic obstructive pulmonary disease,100,Secondhand smoke,2,Percent,2014,0.12962045362103397,0.1876945301793347,0.06805203624384917
1,All Population,2,DALYs (Disability-Adjusted Life Years),13,Malaysia,3,Both,22,All ages,509,Chronic obstructive pulmonary disease,100,Secondhand smoke,3,Rate,2014,51.22585666989561,75.64239465285404,25.75534990334433
1,All Population,2,DALYs (Disability-Adjusted Life Years),13,Malaysia,3,Both,22,All ages,322,Lower respiratory infections,100,Secondhand smoke,1,Number,2005,35051.82533523342,48676.342078733855,24111.067471006212
1,All Population,2,DALYs (Disability-Adjusted Life Years),13,Malaysia,3,Both,22,All ages,322,Lower respiratory infections,100,Secondhand smoke,2,Percent,2005,0.12148546201632085,0.15869707840273564,0.0867230395349162
1,All Population,2,DALYs (Disability-Adjusted Life Years),13,Malaysia,3,Both,22,All ages,322,Lower respiratory infections,100,Secondhand smoke,3,Rate,2005,130.85324309637707,181.7154217263689,90.00990227819506
1,All Population,2,DALYs (Disability-Adjusted Life Years),13,Malaysia,3,Both,22,All ages,429,Breast cancer,100,Secondhand smoke,1,Number,2005,6159.208215856857,8636.872638940291,3879.266491494536
1,All Population,2,DALYs (Disability-Adjusted Life Years),13,Malaysia,3,Both,22,All ages,429,Breast cancer,100,Secondhand smoke,2,Percent,2005,0.10448134119007192,0.14590583429370468,0.06535866291491084
1,All Population,2,DALYs (Disability-Adjusted Life Years),13,Malaysia,3,Both,22,All ages,429,Breast cancer,100,Secondhand smoke,3,Rate,2005,22.99316404331706,32.24262315034654,14.481830728995423
1,All Population,2,DALYs (Disability-Adjusted Life Years),13,Malaysia,3,Both,22,All ages,322,Lower respiratory infections,100,Secondhand smoke,1,Number,2006,36370.78743212984,50014.91148514601,24669.90100782474
1,All Population,2,DALYs (Disability-Adjusted Life Years),13,Malaysia,3,Both,22,All ages,322,Lower respiratory infections,100,Secondhand smoke,2,Percent,2006,0.12083354972124777,0.1581201474046403,0.08706743106919733
1,All Population,2,DALYs (Disability-Adjusted Life Years),13,Malaysia,3,Both,22,All ages,322,Lower respiratory infections,100,Secondhand smoke,3,Rate,2006,133.25945811744356,183.25036307612783,90.38840982611043
1,All Population,2,DALYs (Disability-Adjusted Life Years),13,Malaysia,3,Both,22,All ages,493,Ischemic heart disease,100,Secondhand smoke,1,Number,2005,46153.73507475326,57669.70709574476,35860.530569869465
1,All Population,2,DALYs (Disability-Adjusted Life Years),13,Malaysia,3,Both,22,All ages,493,Ischemic heart disease,100,Secondhand smoke,2,Percent,2005,0.08445592060285469,0.10561881084023868,0.06491817690157435
1,All Population,2,DALYs (Disability-Adjusted Life Years),13,Malaysia,3,Both,22,All ages,493,Ischemic heart disease,100,Secondhand smoke,3,Rate,2005,172.29818583718136,215.2888795297909,133.87224999969996
1,All Population,2,DALYs (Disability-Adjusted Life Years),13,Malaysia,3,Both,22,All ages,426,"Tracheal, bronchus, and lung cancer",100,Secondhand smoke,1,Number,2015,13755.808992937044,17246.380831621267,10429.969644172459
1,All Population,2,DALYs (Disability-Adjusted Life Years),13,Malaysia,3,Both,22,All ages,426,"Tracheal, bronchus, and lung cancer",100,Secondhand smoke,2,Percent,2015,0.11195140922132998,0.13564393822187804,0.08868954273311319
1,All Population,2,DALYs (Disability-Adjusted Life Years),13,Malaysia,3,Both,22,All ages,426,"Tracheal, bronchus, and lung cancer",100,Secondhand smoke,3,Rate,2015,43.73679199106912,54.83511521704609,33.16223807953133
1,All Population,2,DALYs (Disability-Adjusted Life Years),13,Malaysia,3,Both,22,All ages,494,Stroke,100,Secondhand smoke,1,Number,2006,21503.263123640947,29486.34155532416,14139.167936245527
1,All Population,2,DALYs (Disability-Adjusted Life Years),13,Malaysia,3,Both,22,All ages,494,Stroke,100,Secondhand smoke,2,Percent,2006,0.05713806805574114,0.07804781901069177,0.0385508262186723
1,All Population,2,DALYs (Disability-Adjusted Life Years),13,Malaysia,3,Both,22,All ages,494,Stroke,100,Secondhand smoke,3,Rate,2006,78.78611913367078,108.03543653985324,51.804703456904925
1,All Population,2,DALYs (Disability-Adjusted Life Years),13,Malaysia,3,Both,22,All ages,509,Chronic obstructive pulmonary disease,100,Secondhand smoke,1,Number,2015,16222.661649882612,24357.27311846552,8080.151224791593
1,All Population,2,DALYs (Disability-Adjusted Life Years),13,Malaysia,3,Both,22,All ages,509,Chronic obstructive pulmonary disease,100,Secondhand smoke,2,Percent,2015,0.1287606910888832,0.18743249348932153,0.06740988302495483
1,All Population,2,DALYs (Disability-Adjusted Life Years),13,Malaysia,3,Both,22,All ages,509,Chronic obstructive pulmonary disease,100,Secondhand smoke,3,Rate,2015,51.580185395618614,77.44429923379805,25.690956711927786
1,All Population,2,DALYs (Disability-Adjusted Life Years),13,Malaysia,3,Both,22,All ages,515,Asthma,100,Secondhand smoke,1,Number,2006,6378.356087458478,9293.541419974144,4115.5826452233405
1,All Population,2,DALYs (Disability-Adjusted Life Years),13,Malaysia,3,Both,22,All ages,515,Asthma,100,Secondhand smoke,2,Percent,2006,0.08607875827061226,0.1058482429473402,0.06684507937186507
1,All Population,2,DALYs (Disability-Adjusted Life Years),13,Malaysia,3,Both,22,All ages,515,Asthma,100,Secondhand smoke,3,Rate,2006,23.36975182296843,34.050741846840694,15.07914323173346
1,All Population,2,DALYs (Disability-Adjusted Life Years),13,Malaysia,3,Both,22,All ages,429,Breast cancer,100,Secondhand smoke,1,Number,2006,6368.679939952903,8894.051211520056,4020.055253974368
1,All Population,2,DALYs (Disability-Adjusted Life Years),13,Malaysia,3,Both,22,All ages,429,Breast cancer,100,Secondhand smoke,2,Percent,2006,0.10406760020140576,0.14531628138323446,0.06498438540753443
1,All Population,2,DALYs (Disability-Adjusted Life Years),13,Malaysia,3,Both,22,All ages,429,Breast cancer,100,Secondhand smoke,3,Rate,2006,23.33429924510873,32.587043850168016,14.729139030780544
1,All Population,2,DALYs (Disability-Adjusted Life Years),13,Malaysia,3,Both,22,All ages,494,Stroke,100,Secondhand smoke,1,Number,2005,21541.392514442596,29312.23918798681,14080.34398185305
1,All Population,2,DALYs (Disability-Adjusted Life Years),13,Malaysia,3,Both,22,All ages,494,Stroke,100,Secondhand smoke,2,Percent,2005,0.0573425533923936,0.07805209467728529,0.0385966489983077
1,All Population,2,DALYs (Disability-Adjusted Life Years),13,Malaysia,3,Both,22,All ages,494,Stroke,100,Secondhand smoke,3,Rate,2005,80.41695530456352,109.42658544829933,52.56384386025172
1,All Population,2,DALYs (Disability-Adjusted Life Years),13,Malaysia,3,Both,22,All ages,587,Diabetes mellitus,100,Secondhand smoke,1,Number,2006,11647.35483628177,17124.389931316953,6142.9005136380565
1,All Population,2,DALYs (Disability-Adjusted Life Years),13,Malaysia,3,Both,22,All ages,587,Diabetes mellitus,100,Secondhand smoke,2,Percent,2006,0.05791990949480257,0.08096674073409486,0.03410215117471495
1,All Population,2,DALYs (Disability-Adjusted Life Years),13,Malaysia,3,Both,22,All ages,587,Diabetes mellitus,100,Secondhand smoke,3,Rate,2006,42.67491312583887,62.74230182938528,22.507062714667118
1,All Population,2,DALYs (Disability-Adjusted Life Years),13,Malaysia,3,Both,22,All ages,494,Stroke,100,Secondhand smoke,1,Number,2007,21893.51042037932,29954.85725930392,14325.509082971126
1,All Population,2,DALYs (Disability-Adjusted Life Years),13,Malaysia,3,Both,22,All ages,494,Stroke,100,Secondhand smoke,2,Percent,2007,0.05695797532689163,0.07769117566809347,0.03852997429248107
1,All Population,2,DALYs (Disability-Adjusted Life Years),13,Malaysia,3,Both,22,All ages,494,Stroke,100,Secondhand smoke,3,Rate,2007,78.78186038537942,107.78990381870247,51.54907709425982
1,All Population,2,DALYs (Disability-Adjusted Life Years),13,Malaysia,3,Both,22,All ages,429,Breast cancer,100,Secondhand smoke,1,Number,2007,6646.110466805375,9376.28771989535,4118.904156116381
1,All Population,2,DALYs (Disability-Adjusted Life Years),13,Malaysia,3,Both,22,All ages,429,Breast cancer,100,Secondhand smoke,2,Percent,2007,0.10379118022606076,0.14483527322882506,0.06478254048674209
1,All Population,2,DALYs (Disability-Adjusted Life Years),13,Malaysia,3,Both,22,All ages,429,Breast cancer,100,Secondhand smoke,3,Rate,2007,23.915440550560984,33.73974186407079,14.821512216965763
1,All Population,2,DALYs (Disability-Adjusted Life Years),13,Malaysia,3,Both,22,All ages,493,Ischemic heart disease,100,Secondhand smoke,1,Number,2006,46788.87388687677,58407.78716006759,35774.69849402943
1,All Population,2,DALYs (Disability-Adjusted Life Years),13,Malaysia,3,Both,22,All ages,493,Ischemic heart disease,100,Secondhand smoke,2,Percent,2006,0.08409304877611937,0.10479514863273037,0.0648251918029503
1,All Population,2,DALYs (Disability-Adjusted Life Years),13,Malaysia,3,Both,22,All ages,493,Ischemic heart disease,100,Secondhand smoke,3,Rate,2006,171.43043690559674,214.00114257393724,131.07543917011407
1,All Population,2,DALYs (Disability-Adjusted Life Years),13,Malaysia,3,Both,22,All ages,515,Asthma,100,Secondhand smoke,1,Number,2005,6402.856308101417,9369.300988918369,4100.969479564315
1,All Population,2,DALYs (Disability-Adjusted Life Years),13,Malaysia,3,Both,22,All ages,515,Asthma,100,Secondhand smoke,2,Percent,2005,0.08601436384119385,0.10613087585386098,0.06692208592702319
1,All Population,2,DALYs (Disability-Adjusted Life Years),13,Malaysia,3,Both,22,All ages,515,Asthma,100,Secondhand smoke,3,Rate,2005,23.90273559171798,34.976878043315615,15.30947821141989
1,All Population,2,DALYs (Disability-Adjusted Life Years),13,Malaysia,3,Both,22,All ages,329,Otitis media,100,Secondhand smoke,1,Number,2007,206.2835354669322,374.685321844417,81.40018771712306
1,All Population,2,DALYs (Disability-Adjusted Life Years),13,Malaysia,3,Both,22,All ages,329,Otitis media,100,Secondhand smoke,2,Percent,2007,0.028546247804312645,0.041557300618179055,0.015391838315443976
1,All Population,2,DALYs (Disability-Adjusted Life Years),13,Malaysia,3,Both,22,All ages,329,Otitis media,100,Secondhand smoke,3,Rate,2007,0.7422930530058295,1.3482719832138432,0.29291137423556907
1,All Population,2,DALYs (Disability-Adjusted Life Years),13,Malaysia,3,Both,22,All ages,515,Asthma,100,Secondhand smoke,1,Number,2007,6320.4893077793995,9146.21719835157,4126.386905230417
1,All Population,2,DALYs (Disability-Adjusted Life Years),13,Malaysia,3,Both,22,All ages,515,Asthma,100,Secondhand smoke,2,Percent,2007,0.08606412143096775,0.10564594242622706,0.06644012223306862
1,All Population,2,DALYs (Disability-Adjusted Life Years),13,Malaysia,3,Both,22,All ages,515,Asthma,100,Secondhand smoke,3,Rate,2007,22.743721616669472,32.911853446040666,14.848438227673121
1,All Population,2,DALYs (Disability-Adjusted Life Years),13,Malaysia,3,Both,22,All ages,493,Ischemic heart disease,100,Secondhand smoke,1,Number,2007,48002.63644275753,59691.587137016635,35806.94043980795
1,All Population,2,DALYs (Disability-Adjusted Life Years),13,Malaysia,3,Both,22,All ages,493,Ischemic heart disease,100,Secondhand smoke,2,Percent,2007,0.08373955478553134,0.103481845353841,0.06472364575679257
1,All Population,2,DALYs (Disability-Adjusted Life Years),13,Malaysia,3,Both,22,All ages,493,Ischemic heart disease,100,Secondhand smoke,3,Rate,2007,172.73324056992064,214.79489555191546,128.84810742505255
1,All Population,2,DALYs (Disability-Adjusted Life Years),13,Malaysia,3,Both,22,All ages,426,"Tracheal, bronchus, and lung cancer",100,Secondhand smoke,1,Number,2016,14149.946487402385,17334.490118553564,10668.031854925355
1,All Population,2,DALYs (Disability-Adjusted Life Years),13,Malaysia,3,Both,22,All ages,426,"Tracheal, bronchus, and lung cancer",100,Secondhand smoke,2,Percent,2016,0.11117074786248893,0.13526906056167426,0.08751630089860539
1,All Population,2,DALYs (Disability-Adjusted Life Years),13,Malaysia,3,Both,22,All ages,426,"Tracheal, bronchus, and lung cancer",100,Secondhand smoke,3,Rate,2016,44.40984938379401,54.404594108903346,33.48180067822464
1,All Population,2,DALYs (Disability-Adjusted Life Years),13,Malaysia,3,Both,22,All ages,587,Diabetes mellitus,100,Secondhand smoke,1,Number,2007,12000.333798459907,18023.96170384204,6325.41812704272
1,All Population,2,DALYs (Disability-Adjusted Life Years),13,Malaysia,3,Both,22,All ages,587,Diabetes mellitus,100,Secondhand smoke,2,Percent,2007,0.057905931701842855,0.08138793823493891,0.03428481392604137
1,All Population,2,DALYs (Disability-Adjusted Life Years),13,Malaysia,3,Both,22,All ages,587,Diabetes mellitus,100,Secondhand smoke,3,Rate,2007,43.18213953520192,64.85763165790684,22.761457536748605
1,All Population,2,DALYs (Disability-Adjusted Life Years),13,Malaysia,3,Both,22,All ages,509,Chronic obstructive pulmonary disease,100,Secondhand smoke,1,Number,2016,16703.66596723452,25140.7085276035,8308.292049524029
1,All Population,2,DALYs (Disability-Adjusted Life Years),13,Malaysia,3,Both,22,All ages,509,Chronic obstructive pulmonary disease,100,Secondhand smoke,2,Percent,2016,0.12767211579340249,0.18659755758033214,0.06621621802483331
1,All Population,2,DALYs (Disability-Adjusted Life Years),13,Malaysia,3,Both,22,All ages,509,Chronic obstructive pulmonary disease,100,Secondhand smoke,3,Rate,2016,52.424741706445104,78.90454427560881,26.07571688588555
1,All Population,2,DALYs (Disability-Adjusted Life Years),13,Malaysia,3,Both,22,All ages,587,Diabetes mellitus,100,Secondhand smoke,1,Number,2005,11360.386680037456,16513.67550508964,5919.809140972891
1,All Population,2,DALYs (Disability-Adjusted Life Years),13,Malaysia,3,Both,22,All ages,587,Diabetes mellitus,100,Secondhand smoke,2,Percent,2005,0.05793924433269395,0.08156661608437488,0.03395079212519273
1,All Population,2,DALYs (Disability-Adjusted Life Years),13,Malaysia,3,Both,22,All ages,587,Diabetes mellitus,100,Secondhand smoke,3,Rate,2005,42.40987240163894,61.64780220761047,22.099454656052977
1,All Population,2,DALYs (Disability-Adjusted Life Years),13,Malaysia,3,Both,22,All ages,329,Otitis media,100,Secondhand smoke,1,Number,2009,201.46450574230445,366.43903432380864,82.23952254232947
1,All Population,2,DALYs (Disability-Adjusted Life Years),13,Malaysia,3,Both,22,All ages,329,Otitis media,100,Secondhand smoke,2,Percent,2009,0.027708460088933212,0.04087964540717177,0.014533642742471247
1,All Population,2,DALYs (Disability-Adjusted Life Years),13,Malaysia,3,Both,22,All ages,329,Otitis media,100,Secondhand smoke,3,Rate,2009,0.7004884692378855,1.2741019430530554,0.2859453432964403
1,All Population,2,DALYs (Disability-Adjusted Life Years),13,Malaysia,3,Both,22,All ages,329,Otitis media,100,Secondhand smoke,1,Number,2008,203.46182728170706,375.6030531180468,82.25297084915903
1,All Population,2,DALYs (Disability-Adjusted Life Years),13,Malaysia,3,Both,22,All ages,329,Otitis media,100,Secondhand smoke,2,Percent,2008,0.028114323098068904,0.040757814716089344,0.014758925499978606
1,All Population,2,DALYs (Disability-Adjusted Life Years),13,Malaysia,3,Both,22,All ages,329,Otitis media,100,Secondhand smoke,3,Rate,2008,0.7194528719031679,1.328154272826944,0.29085129574728613
1,All Population,2,DALYs (Disability-Adjusted Life Years),13,Malaysia,3,Both,22,All ages,426,"Tracheal, bronchus, and lung cancer",100,Secondhand smoke,1,Number,2017,14444.336784751,17811.463221924347,10873.051591835887
1,All Population,2,DALYs (Disability-Adjusted Life Years),13,Malaysia,3,Both,22,All ages,426,"Tracheal, bronchus, and lung cancer",100,Secondhand smoke,2,Percent,2017,0.11049405798607079,0.13420555493482314,0.08698438021527172
1,All Population,2,DALYs (Disability-Adjusted Life Years),13,Malaysia,3,Both,22,All ages,426,"Tracheal, bronchus, and lung cancer",100,Secondhand smoke,3,Rate,2017,44.774910079446705,55.21241134359105,33.704552487837155
1,All Population,2,DALYs (Disability-Adjusted Life Years),13,Malaysia,3,Both,22,All ages,509,Chronic obstructive pulmonary disease,100,Secondhand smoke,1,Number,2017,17200.731003517998,26078.996179339716,8521.165372777079
1,All Population,2,DALYs (Disability-Adjusted Life Years),13,Malaysia,3,Both,22,All ages,509,Chronic obstructive pulmonary disease,100,Secondhand smoke,2,Percent,2017,0.12693785842205882,0.18647549551232273,0.06483098525782297
1,All Population,2,DALYs (Disability-Adjusted Life Years),13,Malaysia,3,Both,22,All ages,509,Chronic obstructive pulmonary disease,100,Secondhand smoke,3,Rate,2017,53.31924860657748,80.8403131478425,26.414117797431715
1,All Population,2,DALYs (Disability-Adjusted Life Years),13,Malaysia,3,Both,22,All ages,426,"Tracheal, bronchus, and lung cancer",100,Secondhand smoke,1,Number,2018,14736.832479347599,18295.916570363122,11117.84415378188
1,All Population,2,DALYs (Disability-Adjusted Life Years),13,Malaysia,3,Both,22,All ages,426,"Tracheal, bronchus, and lung cancer",100,Secondhand smoke,2,Percent,2018,0.10986491344919204,0.1332477535967821,0.08624381293407138
1,All Population,2,DALYs (Disability-Adjusted Life Years),13,Malaysia,3,Both,22,All ages,426,"Tracheal, bronchus, and lung cancer",100,Secondhand smoke,3,Rate,2018,45.14801095568037,56.05168158900974,34.06081668919892
1,All Population,2,DALYs (Disability-Adjusted Life Years),13,Malaysia,3,Both,22,All ages,509,Chronic obstructive pulmonary disease,100,Secondhand smoke,1,Number,2018,17635.47425196908,26889.247638119527,8735.755953320615
1,All Population,2,DALYs (Disability-Adjusted Life Years),13,Malaysia,3,Both,22,All ages,509,Chronic obstructive pulmonary disease,100,Secondhand smoke,2,Percent,2018,0.12632326684989637,0.18581350501812674,0.0636982269821679
1,All Population,2,DALYs (Disability-Adjusted Life Years),13,Malaysia,3,Both,22,All ages,509,Chronic obstructive pulmonary disease,100,Secondhand smoke,3,Rate,2018,54.02833925487951,82.37835699477034,26.763010710706638
1,All Population,2,DALYs (Disability-Adjusted Life Years),13,Malaysia,3,Both,22,All ages,322,Lower respiratory infections,100,Secondhand smoke,1,Number,2007,38008.82163577954,52037.80615577537,26269.266114168026
1,All Population,2,DALYs (Disability-Adjusted Life Years),13,Malaysia,3,Both,22,All ages,322,Lower respiratory infections,100,Secondhand smoke,2,Percent,2007,0.12012214435451544,0.1560212938614394,0.08625633787010101
1,All Population,2,DALYs (Disability-Adjusted Life Years),13,Malaysia,3,Both,22,All ages,322,Lower respiratory infections,100,Secondhand smoke,3,Rate,2007,136.7713821140103,187.25344180116633,94.52763013766638
1,All Population,2,DALYs (Disability-Adjusted Life Years),13,Malaysia,3,Both,22,All ages,322,Lower respiratory infections,100,Secondhand smoke,1,Number,2008,40803.000470475716,56257.68958750309,27501.04955671667
1,All Population,2,DALYs (Disability-Adjusted Life Years),13,Malaysia,3,Both,22,All ages,322,Lower respiratory infections,100,Secondhand smoke,2,Percent,2008,0.11919877967746595,0.15439064360126253,0.08526801924959336
1,All Population,2,DALYs (Disability-Adjusted Life Years),13,Malaysia,3,Both,22,All ages,322,Lower respiratory infections,100,Secondhand smoke,3,Rate,2008,144.28178623454943,198.93046711079586,97.2453130313062
1,All Population,2,DALYs (Disability-Adjusted Life Years),13,Malaysia,3,Both,22,All ages,322,Lower respiratory infections,100,Secondhand smoke,1,Number,2009,43985.79716319629,60584.7773068643,29545.935755480183
1,All Population,2,DALYs (Disability-Adjusted Life Years),13,Malaysia,3,Both,22,All ages,322,Lower respiratory infections,100,Secondhand smoke,2,Percent,2009,0.11837943349169575,0.15349291033260287,0.08415481772438374
1,All Population,2,DALYs (Disability-Adjusted Life Years),13,Malaysia,3,Both,22,All ages,322,Lower respiratory infections,100,Secondhand smoke,3,Rate,2009,152.9378269860938,210.652182916467,102.73068813436768
1,All Population,2,DALYs (Disability-Adjusted Life Years),13,Malaysia,3,Both,22,All ages,429,Breast cancer,100,Secondhand smoke,1,Number,2008,6940.244161199686,9776.76957536071,4207.143965794885
1,All Population,2,DALYs (Disability-Adjusted Life Years),13,Malaysia,3,Both,22,All ages,429,Breast cancer,100,Secondhand smoke,2,Percent,2008,0.10346428490408315,0.1443159738109145,0.06442995692993769
1,All Population,2,DALYs (Disability-Adjusted Life Years),13,Malaysia,3,Both,22,All ages,429,Breast cancer,100,Secondhand smoke,3,Rate,2008,24.541107588554716,34.571226666463694,14.87670610817006
1,All Population,2,DALYs (Disability-Adjusted Life Years),13,Malaysia,3,Both,22,All ages,493,Ischemic heart disease,100,Secondhand smoke,1,Number,2008,49469.75240426955,61224.30133976313,37039.08016882016
1,All Population,2,DALYs (Disability-Adjusted Life Years),13,Malaysia,3,Both,22,All ages,493,Ischemic heart disease,100,Secondhand smoke,2,Percent,2008,0.08345214971775004,0.10303803136973963,0.06469015413616258
1,All Population,2,DALYs (Disability-Adjusted Life Years),13,Malaysia,3,Both,22,All ages,493,Ischemic heart disease,100,Secondhand smoke,3,Rate,2008,174.92792586745026,216.4926955471114,130.97234481834033
1,All Population,2,DALYs (Disability-Adjusted Life Years),13,Malaysia,3,Both,22,All ages,322,Lower respiratory infections,100,Secondhand smoke,1,Number,2010,46983.65941857677,64128.7201729176,31744.553238399614
1,All Population,2,DALYs (Disability-Adjusted Life Years),13,Malaysia,3,Both,22,All ages,322,Lower respiratory infections,100,Secondhand smoke,2,Percent,2010,0.11732723719267765,0.151802825680538,0.08399665716884669
1,All Population,2,DALYs (Disability-Adjusted Life Years),13,Malaysia,3,Both,22,All ages,322,Lower respiratory infections,100,Secondhand smoke,3,Rate,2010,160.73227469165488,219.38595660733463,108.59891107291865
1,All Population,2,DALYs (Disability-Adjusted Life Years),13,Malaysia,3,Both,22,All ages,494,Stroke,100,Secondhand smoke,1,Number,2009,23484.569405491915,31243.031678662002,15668.445162694466
1,All Population,2,DALYs (Disability-Adjusted Life Years),13,Malaysia,3,Both,22,All ages,494,Stroke,100,Secondhand smoke,2,Percent,2009,0.05644976117360971,0.07680545430357708,0.037928266658127915
1,All Population,2,DALYs (Disability-Adjusted Life Years),13,Malaysia,3,Both,22,All ages,494,Stroke,100,Secondhand smoke,3,Rate,2009,81.65542616527267,108.63146018847878,54.478902508973775
1,All Population,2,DALYs (Disability-Adjusted Life Years),13,Malaysia,3,Both,22,All ages,429,Breast cancer,100,Secondhand smoke,1,Number,2009,7201.522298809489,10306.728105401182,4355.9786947940775
1,All Population,2,DALYs (Disability-Adjusted Life Years),13,Malaysia,3,Both,22,All ages,429,Breast cancer,100,Secondhand smoke,2,Percent,2009,0.10298551077904453,0.14310275194379024,0.06405873389195907
1,All Population,2,DALYs (Disability-Adjusted Life Years),13,Malaysia,3,Both,22,All ages,429,Breast cancer,100,Secondhand smoke,3,Rate,2009,25.039563732026018,35.8363085686092,15.145659711652199
1,All Population,2,DALYs (Disability-Adjusted Life Years),13,Malaysia,3,Both,22,All ages,329,Otitis media,100,Secondhand smoke,1,Number,2010,199.29072415811652,370.1746888482343,80.39682362098326
1,All Population,2,DALYs (Disability-Adjusted Life Years),13,Malaysia,3,Both,22,All ages,329,Otitis media,100,Secondhand smoke,2,Percent,2010,0.027287504557175716,0.039946472153990484,0.014380872519888508
1,All Population,2,DALYs (Disability-Adjusted Life Years),13,Malaysia,3,Both,22,All ages,329,Otitis media,100,Secondhand smoke,3,Rate,2010,0.6817785548269998,1.2663768746017932,0.2750395456313707
1,All Population,2,DALYs (Disability-Adjusted Life Years),13,Malaysia,3,Both,22,All ages,494,Stroke,100,Secondhand smoke,1,Number,2008,22632.91101201476,30495.199737907442,14882.191890530581
1,All Population,2,DALYs (Disability-Adjusted Life Years),13,Malaysia,3,Both,22,All ages,494,Stroke,100,Secondhand smoke,2,Percent,2008,0.056770296870445575,0.07735568465021214,0.0382362483721333
1,All Population,2,DALYs (Disability-Adjusted Life Years),13,Malaysia,3,Both,22,All ages,494,Stroke,100,Secondhand smoke,3,Rate,2008,80.03129159248864,107.83280246628765,52.62429733825023
1,All Population,2,DALYs (Disability-Adjusted Life Years),13,Malaysia,3,Both,22,All ages,493,Ischemic heart disease,100,Secondhand smoke,1,Number,2009,50665.800090067285,62367.40754421031,38478.35276478216
1,All Population,2,DALYs (Disability-Adjusted Life Years),13,Malaysia,3,Both,22,All ages,493,Ischemic heart disease,100,Secondhand smoke,2,Percent,2009,0.08303436916589356,0.10225093503578858,0.06384167615618776
1,All Population,2,DALYs (Disability-Adjusted Life Years),13,Malaysia,3,Both,22,All ages,493,Ischemic heart disease,100,Secondhand smoke,3,Rate,2009,176.16407722559632,216.85035624518682,133.788541697138
1,All Population,2,DALYs (Disability-Adjusted Life Years),13,Malaysia,3,Both,22,All ages,515,Asthma,100,Secondhand smoke,1,Number,2008,6296.793130474636,9048.497308099995,4168.710818733845
1,All Population,2,DALYs (Disability-Adjusted Life Years),13,Malaysia,3,Both,22,All ages,515,Asthma,100,Secondhand smoke,2,Percent,2008,0.08588888862636135,0.10549384460255161,0.06585053491689188
1,All Population,2,DALYs (Disability-Adjusted Life Years),13,Malaysia,3,Both,22,All ages,515,Asthma,100,Secondhand smoke,3,Rate,2008,22.265827266102708,31.996013511208297,14.740804261623405
1,All Population,2,DALYs (Disability-Adjusted Life Years),13,Malaysia,3,Both,22,All ages,515,Asthma,100,Secondhand smoke,1,Number,2009,6271.581135585848,9010.351563191683,4154.850311888905
1,All Population,2,DALYs (Disability-Adjusted Life Years),13,Malaysia,3,Both,22,All ages,515,Asthma,100,Secondhand smoke,2,Percent,2009,0.0856806235471813,0.10588210663655488,0.06573189414445955
1,All Population,2,DALYs (Disability-Adjusted Life Years),13,Malaysia,3,Both,22,All ages,515,Asthma,100,Secondhand smoke,3,Rate,2009,21.8061750042813,31.328830607355854,14.44633993548405
1,All Population,2,DALYs (Disability-Adjusted Life Years),13,Malaysia,3,Both,22,All ages,587,Diabetes mellitus,100,Secondhand smoke,1,Number,2008,12495.954211779814,19020.504616139195,6599.88607374652
1,All Population,2,DALYs (Disability-Adjusted Life Years),13,Malaysia,3,Both,22,All ages,587,Diabetes mellitus,100,Secondhand smoke,2,Percent,2008,0.05784425688199418,0.08151044068290002,0.034481290021752785
1,All Population,2,DALYs (Disability-Adjusted Life Years),13,Malaysia,3,Both,22,All ages,587,Diabetes mellitus,100,Secondhand smoke,3,Rate,2008,44.18642191976311,67.25761217204573,23.33758156716197
1,All Population,2,DALYs (Disability-Adjusted Life Years),13,Malaysia,3,Both,22,All ages,426,"Tracheal, bronchus, and lung cancer",100,Secondhand smoke,1,Number,2019,14765.69633008614,18664.964813471306,11129.774779695928
1,All Population,2,DALYs (Disability-Adjusted Life Years),13,Malaysia,3,Both,22,All ages,426,"Tracheal, bronchus, and lung cancer",100,Secondhand smoke,2,Percent,2019,0.10919962246716472,0.13216065968200827,0.0856761240368793
1,All Population,2,DALYs (Disability-Adjusted Life Years),13,Malaysia,3,Both,22,All ages,426,"Tracheal, bronchus, and lung cancer",100,Secondhand smoke,3,Rate,2019,44.74047932594259,56.55537359623371,33.72353374346267
1,All Population,2,DALYs (Disability-Adjusted Life Years),13,Malaysia,3,Both,22,All ages,587,Diabetes mellitus,100,Secondhand smoke,1,Number,2009,12980.804847800016,19535.822321870968,6866.317427199678
1,All Population,2,DALYs (Disability-Adjusted Life Years),13,Malaysia,3,Both,22,All ages,587,Diabetes mellitus,100,Secondhand smoke,2,Percent,2009,0.057778923432497555,0.08133499671817733,0.03437334742866826
1,All Population,2,DALYs (Disability-Adjusted Life Years),13,Malaysia,3,Both,22,All ages,587,Diabetes mellitus,100,Secondhand smoke,3,Rate,2009,45.13402538977258,67.92570345396153,23.874062411930545
1,All Population,2,DALYs (Disability-Adjusted Life Years),13,Malaysia,3,Both,22,All ages,429,Breast cancer,100,Secondhand smoke,1,Number,2010,7544.190978981723,10767.70325878615,4656.278517597414
1,All Population,2,DALYs (Disability-Adjusted Life Years),13,Malaysia,3,Both,22,All ages,429,Breast cancer,100,Secondhand smoke,2,Percent,2010,0.10235990949109028,0.1418426727111658,0.06383642325074311
1,All Population,2,DALYs (Disability-Adjusted Life Years),13,Malaysia,3,Both,22,All ages,429,Breast cancer,100,Secondhand smoke,3,Rate,2010,25.808866141247204,36.83658232260087,15.929245337484419
1,All Population,2,DALYs (Disability-Adjusted Life Years),13,Malaysia,3,Both,22,All ages,509,Chronic obstructive pulmonary disease,100,Secondhand smoke,1,Number,2019,17875.26713215725,27094.476587039935,9063.553617554484
1,All Population,2,DALYs (Disability-Adjusted Life Years),13,Malaysia,3,Both,22,All ages,509,Chronic obstructive pulmonary disease,100,Secondhand smoke,2,Percent,2019,0.12607822709066172,0.1849375542257658,0.06314687515060582
1,All Population,2,DALYs (Disability-Adjusted Life Years),13,Malaysia,3,Both,22,All ages,509,Chronic obstructive pulmonary disease,100,Secondhand smoke,3,Rate,2019,54.16256718908944,82.09703372537281,27.46282492749888
1,All Population,2,DALYs (Disability-Adjusted Life Years),13,Malaysia,3,Both,22,All ages,493,Ischemic heart disease,100,Secondhand smoke,1,Number,2010,51946.8226559607,63472.90457207012,39625.07640501978
1,All Population,2,DALYs (Disability-Adjusted Life Years),13,Malaysia,3,Both,22,All ages,493,Ischemic heart disease,100,Secondhand smoke,2,Percent,2010,0.08264578121903196,0.10165300109171116,0.06343089090464388
1,All Population,2,DALYs (Disability-Adjusted Life Years),13,Malaysia,3,Both,22,All ages,493,Ischemic heart disease,100,Secondhand smoke,3,Rate,2010,177.71138033567604,217.14239502428748,135.55837804518103
1,All Population,2,DALYs (Disability-Adjusted Life Years),13,Malaysia,3,Both,22,All ages,329,Otitis media,100,Secondhand smoke,1,Number,2011,196.74198423471046,357.55644390482564,78.55600384949057
1,All Population,2,DALYs (Disability-Adjusted Life Years),13,Malaysia,3,Both,22,All ages,329,Otitis media,100,Secondhand smoke,2,Percent,2011,0.026866686497390622,0.03948940694519753,0.014103722992617218
1,All Population,2,DALYs (Disability-Adjusted Life Years),13,Malaysia,3,Both,22,All ages,329,Otitis media,100,Secondhand smoke,3,Rate,2011,0.6625367144847291,1.2040860140199419,0.26454057020895355
1,All Population,2,DALYs (Disability-Adjusted Life Years),13,Malaysia,3,Both,22,All ages,494,Stroke,100,Secondhand smoke,1,Number,2010,24365.72195791612,32677.480606601013,16147.909043326381
1,All Population,2,DALYs (Disability-Adjusted Life Years),13,Malaysia,3,Both,22,All ages,494,Stroke,100,Secondhand smoke,2,Percent,2010,0.05617025977369876,0.07607656629921206,0.03777479654148085
1,All Population,2,DALYs (Disability-Adjusted Life Years),13,Malaysia,3,Both,22,All ages,494,Stroke,100,Secondhand smoke,3,Rate,2010,83.35574459855262,111.79047894712772,55.242400957418205
1,All Population,2,DALYs (Disability-Adjusted Life Years),13,Malaysia,3,Both,22,All ages,429,Breast cancer,100,Secondhand smoke,1,Number,2011,7812.5199825502195,11189.114281414055,4711.975337987422
1,All Population,2,DALYs (Disability-Adjusted Life Years),13,Malaysia,3,Both,22,All ages,429,Breast cancer,100,Secondhand smoke,2,Percent,2011,0.10159958329519844,0.14086150333297254,0.06369089864604531
1,All Population,2,DALYs (Disability-Adjusted Life Years),13,Malaysia,3,Both,22,All ages,429,Breast cancer,100,Secondhand smoke,3,Rate,2011,26.308981995983753,37.67980201500048,15.867770528525975
1,All Population,2,DALYs (Disability-Adjusted Life Years),13,Malaysia,3,Both,22,All ages,515,Asthma,100,Secondhand smoke,1,Number,2010,6236.078564913853,9008.248185827895,4070.0059181959136
1,All Population,2,DALYs (Disability-Adjusted Life Years),13,Malaysia,3,Both,22,All ages,515,Asthma,100,Secondhand smoke,2,Percent,2010,0.08539073380560713,0.10555426473992119,0.06583160520380842
1,All Population,2,DALYs (Disability-Adjusted Life Years),13,Malaysia,3,Both,22,All ages,515,Asthma,100,Secondhand smoke,3,Rate,2010,21.333780835686937,30.8174424856018,13.92359210277844
1,All Population,2,DALYs (Disability-Adjusted Life Years),13,Malaysia,3,Both,22,All ages,426,"Tracheal, bronchus, and lung cancer",100,Secondhand smoke,1,Number,2020,14851.076470550342,18903.686508736057,11285.273898090003
1,All Population,2,DALYs (Disability-Adjusted Life Years),13,Malaysia,3,Both,22,All ages,426,"Tracheal, bronchus, and lung cancer",100,Secondhand smoke,2,Percent,2020,0.10886035487112831,0.1322897477859329,0.08488785889151018
1,All Population,2,DALYs (Disability-Adjusted Life Years),13,Malaysia,3,Both,22,All ages,426,"Tracheal, bronchus, and lung cancer",100,Secondhand smoke,3,Rate,2020,44.540099762155926,56.6943470152655,33.84584452587876
1,All Population,2,DALYs (Disability-Adjusted Life Years),13,Malaysia,3,Both,22,All ages,494,Stroke,100,Secondhand smoke,1,Number,2011,24959.877638011734,33264.38231595991,16438.560552680465
1,All Population,2,DALYs (Disability-Adjusted Life Years),13,Malaysia,3,Both,22,All ages,494,Stroke,100,Secondhand smoke,2,Percent,2011,0.05577092909539604,0.07444880342509985,0.03777660552299632
1,All Population,2,DALYs (Disability-Adjusted Life Years),13,Malaysia,3,Both,22,All ages,494,Stroke,100,Secondhand smoke,3,Rate,2011,84.05341335025349,112.01917401975547,55.35752799177936
1,All Population,2,DALYs (Disability-Adjusted Life Years),13,Malaysia,3,Both,22,All ages,493,Ischemic heart disease,100,Secondhand smoke,1,Number,2011,52806.772826930304,65255.31495818784,39535.55063341461
1,All Population,2,DALYs (Disability-Adjusted Life Years),13,Malaysia,3,Both,22,All ages,493,Ischemic heart disease,100,Secondhand smoke,2,Percent,2011,0.08209425337386582,0.10151284831201612,0.0625953885959871
1,All Population,2,DALYs (Disability-Adjusted Life Years),13,Malaysia,3,Both,22,All ages,493,Ischemic heart disease,100,Secondhand smoke,3,Rate,2011,177.8289769079362,219.74995394722862,133.13759096156315
1,All Population,2,DALYs (Disability-Adjusted Life Years),13,Malaysia,3,Both,22,All ages,509,Chronic obstructive pulmonary disease,100,Secondhand smoke,1,Number,2020,17168.370801249115,25734.37170097519,8625.862827325609
1,All Population,2,DALYs (Disability-Adjusted Life Years),13,Malaysia,3,Both,22,All ages,509,Chronic obstructive pulmonary disease,100,Secondhand smoke,2,Percent,2020,0.12552214637822598,0.1818050865287458,0.06218692120801915
1,All Population,2,DALYs (Disability-Adjusted Life Years),13,Malaysia,3,Both,22,All ages,509,Chronic obstructive pulmonary disease,100,Secondhand smoke,3,Rate,2020,51.48993406354631,77.18036366931197,25.869962465388735
1,All Population,2,DALYs (Disability-Adjusted Life Years),13,Malaysia,3,Both,22,All ages,587,Diabetes mellitus,100,Secondhand smoke,1,Number,2010,13316.519916268735,20180.987216149293,7014.110029610176
1,All Population,2,DALYs (Disability-Adjusted Life Years),13,Malaysia,3,Both,22,All ages,587,Diabetes mellitus,100,Secondhand smoke,2,Percent,2010,0.05760381871487122,0.08112282801308159,0.03414078441355797
1,All Population,2,DALYs (Disability-Adjusted Life Years),13,Malaysia,3,Both,22,All ages,587,Diabetes mellitus,100,Secondhand smoke,3,Rate,2010,45.5561478949491,69.03966231911585,23.995445947555073
1,All Population,2,DALYs (Disability-Adjusted Life Years),13,Malaysia,3,Both,22,All ages,515,Asthma,100,Secondhand smoke,1,Number,2011,6247.646504004131,9085.541926253918,4060.530421655782
1,All Population,2,DALYs (Disability-Adjusted Life Years),13,Malaysia,3,Both,22,All ages,515,Asthma,100,Secondhand smoke,2,Percent,2011,0.08505936607282917,0.10480650596489169,0.0657955667153292
1,All Population,2,DALYs (Disability-Adjusted Life Years),13,Malaysia,3,Both,22,All ages,515,Asthma,100,Secondhand smoke,3,Rate,2011,21.039206268687323,30.59593568982382,13.674003010052417
1,All Population,2,DALYs (Disability-Adjusted Life Years),13,Malaysia,3,Both,22,All ages,587,Diabetes mellitus,100,Secondhand smoke,1,Number,2011,13549.48412369614,20519.14945398942,7109.2502713428885
1,All Population,2,DALYs (Disability-Adjusted Life Years),13,Malaysia,3,Both,22,All ages,587,Diabetes mellitus,100,Secondhand smoke,2,Percent,2011,0.05732071799611826,0.08088796823742656,0.03382789691331086
1,All Population,2,DALYs (Disability-Adjusted Life Years),13,Malaysia,3,Both,22,All ages,587,Diabetes mellitus,100,Secondhand smoke,3,Rate,2011,45.62844442784098,69.09907875610834,23.940692351694793
1,All Population,2,DALYs (Disability-Adjusted Life Years),13,Malaysia,3,Both,22,All ages,587,Diabetes mellitus,100,Secondhand smoke,1,Number,2012,13722.20089766828,20646.982248252938,7226.862017527477
1,All Population,2,DALYs (Disability-Adjusted Life Years),13,Malaysia,3,Both,22,All ages,587,Diabetes mellitus,100,Secondhand smoke,2,Percent,2012,0.05702961197057827,0.08052444553386776,0.03352941699858987
1,All Population,2,DALYs (Disability-Adjusted Life Years),13,Malaysia,3,Both,22,All ages,587,Diabetes mellitus,100,Secondhand smoke,3,Rate,2012,45.51063443200872,68.47715379127565,23.96839091797214
1,All Population,2,DALYs (Disability-Adjusted Life Years),13,Malaysia,3,Both,22,All ages,329,Otitis media,100,Secondhand smoke,1,Number,2012,193.86648604738338,348.2025246296698,76.44021576158445
1,All Population,2,DALYs (Disability-Adjusted Life Years),13,Malaysia,3,Both,22,All ages,329,Otitis media,100,Secondhand smoke,2,Percent,2012,0.02643008410641524,0.03911532649618379,0.013889008441489898
1,All Population,2,DALYs (Disability-Adjusted Life Years),13,Malaysia,3,Both,22,All ages,329,Otitis media,100,Secondhand smoke,3,Rate,2012,0.6429716953509843,1.1548379101063995,0.2535192963120422
1,All Population,2,DALYs (Disability-Adjusted Life Years),13,Malaysia,3,Both,22,All ages,329,Otitis media,100,Secondhand smoke,1,Number,2014,188.49563619528385,347.97852908646934,76.86912623384848
1,All Population,2,DALYs (Disability-Adjusted Life Years),13,Malaysia,3,Both,22,All ages,329,Otitis media,100,Secondhand smoke,2,Percent,2014,0.02559442909114342,0.03806659676608026,0.013542464268693632
1,All Population,2,DALYs (Disability-Adjusted Life Years),13,Malaysia,3,Both,22,All ages,329,Otitis media,100,Secondhand smoke,3,Rate,2014,0.6074789680268273,1.1214564008576795,0.24773187549702272
1,All Population,2,DALYs (Disability-Adjusted Life Years),13,Malaysia,3,Both,22,All ages,426,"Tracheal, bronchus, and lung cancer",100,Secondhand smoke,1,Number,2021,15863.391205473079,20140.441655149003,12234.79911013917
1,All Population,2,DALYs (Disability-Adjusted Life Years),13,Malaysia,3,Both,22,All ages,426,"Tracheal, bronchus, and lung cancer",100,Secondhand smoke,2,Percent,2021,0.10937954102506044,0.13301314505595258,0.08498688118472364
1,All Population,2,DALYs (Disability-Adjusted Life Years),13,Malaysia,3,Both,22,All ages,426,"Tracheal, bronchus, and lung cancer",100,Secondhand smoke,3,Rate,2021,47.1659106788366,59.882673246520945,36.37718029693668
1,All Population,2,DALYs (Disability-Adjusted Life Years),13,Malaysia,3,Both,22,All ages,509,Chronic obstructive pulmonary disease,100,Secondhand smoke,1,Number,2021,17952.60724801385,27702.172335722338,9056.918849776279
1,All Population,2,DALYs (Disability-Adjusted Life Years),13,Malaysia,3,Both,22,All ages,509,Chronic obstructive pulmonary disease,100,Secondhand smoke,2,Percent,2021,0.1256821183535398,0.181679021424881,0.06176915894031384
1,All Population,2,DALYs (Disability-Adjusted Life Years),13,Malaysia,3,Both,22,All ages,509,Chronic obstructive pulmonary disease,100,Secondhand smoke,3,Rate,2021,53.37768317911217,82.36562845059417,26.92853123023517
1,All Population,2,DALYs (Disability-Adjusted Life Years),13,Malaysia,3,Both,22,All ages,426,"Tracheal, bronchus, and lung cancer",100,Secondhand smoke,1,Number,2022,17655.338045801967,22453.590554032857,13475.786210627859
1,All Population,2,DALYs (Disability-Adjusted Life Years),13,Malaysia,3,Both,22,All ages,426,"Tracheal, bronchus, and lung cancer",100,Secondhand smoke,2,Percent,2022,0.10820117439525845,0.13218402929334952,0.08411391643489248
1,All Population,2,DALYs (Disability-Adjusted Life Years),13,Malaysia,3,Both,22,All ages,426,"Tracheal, bronchus, and lung cancer",100,Secondhand smoke,3,Rate,2022,52.09445198238609,66.25234203472823,39.76212156647865
1,All Population,2,DALYs (Disability-Adjusted Life Years),13,Malaysia,3,Both,22,All ages,509,Chronic obstructive pulmonary disease,100,Secondhand smoke,1,Number,2022,20342.81222411198,31391.216844056667,10238.487759288513
1,All Population,2,DALYs (Disability-Adjusted Life Years),13,Malaysia,3,Both,22,All ages,509,Chronic obstructive pulmonary disease,100,Secondhand smoke,2,Percent,2022,0.1244832903761928,0.1812184688603063,0.06107577877969431
1,All Population,2,DALYs (Disability-Adjusted Life Years),13,Malaysia,3,Both,22,All ages,509,Chronic obstructive pulmonary disease,100,Secondhand smoke,3,Rate,2022,60.0242063814621,92.62401174698648,30.21003662262506
1,All Population,2,DALYs (Disability-Adjusted Life Years),13,Malaysia,3,Both,22,All ages,322,Lower respiratory infections,100,Secondhand smoke,1,Number,2011,50088.23834120558,68854.9342136339,33664.991826343554
1,All Population,2,DALYs (Disability-Adjusted Life Years),13,Malaysia,3,Both,22,All ages,322,Lower respiratory infections,100,Secondhand smoke,2,Percent,2011,0.11613484282330049,0.1494153868322452,0.08267353151416978
1,All Population,2,DALYs (Disability-Adjusted Life Years),13,Malaysia,3,Both,22,All ages,322,Lower respiratory infections,100,Secondhand smoke,3,Rate,2011,168.67420034414624,231.87181966987006,113.36824300385332
1,All Population,2,DALYs (Disability-Adjusted Life Years),13,Malaysia,3,Both,22,All ages,322,Lower respiratory infections,100,Secondhand smoke,1,Number,2012,52588.92813195529,71801.74690430523,35072.50405889067
1,All Population,2,DALYs (Disability-Adjusted Life Years),13,Malaysia,3,Both,22,All ages,322,Lower respiratory infections,100,Secondhand smoke,2,Percent,2012,0.11517036613983707,0.148463047732152,0.08242435699881234
1,All Population,2,DALYs (Disability-Adjusted Life Years),13,Malaysia,3,Both,22,All ages,322,Lower respiratory infections,100,Secondhand smoke,3,Rate,2012,174.41484068282955,238.13549147911903,116.32040098688104
1,All Population,2,DALYs (Disability-Adjusted Life Years),13,Malaysia,3,Both,22,All ages,426,"Tracheal, bronchus, and lung cancer",100,Secondhand smoke,1,Number,2023,17477.922847306338,22424.05115730666,13376.736928000613
1,All Population,2,DALYs (Disability-Adjusted Life Years),13,Malaysia,3,Both,22,All ages,426,"Tracheal, bronchus, and lung cancer",100,Secondhand smoke,2,Percent,2023,0.10818752779876034,0.13201835817713536,0.08330504148746354
1,All Population,2,DALYs (Disability-Adjusted Life Years),13,Malaysia,3,Both,22,All ages,426,"Tracheal, bronchus, and lung cancer",100,Secondhand smoke,3,Rate,2023,51.15776809823986,65.63505394494638,39.153623210968924
1,All Population,2,DALYs (Disability-Adjusted Life Years),13,Malaysia,3,Both,22,All ages,509,Chronic obstructive pulmonary disease,100,Secondhand smoke,1,Number,2023,18622.81418174019,28886.645044222478,9351.745423034357
1,All Population,2,DALYs (Disability-Adjusted Life Years),13,Malaysia,3,Both,22,All ages,509,Chronic obstructive pulmonary disease,100,Secondhand smoke,2,Percent,2023,0.12440078166744614,0.18137121893841782,0.061043644083446404
1,All Population,2,DALYs (Disability-Adjusted Life Years),13,Malaysia,3,Both,22,All ages,509,Chronic obstructive pulmonary disease,100,Secondhand smoke,3,Rate,2023,54.50885769260085,84.55102481106653,27.37249888587879
1,All Population,2,DALYs (Disability-Adjusted Life Years),13,Malaysia,3,Both,22,All ages,429,Breast cancer,100,Secondhand smoke,1,Number,2012,8121.579458942374,11475.561233838947,5021.313982272806
1,All Population,2,DALYs (Disability-Adjusted Life Years),13,Malaysia,3,Both,22,All ages,429,Breast cancer,100,Secondhand smoke,2,Percent,2012,0.10081448463706756,0.13928537724538212,0.06350007974860206
1,All Population,2,DALYs (Disability-Adjusted Life Years),13,Malaysia,3,Both,22,All ages,429,Breast cancer,100,Secondhand smoke,3,Rate,2012,26.935783590607805,38.05949760611059,16.65353733848793
1,All Population,2,DALYs (Disability-Adjusted Life Years),13,Malaysia,3,Both,22,All ages,494,Stroke,100,Secondhand smoke,1,Number,2012,25317.79062354982,34059.02781994194,16768.51560658637
1,All Population,2,DALYs (Disability-Adjusted Life Years),13,Malaysia,3,Both,22,All ages,494,Stroke,100,Secondhand smoke,2,Percent,2012,0.05536340683490925,0.07326478181997141,0.03803870416437852
1,All Population,2,DALYs (Disability-Adjusted Life Years),13,Malaysia,3,Both,22,All ages,494,Stroke,100,Secondhand smoke,3,Rate,2012,83.96821488674618,112.95913649583568,55.61394920755461
1,All Population,2,DALYs (Disability-Adjusted Life Years),13,Malaysia,3,Both,22,All ages,493,Ischemic heart disease,100,Secondhand smoke,1,Number,2012,53501.18202394942,67198.02944688787,39713.97568974034
1,All Population,2,DALYs (Disability-Adjusted Life Years),13,Malaysia,3,Both,22,All ages,493,Ischemic heart disease,100,Secondhand smoke,2,Percent,2012,0.08158536130296386,0.10044634202450411,0.061579904097304565
1,All Population,2,DALYs (Disability-Adjusted Life Years),13,Malaysia,3,Both,22,All ages,493,Ischemic heart disease,100,Secondhand smoke,3,Rate,2012,177.44039421446288,222.86694208276236,131.71416472736323
1,All Population,2,DALYs (Disability-Adjusted Life Years),13,Malaysia,3,Both,22,All ages,429,Breast cancer,100,Secondhand smoke,1,Number,2014,8907.44400871051,12600.120991284932,5557.598539765222
1,All Population,2,DALYs (Disability-Adjusted Life Years),13,Malaysia,3,Both,22,All ages,429,Breast cancer,100,Secondhand smoke,2,Percent,2014,0.09853677293243801,0.13608135286100273,0.06256605965560125
1,All Population,2,DALYs (Disability-Adjusted Life Years),13,Malaysia,3,Both,22,All ages,429,Breast cancer,100,Secondhand smoke,3,Rate,2014,28.706685223005625,40.607351190183365,17.91088798547182
1,All Population,2,DALYs (Disability-Adjusted Life Years),13,Malaysia,3,Both,22,All ages,493,Ischemic heart disease,100,Secondhand smoke,1,Number,2014,56027.828606299685,71495.68064170859,41121.79661826116
1,All Population,2,DALYs (Disability-Adjusted Life Years),13,Malaysia,3,Both,22,All ages,493,Ischemic heart disease,100,Secondhand smoke,2,Percent,2014,0.08048498613159577,0.0993701521283339,0.060182585307009394
1,All Population,2,DALYs (Disability-Adjusted Life Years),13,Malaysia,3,Both,22,All ages,493,Ischemic heart disease,100,Secondhand smoke,3,Rate,2014,180.56506871743926,230.4144709727099,132.5262858986831
1,All Population,2,DALYs (Disability-Adjusted Life Years),13,Malaysia,3,Both,22,All ages,515,Asthma,100,Secondhand smoke,1,Number,2012,6307.749959021772,9155.274272170398,4089.8074216824807
1,All Population,2,DALYs (Disability-Adjusted Life Years),13,Malaysia,3,Both,22,All ages,515,Asthma,100,Secondhand smoke,2,Percent,2012,0.08472930663149245,0.10442789390923132,0.0656347465142775
1,All Population,2,DALYs (Disability-Adjusted Life Years),13,Malaysia,3,Both,22,All ages,515,Asthma,100,Secondhand smoke,3,Rate,2012,20.92009179972996,30.364104390595365,13.564130991343742
1,All Population,2,DALYs (Disability-Adjusted Life Years),13,Malaysia,3,Both,22,All ages,329,Otitis media,100,Secondhand smoke,1,Number,2015,185.49608532724676,340.90201528761787,75.60333712855731
1,All Population,2,DALYs (Disability-Adjusted Life Years),13,Malaysia,3,Both,22,All ages,329,Otitis media,100,Secondhand smoke,2,Percent,2015,0.025124754816903135,0.03766947011479066,0.013409106218912782
1,All Population,2,DALYs (Disability-Adjusted Life Years),13,Malaysia,3,Both,22,All ages,329,Otitis media,100,Secondhand smoke,3,Rate,2015,0.5897874638475311,1.0839028471263576,0.2403818947704344
1,All Population,2,DALYs (Disability-Adjusted Life Years),13,Malaysia,3,Both,22,All ages,322,Lower respiratory infections,100,Secondhand smoke,1,Number,2014,57525.021376952915,77779.8004617507,37848.314786220726
1,All Population,2,DALYs (Disability-Adjusted Life Years),13,Malaysia,3,Both,22,All ages,322,Lower respiratory infections,100,Secondhand smoke,2,Percent,2014,0.11294994664727144,0.14606153784366582,0.08124202836560178
1,All Population,2,DALYs (Disability-Adjusted Life Years),13,Malaysia,3,Both,22,All ages,322,Lower respiratory infections,100,Secondhand smoke,3,Rate,2014,185.39018370477714,250.66677336172205,121.976591458424
1,All Population,2,DALYs (Disability-Adjusted Life Years),13,Malaysia,3,Both,22,All ages,322,Lower respiratory infections,100,Secondhand smoke,1,Number,2016,62020.26902501531,83424.26537062263,41759.3453831002
1,All Population,2,DALYs (Disability-Adjusted Life Years),13,Malaysia,3,Both,22,All ages,322,Lower respiratory infections,100,Secondhand smoke,2,Percent,2016,0.11072233432129747,0.14459081654599104,0.07828173841052544
1,All Population,2,DALYs (Disability-Adjusted Life Years),13,Malaysia,3,Both,22,All ages,322,Lower respiratory infections,100,Secondhand smoke,3,Rate,2016,194.65167649895105,261.82848559614183,131.06242065864964
1,All Population,2,DALYs (Disability-Adjusted Life Years),13,Malaysia,3,Both,22,All ages,322,Lower respiratory infections,100,Secondhand smoke,1,Number,2015,59953.59381609465,80839.80713514304,39887.185568415
1,All Population,2,DALYs (Disability-Adjusted Life Years),13,Malaysia,3,Both,22,All ages,322,Lower respiratory infections,100,Secondhand smoke,2,Percent,2015,0.11200018538178459,0.1453116249087939,0.0798912907067163
1,All Population,2,DALYs (Disability-Adjusted Life Years),13,Malaysia,3,Both,22,All ages,322,Lower respiratory infections,100,Secondhand smoke,3,Rate,2015,190.62331144594606,257.0313262624757,126.82187861220518
1,All Population,2,DALYs (Disability-Adjusted Life Years),13,Malaysia,3,Both,22,All ages,429,Breast cancer,100,Secondhand smoke,1,Number,2015,9277.782528614032,12879.126333605203,5743.197060650578
1,All Population,2,DALYs (Disability-Adjusted Life Years),13,Malaysia,3,Both,22,All ages,429,Breast cancer,100,Secondhand smoke,2,Percent,2015,0.0972336570798392,0.13417703639394826,0.0619246901986539
1,All Population,2,DALYs (Disability-Adjusted Life Years),13,Malaysia,3,Both,22,All ages,429,Breast cancer,100,Secondhand smoke,3,Rate,2015,29.498842619922737,40.949366901562485,18.260577428369913
1,All Population,2,DALYs (Disability-Adjusted Life Years),13,Malaysia,3,Both,22,All ages,329,Otitis media,100,Secondhand smoke,1,Number,2016,182.57542556951276,335.1524272753101,74.16822692989905
1,All Population,2,DALYs (Disability-Adjusted Life Years),13,Malaysia,3,Both,22,All ages,329,Otitis media,100,Secondhand smoke,2,Percent,2016,0.02474173301767164,0.03687035323238157,0.013172789433170212
1,All Population,2,DALYs (Disability-Adjusted Life Years),13,Malaysia,3,Both,22,All ages,329,Otitis media,100,Secondhand smoke,3,Rate,2016,0.5730160999508226,1.0518816328500393,0.23277825043029823
1,All Population,2,DALYs (Disability-Adjusted Life Years),13,Malaysia,3,Both,22,All ages,329,Otitis media,100,Secondhand smoke,1,Number,2017,179.3037256956653,332.4766816585836,70.88570886457067
1,All Population,2,DALYs (Disability-Adjusted Life Years),13,Malaysia,3,Both,22,All ages,329,Otitis media,100,Secondhand smoke,2,Percent,2017,0.024229038093835087,0.03612216995273308,0.012585992323109734
1,All Population,2,DALYs (Disability-Adjusted Life Years),13,Malaysia,3,Both,22,All ages,329,Otitis media,100,Secondhand smoke,3,Rate,2017,0.555810094611526,1.0306193871422213,0.21973326208232044
1,All Population,2,DALYs (Disability-Adjusted Life Years),13,Malaysia,3,Both,22,All ages,493,Ischemic heart disease,100,Secondhand smoke,1,Number,2015,58164.36453298698,72825.68433224766,42364.52123980473
1,All Population,2,DALYs (Disability-Adjusted Life Years),13,Malaysia,3,Both,22,All ages,493,Ischemic heart disease,100,Secondhand smoke,2,Percent,2015,0.07993192337008691,0.0985367042642916,0.059480352034981816
1,All Population,2,DALYs (Disability-Adjusted Life Years),13,Malaysia,3,Both,22,All ages,493,Ischemic heart disease,100,Secondhand smoke,3,Rate,2015,184.93443127759002,231.55030786500518,134.69860291153657
1,All Population,2,DALYs (Disability-Adjusted Life Years),13,Malaysia,3,Both,22,All ages,494,Stroke,100,Secondhand smoke,1,Number,2016,28950.03877539857,38682.44412031503,19340.410243442988
1,All Population,2,DALYs (Disability-Adjusted Life Years),13,Malaysia,3,Both,22,All ages,494,Stroke,100,Secondhand smoke,2,Percent,2016,0.05359476100563573,0.07129314183757002,0.03660500280479832
1,All Population,2,DALYs (Disability-Adjusted Life Years),13,Malaysia,3,Both,22,All ages,494,Stroke,100,Secondhand smoke,3,Rate,2016,90.86019249719915,121.40551335014858,60.70020877441252
1,All Population,2,DALYs (Disability-Adjusted Life Years),13,Malaysia,3,Both,22,All ages,494,Stroke,100,Secondhand smoke,1,Number,2014,26894.56815071446,36044.654955685095,18091.947886596092
1,All Population,2,DALYs (Disability-Adjusted Life Years),13,Malaysia,3,Both,22,All ages,494,Stroke,100,Secondhand smoke,2,Percent,2014,0.054495781893533636,0.07181836494821597,0.037616828207964706
1,All Population,2,DALYs (Disability-Adjusted Life Years),13,Malaysia,3,Both,22,All ages,494,Stroke,100,Secondhand smoke,3,Rate,2014,86.67513389433017,116.16380218307928,58.30627198370924
1,All Population,2,DALYs (Disability-Adjusted Life Years),13,Malaysia,3,Both,22,All ages,329,Otitis media,100,Secondhand smoke,1,Number,2018,177.03220064792887,328.3219066223473,70.67719540268587
1,All Population,2,DALYs (Disability-Adjusted Life Years),13,Malaysia,3,Both,22,All ages,329,Otitis media,100,Secondhand smoke,2,Percent,2018,0.023958874267456902,0.03636949205222664,0.012483830395847172
1,All Population,2,DALYs (Disability-Adjusted Life Years),13,Malaysia,3,Both,22,All ages,329,Otitis media,100,Secondhand smoke,3,Rate,2018,0.5423588648077473,1.00585258453259,0.21652785948602213
1,All Population,2,DALYs (Disability-Adjusted Life Years),13,Malaysia,3,Both,22,All ages,429,Breast cancer,100,Secondhand smoke,1,Number,2017,9874.625220145372,14022.604949229948,6005.200431858737
1,All Population,2,DALYs (Disability-Adjusted Life Years),13,Malaysia,3,Both,22,All ages,429,Breast cancer,100,Secondhand smoke,2,Percent,2017,0.09465515450370969,0.13067435661040264,0.06059321004990158
1,All Population,2,DALYs (Disability-Adjusted Life Years),13,Malaysia,3,Both,22,All ages,429,Breast cancer,100,Secondhand smoke,3,Rate,2017,30.609605888379157,43.4676153732592,18.61506785340196
1,All Population,2,DALYs (Disability-Adjusted Life Years),13,Malaysia,3,Both,22,All ages,429,Breast cancer,100,Secondhand smoke,1,Number,2016,9626.578533991065,13462.03538528394,5900.476744157422
1,All Population,2,DALYs (Disability-Adjusted Life Years),13,Malaysia,3,Both,22,All ages,429,Breast cancer,100,Secondhand smoke,2,Percent,2016,0.09586676319411853,0.13206838721282788,0.06120206603217779
1,All Population,2,DALYs (Disability-Adjusted Life Years),13,Malaysia,3,Both,22,All ages,429,Breast cancer,100,Secondhand smoke,3,Rate,2016,30.21318159446199,42.25082860857635,18.51874731356068
1,All Population,2,DALYs (Disability-Adjusted Life Years),13,Malaysia,3,Both,22,All ages,494,Stroke,100,Secondhand smoke,1,Number,2015,28001.124093573537,36922.350652846,18878.898681699953
1,All Population,2,DALYs (Disability-Adjusted Life Years),13,Malaysia,3,Both,22,All ages,494,Stroke,100,Secondhand smoke,2,Percent,2015,0.054070781156926324,0.07178869637443357,0.03742017836884404
1,All Population,2,DALYs (Disability-Adjusted Life Years),13,Malaysia,3,Both,22,All ages,494,Stroke,100,Secondhand smoke,3,Rate,2015,89.02997567249996,117.39514347385884,60.02572913639173
1,All Population,2,DALYs (Disability-Adjusted Life Years),13,Malaysia,3,Both,22,All ages,493,Ischemic heart disease,100,Secondhand smoke,1,Number,2017,61780.778979489274,77432.82920517566,45616.51119681145
1,All Population,2,DALYs (Disability-Adjusted Life Years),13,Malaysia,3,Both,22,All ages,493,Ischemic heart disease,100,Secondhand smoke,2,Percent,2017,0.07882428122303763,0.0970356010711426,0.05841422665418923
1,All Population,2,DALYs (Disability-Adjusted Life Years),13,Malaysia,3,Both,22,All ages,493,Ischemic heart disease,100,Secondhand smoke,3,Rate,2017,191.50957670587798,240.02818658445352,141.403182258362
1,All Population,2,DALYs (Disability-Adjusted Life Years),13,Malaysia,3,Both,22,All ages,493,Ischemic heart disease,100,Secondhand smoke,1,Number,2016,60287.42691167339,75237.4239950067,43814.01555973925
1,All Population,2,DALYs (Disability-Adjusted Life Years),13,Malaysia,3,Both,22,All ages,493,Ischemic heart disease,100,Secondhand smoke,2,Percent,2016,0.07934174124095633,0.09771138981718672,0.058890356160271634
1,All Population,2,DALYs (Disability-Adjusted Life Years),13,Malaysia,3,Both,22,All ages,493,Ischemic heart disease,100,Secondhand smoke,3,Rate,2016,189.21312184943886,236.13394373029053,137.5110381964722
1,All Population,2,DALYs (Disability-Adjusted Life Years),13,Malaysia,3,Both,22,All ages,515,Asthma,100,Secondhand smoke,1,Number,2014,6461.580821059255,9496.215706679093,4129.43417172884
1,All Population,2,DALYs (Disability-Adjusted Life Years),13,Malaysia,3,Both,22,All ages,515,Asthma,100,Secondhand smoke,2,Percent,2014,0.08347342968300317,0.10302991555216781,0.06520122468096319
1,All Population,2,DALYs (Disability-Adjusted Life Years),13,Malaysia,3,Both,22,All ages,515,Asthma,100,Secondhand smoke,3,Rate,2014,20.824219213925875,30.60416375728222,13.308235987901952
1,All Population,2,DALYs (Disability-Adjusted Life Years),13,Malaysia,3,Both,22,All ages,515,Asthma,100,Secondhand smoke,1,Number,2015,6514.661062908313,9580.977387731298,4135.259955600236
1,All Population,2,DALYs (Disability-Adjusted Life Years),13,Malaysia,3,Both,22,All ages,515,Asthma,100,Secondhand smoke,2,Percent,2015,0.08257432185686248,0.1015901290932096,0.06465643090072548
1,All Population,2,DALYs (Disability-Adjusted Life Years),13,Malaysia,3,Both,22,All ages,515,Asthma,100,Secondhand smoke,3,Rate,2015,20.71345828857006,30.46285502317593,13.14811834040077
1,All Population,2,DALYs (Disability-Adjusted Life Years),13,Malaysia,3,Both,22,All ages,587,Diabetes mellitus,100,Secondhand smoke,1,Number,2014,14211.825007080446,21125.774770786502,7645.993867171224
1,All Population,2,DALYs (Disability-Adjusted Life Years),13,Malaysia,3,Both,22,All ages,587,Diabetes mellitus,100,Secondhand smoke,2,Percent,2014,0.05606133369788535,0.07920265895384343,0.032607463107941735
1,All Population,2,DALYs (Disability-Adjusted Life Years),13,Malaysia,3,Both,22,All ages,587,Diabetes mellitus,100,Secondhand smoke,3,Rate,2014,45.80151012161785,68.08361252049852,24.64131561728342
1,All Population,2,DALYs (Disability-Adjusted Life Years),13,Malaysia,3,Both,22,All ages,587,Diabetes mellitus,100,Secondhand smoke,1,Number,2015,14570.311616964422,21677.23777121748,7812.97804244077
1,All Population,2,DALYs (Disability-Adjusted Life Years),13,Malaysia,3,Both,22,All ages,587,Diabetes mellitus,100,Secondhand smoke,2,Percent,2015,0.05546086209255421,0.07850294985371707,0.032072307418839444
1,All Population,2,DALYs (Disability-Adjusted Life Years),13,Malaysia,3,Both,22,All ages,587,Diabetes mellitus,100,Secondhand smoke,3,Rate,2015,46.32651476648397,68.92308840777645,24.84147574660835
1,All Population,2,DALYs (Disability-Adjusted Life Years),13,Malaysia,3,Both,22,All ages,515,Asthma,100,Secondhand smoke,1,Number,2016,6483.717549367573,9583.124642538358,4116.475960855146
1,All Population,2,DALYs (Disability-Adjusted Life Years),13,Malaysia,3,Both,22,All ages,515,Asthma,100,Secondhand smoke,2,Percent,2016,0.0815098284750289,0.0998024707860666,0.06367199192088772
1,All Population,2,DALYs (Disability-Adjusted Life Years),13,Malaysia,3,Both,22,All ages,515,Asthma,100,Secondhand smoke,3,Rate,2016,20.349258569340044,30.07680081194294,12.919630302230631
1,All Population,2,DALYs (Disability-Adjusted Life Years),13,Malaysia,3,Both,22,All ages,494,Stroke,100,Secondhand smoke,1,Number,2017,29548.976889472062,39388.054458345985,19522.124655307474
1,All Population,2,DALYs (Disability-Adjusted Life Years),13,Malaysia,3,Both,22,All ages,494,Stroke,100,Secondhand smoke,2,Percent,2017,0.053187379278140545,0.07091278816721894,0.035915822891957064
1,All Population,2,DALYs (Disability-Adjusted Life Years),13,Malaysia,3,Both,22,All ages,494,Stroke,100,Secondhand smoke,3,Rate,2017,91.59664461455372,122.09605902007462,60.51516168772374
1,All Population,2,DALYs (Disability-Adjusted Life Years),13,Malaysia,3,Both,22,All ages,587,Diabetes mellitus,100,Secondhand smoke,1,Number,2016,15026.687455671807,22189.60343839634,8026.387289172679
1,All Population,2,DALYs (Disability-Adjusted Life Years),13,Malaysia,3,Both,22,All ages,587,Diabetes mellitus,100,Secondhand smoke,2,Percent,2016,0.05482254305131709,0.07783964310944808,0.03138662573251669
1,All Population,2,DALYs (Disability-Adjusted Life Years),13,Malaysia,3,Both,22,All ages,587,Diabetes mellitus,100,Secondhand smoke,3,Rate,2016,47.161515927841435,69.64245041227738,25.190953967600038
1,All Population,2,DALYs (Disability-Adjusted Life Years),13,Malaysia,3,Both,22,All ages,515,Asthma,100,Secondhand smoke,1,Number,2017,6415.513537854976,9509.844396209046,4133.05868447458
1,All Population,2,DALYs (Disability-Adjusted Life Years),13,Malaysia,3,Both,22,All ages,515,Asthma,100,Secondhand smoke,2,Percent,2017,0.08056355121763124,0.098406384963182,0.06225026021978335
1,All Population,2,DALYs (Disability-Adjusted Life Years),13,Malaysia,3,Both,22,All ages,515,Asthma,100,Secondhand smoke,3,Rate,2017,19.886966501237094,29.47884932725423,12.81175686417062
1,All Population,2,DALYs (Disability-Adjusted Life Years),13,Malaysia,3,Both,22,All ages,587,Diabetes mellitus,100,Secondhand smoke,1,Number,2017,15616.274882397383,23146.3028305157,8356.9017430639
1,All Population,2,DALYs (Disability-Adjusted Life Years),13,Malaysia,3,Both,22,All ages,587,Diabetes mellitus,100,Secondhand smoke,2,Percent,2017,0.05431330463983701,0.07731685827320556,0.0307601851882929
1,All Population,2,DALYs (Disability-Adjusted Life Years),13,Malaysia,3,Both,22,All ages,587,Diabetes mellitus,100,Secondhand smoke,3,Rate,2017,48.40771259040669,71.74947824548732,25.90492936189927
1,All Population,2,DALYs (Disability-Adjusted Life Years),13,Malaysia,3,Both,22,All ages,426,"Tracheal, bronchus, and lung cancer",100,Secondhand smoke,1,Number,2013,13284.535270465954,16980.72775287652,10269.087988567728
1,All Population,2,DALYs (Disability-Adjusted Life Years),13,Malaysia,3,Both,22,All ages,426,"Tracheal, bronchus, and lung cancer",100,Secondhand smoke,2,Percent,2013,0.11309634845267437,0.13741113499977015,0.09018412965918152
1,All Population,2,DALYs (Disability-Adjusted Life Years),13,Malaysia,3,Both,22,All ages,426,"Tracheal, bronchus, and lung cancer",100,Secondhand smoke,3,Rate,2013,43.41889197789651,55.49944871969576,33.5632683424309
1,All Population,2,DALYs (Disability-Adjusted Life Years),13,Malaysia,3,Both,22,All ages,509,Chronic obstructive pulmonary disease,100,Secondhand smoke,1,Number,2013,15668.32224483992,22901.30938263306,7964.658538402118
1,All Population,2,DALYs (Disability-Adjusted Life Years),13,Malaysia,3,Both,22,All ages,509,Chronic obstructive pulmonary disease,100,Secondhand smoke,2,Percent,2013,0.13042985058654338,0.18689298514683558,0.06903123908610262
1,All Population,2,DALYs (Disability-Adjusted Life Years),13,Malaysia,3,Both,22,All ages,509,Chronic obstructive pulmonary disease,100,Secondhand smoke,3,Rate,2013,51.21001052524711,74.85015154783474,26.031520236054384
1,All Population,2,DALYs (Disability-Adjusted Life Years),13,Malaysia,3,Both,22,All ages,429,Breast cancer,100,Secondhand smoke,1,Number,2018,10035.475830031453,14426.61224481066,6145.761547913544
1,All Population,2,DALYs (Disability-Adjusted Life Years),13,Malaysia,3,Both,22,All ages,429,Breast cancer,100,Secondhand smoke,2,Percent,2018,0.09360575698843966,0.12934332868518295,0.05996301204002937
1,All Population,2,DALYs (Disability-Adjusted Life Years),13,Malaysia,3,Both,22,All ages,429,Breast cancer,100,Secondhand smoke,3,Rate,2018,30.744854659553244,44.19761496202466,18.828259742047596
1,All Population,2,DALYs (Disability-Adjusted Life Years),13,Malaysia,3,Both,22,All ages,493,Ischemic heart disease,100,Secondhand smoke,1,Number,2018,63717.107901402815,80205.0268687048,46284.83872941391
1,All Population,2,DALYs (Disability-Adjusted Life Years),13,Malaysia,3,Both,22,All ages,493,Ischemic heart disease,100,Secondhand smoke,2,Percent,2018,0.07835365486492947,0.09693205355358424,0.05801678521230427
1,All Population,2,DALYs (Disability-Adjusted Life Years),13,Malaysia,3,Both,22,All ages,493,Ischemic heart disease,100,Secondhand smoke,3,Rate,2018,195.2048168850567,245.71748622667585,141.79902017383782
1,All Population,2,DALYs (Disability-Adjusted Life Years),13,Malaysia,3,Both,22,All ages,329,Otitis media,100,Secondhand smoke,1,Number,2019,174.5361431895058,319.8266478178954,68.95954691306983
1,All Population,2,DALYs (Disability-Adjusted Life Years),13,Malaysia,3,Both,22,All ages,329,Otitis media,100,Secondhand smoke,2,Percent,2019,0.023638256972231087,0.035975526080802955,0.012131319405888668
1,All Population,2,DALYs (Disability-Adjusted Life Years),13,Malaysia,3,Both,22,All ages,329,Otitis media,100,Secondhand smoke,3,Rate,2019,0.5288494718727761,0.9690838281311578,0.20894938606478639
1,All Population,2,DALYs (Disability-Adjusted Life Years),13,Malaysia,3,Both,22,All ages,322,Lower respiratory infections,100,Secondhand smoke,1,Number,2017,63725.78062953214,85628.10299352964,43208.16384013797
1,All Population,2,DALYs (Disability-Adjusted Life Years),13,Malaysia,3,Both,22,All ages,322,Lower respiratory infections,100,Secondhand smoke,2,Percent,2017,0.10975483905075188,0.1437815311387558,0.07727944239558661
1,All Population,2,DALYs (Disability-Adjusted Life Years),13,Malaysia,3,Both,22,All ages,322,Lower respiratory infections,100,Secondhand smoke,3,Rate,2017,197.53874061162296,265.432097640957,133.9377279462631
1,All Population,2,DALYs (Disability-Adjusted Life Years),13,Malaysia,3,Both,22,All ages,329,Otitis media,100,Secondhand smoke,1,Number,2021,169.46704703348314,314.62163236712075,69.14915256563914
1,All Population,2,DALYs (Disability-Adjusted Life Years),13,Malaysia,3,Both,22,All ages,329,Otitis media,100,Secondhand smoke,2,Percent,2021,0.023009689851787692,0.035114981505366835,0.011690240122854058
1,All Population,2,DALYs (Disability-Adjusted Life Years),13,Malaysia,3,Both,22,All ages,329,Otitis media,100,Secondhand smoke,3,Rate,2021,0.503868781892598,0.9354504101706578,0.20559807869473257
1,All Population,2,DALYs (Disability-Adjusted Life Years),13,Malaysia,3,Both,22,All ages,329,Otitis media,100,Secondhand smoke,1,Number,2020,172.70342309283387,317.937847231202,66.77486358657022
1,All Population,2,DALYs (Disability-Adjusted Life Years),13,Malaysia,3,Both,22,All ages,329,Otitis media,100,Secondhand smoke,2,Percent,2020,0.023453268182374414,0.035449877973797894,0.0120285525716836
1,All Population,2,DALYs (Disability-Adjusted Life Years),13,Malaysia,3,Both,22,All ages,329,Otitis media,100,Secondhand smoke,3,Rate,2020,0.5179575843592426,0.9535324568507904,0.20026555594457704
1,All Population,2,DALYs (Disability-Adjusted Life Years),13,Malaysia,3,Both,22,All ages,429,Breast cancer,100,Secondhand smoke,1,Number,2019,9961.900232971555,14344.016803273098,6273.306133185422
1,All Population,2,DALYs (Disability-Adjusted Life Years),13,Malaysia,3,Both,22,All ages,429,Breast cancer,100,Secondhand smoke,2,Percent,2019,0.09285071085824743,0.12866352910592205,0.05960555506366826
1,All Population,2,DALYs (Disability-Adjusted Life Years),13,Malaysia,3,Both,22,All ages,429,Breast cancer,100,Secondhand smoke,3,Rate,2019,30.184840691340835,43.462778381144524,19.00829578793415
1,All Population,2,DALYs (Disability-Adjusted Life Years),13,Malaysia,3,Both,22,All ages,493,Ischemic heart disease,100,Secondhand smoke,1,Number,2019,63765.976530513806,79459.38975783937,45661.45877692209
1,All Population,2,DALYs (Disability-Adjusted Life Years),13,Malaysia,3,Both,22,All ages,493,Ischemic heart disease,100,Secondhand smoke,2,Percent,2019,0.07784101993370884,0.09677473470467636,0.0576771929081951
1,All Population,2,DALYs (Disability-Adjusted Life Years),13,Malaysia,3,Both,22,All ages,493,Ischemic heart disease,100,Secondhand smoke,3,Rate,2019,193.21272027306736,240.76420815108864,138.35551718876124
1,All Population,2,DALYs (Disability-Adjusted Life Years),13,Malaysia,3,Both,22,All ages,322,Lower respiratory infections,100,Secondhand smoke,1,Number,2019,61275.54509362122,81875.26737050021,42633.39782945555
1,All Population,2,DALYs (Disability-Adjusted Life Years),13,Malaysia,3,Both,22,All ages,322,Lower respiratory infections,100,Secondhand smoke,2,Percent,2019,0.10751941208336682,0.1407272325124668,0.07510374158281066
1,All Population,2,DALYs (Disability-Adjusted Life Years),13,Malaysia,3,Both,22,All ages,322,Lower respiratory infections,100,Secondhand smoke,3,Rate,2019,185.66664227416288,248.08438594473756,129.18040650049812
1,All Population,2,DALYs (Disability-Adjusted Life Years),13,Malaysia,3,Both,22,All ages,322,Lower respiratory infections,100,Secondhand smoke,1,Number,2018,63258.3313486345,84437.96032385921,44243.67170207469
1,All Population,2,DALYs (Disability-Adjusted Life Years),13,Malaysia,3,Both,22,All ages,322,Lower respiratory infections,100,Secondhand smoke,2,Percent,2018,0.10849072021546366,0.1418722457339309,0.07592955652384685
1,All Population,2,DALYs (Disability-Adjusted Life Years),13,Malaysia,3,Both,22,All ages,322,Lower respiratory infections,100,Secondhand smoke,3,Rate,2018,193.79930122491584,258.6855732478047,135.5456661072953
1,All Population,2,DALYs (Disability-Adjusted Life Years),13,Malaysia,3,Both,22,All ages,493,Ischemic heart disease,100,Secondhand smoke,1,Number,2021,67831.67693391831,84201.0327941769,50681.27506008297
1,All Population,2,DALYs (Disability-Adjusted Life Years),13,Malaysia,3,Both,22,All ages,493,Ischemic heart disease,100,Secondhand smoke,2,Percent,2021,0.0775678026604847,0.09633192330394248,0.05785197048520538
1,All Population,2,DALYs (Disability-Adjusted Life Years),13,Malaysia,3,Both,22,All ages,493,Ischemic heart disease,100,Secondhand smoke,3,Rate,2021,201.6808873979657,250.35116012683025,150.6883655336379
1,All Population,2,DALYs (Disability-Adjusted Life Years),13,Malaysia,3,Both,22,All ages,429,Breast cancer,100,Secondhand smoke,1,Number,2020,10179.279538893079,14696.44183301632,6367.248454252837
1,All Population,2,DALYs (Disability-Adjusted Life Years),13,Malaysia,3,Both,22,All ages,429,Breast cancer,100,Secondhand smoke,2,Percent,2020,0.09237918995026083,0.12848694613109143,0.05942108420380602
1,All Population,2,DALYs (Disability-Adjusted Life Years),13,Malaysia,3,Both,22,All ages,429,Breast cancer,100,Secondhand smoke,3,Rate,2020,30.528839243958746,44.07633256008759,19.09611615866558
1,All Population,2,DALYs (Disability-Adjusted Life Years),13,Malaysia,3,Both,22,All ages,493,Ischemic heart disease,100,Secondhand smoke,1,Number,2020,63638.823183696666,79269.29026738903,46759.62043243093
1,All Population,2,DALYs (Disability-Adjusted Life Years),13,Malaysia,3,Both,22,All ages,493,Ischemic heart disease,100,Secondhand smoke,2,Percent,2020,0.07740239489368649,0.0960778690004008,0.057681942709892825
1,All Population,2,DALYs (Disability-Adjusted Life Years),13,Malaysia,3,Both,22,All ages,493,Ischemic heart disease,100,Secondhand smoke,3,Rate,2020,190.8602072697435,237.7377898219096,140.23752170631982
1,All Population,2,DALYs (Disability-Adjusted Life Years),13,Malaysia,3,Both,22,All ages,494,Stroke,100,Secondhand smoke,1,Number,2019,29221.087788147706,39475.697253258695,18937.0020352368
1,All Population,2,DALYs (Disability-Adjusted Life Years),13,Malaysia,3,Both,22,All ages,494,Stroke,100,Secondhand smoke,2,Percent,2019,0.052468132568435806,0.07068660516564337,0.035033409492863495
1,All Population,2,DALYs (Disability-Adjusted Life Years),13,Malaysia,3,Both,22,All ages,494,Stroke,100,Secondhand smoke,3,Rate,2019,88.54072607489069,119.61248405453868,57.37965410588272
1,All Population,2,DALYs (Disability-Adjusted Life Years),13,Malaysia,3,Both,22,All ages,515,Asthma,100,Secondhand smoke,1,Number,2019,6202.658124824607,9364.795700944906,4011.0473399188104
1,All Population,2,DALYs (Disability-Adjusted Life Years),13,Malaysia,3,Both,22,All ages,515,Asthma,100,Secondhand smoke,2,Percent,2019,0.07901741683373086,0.09748008331427008,0.061004062988757386
1,All Population,2,DALYs (Disability-Adjusted Life Years),13,Malaysia,3,Both,22,All ages,515,Asthma,100,Secondhand smoke,3,Rate,2019,18.794230315718956,28.3755969974873,12.153587380864657
1,All Population,2,DALYs (Disability-Adjusted Life Years),13,Malaysia,3,Both,22,All ages,494,Stroke,100,Secondhand smoke,1,Number,2018,29884.3074860556,40160.60262605926,19491.085789605633
1,All Population,2,DALYs (Disability-Adjusted Life Years),13,Malaysia,3,Both,22,All ages,494,Stroke,100,Secondhand smoke,2,Percent,2018,0.05280409374182873,0.07082941695499823,0.03541950561423804
1,All Population,2,DALYs (Disability-Adjusted Life Years),13,Malaysia,3,Both,22,All ages,494,Stroke,100,Secondhand smoke,3,Rate,2018,91.55407335152721,123.0367061503246,59.71322236311248
1,All Population,2,DALYs (Disability-Adjusted Life Years),13,Malaysia,3,Both,22,All ages,322,Lower respiratory infections,100,Secondhand smoke,1,Number,2020,52580.11432299308,71912.51480172735,34883.53467380405
1,All Population,2,DALYs (Disability-Adjusted Life Years),13,Malaysia,3,Both,22,All ages,322,Lower respiratory infections,100,Secondhand smoke,2,Percent,2020,0.10624330743654227,0.13926434356655057,0.07344612409421894
1,All Population,2,DALYs (Disability-Adjusted Life Years),13,Malaysia,3,Both,22,All ages,322,Lower respiratory infections,100,Secondhand smoke,3,Rate,2020,157.69385755273075,215.6739674573743,104.61976392814854
1,All Population,2,DALYs (Disability-Adjusted Life Years),13,Malaysia,3,Both,22,All ages,515,Asthma,100,Secondhand smoke,1,Number,2018,6301.168190976061,9418.50563590661,4048.8537190431534
1,All Population,2,DALYs (Disability-Adjusted Life Years),13,Malaysia,3,Both,22,All ages,515,Asthma,100,Secondhand smoke,2,Percent,2018,0.07965560187271964,0.09739864206588143,0.06136786354571593
1,All Population,2,DALYs (Disability-Adjusted Life Years),13,Malaysia,3,Both,22,All ages,515,Asthma,100,Secondhand smoke,3,Rate,2018,19.30436618034801,28.85469426567532,12.404137206654331
1,All Population,2,DALYs (Disability-Adjusted Life Years),13,Malaysia,3,Both,22,All ages,587,Diabetes mellitus,100,Secondhand smoke,1,Number,2019,16643.007495744143,24188.909022496257,8812.083576838444
1,All Population,2,DALYs (Disability-Adjusted Life Years),13,Malaysia,3,Both,22,All ages,587,Diabetes mellitus,100,Secondhand smoke,2,Percent,2019,0.05353442987151093,0.07705101704486415,0.02983054678211752
1,All Population,2,DALYs (Disability-Adjusted Life Years),13,Malaysia,3,Both,22,All ages,587,Diabetes mellitus,100,Secondhand smoke,3,Rate,2019,50.42878548623821,73.29308146700767,26.700863560676954
1,All Population,2,DALYs (Disability-Adjusted Life Years),13,Malaysia,3,Both,22,All ages,587,Diabetes mellitus,100,Secondhand smoke,1,Number,2018,16137.386099638565,23674.232105763207,8562.782844733032
1,All Population,2,DALYs (Disability-Adjusted Life Years),13,Malaysia,3,Both,22,All ages,587,Diabetes mellitus,100,Secondhand smoke,2,Percent,2018,0.053838999326689105,0.07708143476060159,0.03027709190018924
1,All Population,2,DALYs (Disability-Adjusted Life Years),13,Malaysia,3,Both,22,All ages,587,Diabetes mellitus,100,Secondhand smoke,3,Rate,2018,49.438770878582986,72.52878065732313,26.233087349462327
1,All Population,2,DALYs (Disability-Adjusted Life Years),13,Malaysia,3,Both,22,All ages,494,Stroke,100,Secondhand smoke,1,Number,2021,29951.317677447936,40958.61035211161,19196.447628320075
1,All Population,2,DALYs (Disability-Adjusted Life Years),13,Malaysia,3,Both,22,All ages,494,Stroke,100,Secondhand smoke,2,Percent,2021,0.05246996830296513,0.06996495192301674,0.03517761913733287
1,All Population,2,DALYs (Disability-Adjusted Life Years),13,Malaysia,3,Both,22,All ages,494,Stroke,100,Secondhand smoke,3,Rate,2021,89.05291157420203,121.78040195657886,57.07593808037268
1,All Population,2,DALYs (Disability-Adjusted Life Years),13,Malaysia,3,Both,22,All ages,515,Asthma,100,Secondhand smoke,1,Number,2021,6128.729005077883,9083.151139520383,3956.9246527821406
1,All Population,2,DALYs (Disability-Adjusted Life Years),13,Malaysia,3,Both,22,All ages,515,Asthma,100,Secondhand smoke,2,Percent,2021,0.07777999401199157,0.09701939259929725,0.059786260632933096
1,All Population,2,DALYs (Disability-Adjusted Life Years),13,Malaysia,3,Both,22,All ages,515,Asthma,100,Secondhand smoke,3,Rate,2021,18.222275494823986,27.006526522600208,11.764946871613342
1,All Population,2,DALYs (Disability-Adjusted Life Years),13,Malaysia,3,Both,22,All ages,587,Diabetes mellitus,100,Secondhand smoke,1,Number,2021,18155.217995893046,26704.560776932667,9653.649433353301
1,All Population,2,DALYs (Disability-Adjusted Life Years),13,Malaysia,3,Both,22,All ages,587,Diabetes mellitus,100,Secondhand smoke,2,Percent,2021,0.05314757544521377,0.07731661281792418,0.029540077803540617
1,All Population,2,DALYs (Disability-Adjusted Life Years),13,Malaysia,3,Both,22,All ages,587,Diabetes mellitus,100,Secondhand smoke,3,Rate,2021,53.98009664249224,79.39947467776062,28.702763551670536
1,All Population,2,DALYs (Disability-Adjusted Life Years),13,Malaysia,3,Both,22,All ages,494,Stroke,100,Secondhand smoke,1,Number,2020,28691.41081004899,38331.68004838939,18583.027262762
1,All Population,2,DALYs (Disability-Adjusted Life Years),13,Malaysia,3,Both,22,All ages,494,Stroke,100,Secondhand smoke,2,Percent,2020,0.05224451259567043,0.07023154184830166,0.03487400778672124
1,All Population,2,DALYs (Disability-Adjusted Life Years),13,Malaysia,3,Both,22,All ages,494,Stroke,100,Secondhand smoke,3,Rate,2020,86.04886671553348,114.9611515900462,55.73265276814045
1,All Population,2,DALYs (Disability-Adjusted Life Years),13,Malaysia,3,Both,22,All ages,515,Asthma,100,Secondhand smoke,1,Number,2020,6077.170478912726,9217.724724484186,3922.081043910022
1,All Population,2,DALYs (Disability-Adjusted Life Years),13,Malaysia,3,Both,22,All ages,515,Asthma,100,Secondhand smoke,2,Percent,2020,0.07845770186481611,0.09753530288424425,0.06065258756274705
1,All Population,2,DALYs (Disability-Adjusted Life Years),13,Malaysia,3,Both,22,All ages,515,Asthma,100,Secondhand smoke,3,Rate,2020,18.22613868692651,27.64502489922219,11.762775669320863
1,All Population,2,DALYs (Disability-Adjusted Life Years),13,Malaysia,3,Both,22,All ages,587,Diabetes mellitus,100,Secondhand smoke,1,Number,2020,16930.899252505817,24761.7665397296,8879.950789494043
1,All Population,2,DALYs (Disability-Adjusted Life Years),13,Malaysia,3,Both,22,All ages,587,Diabetes mellitus,100,Secondhand smoke,2,Percent,2020,0.05320116630417836,0.07686985096478925,0.029640052066006076
1,All Population,2,DALYs (Disability-Adjusted Life Years),13,Malaysia,3,Both,22,All ages,587,Diabetes mellitus,100,Secondhand smoke,3,Rate,2020,50.777729362919075,74.26340805353762,26.632001715929704
1,All Population,2,DALYs (Disability-Adjusted Life Years),13,Malaysia,3,Both,22,All ages,322,Lower respiratory infections,100,Secondhand smoke,1,Number,2021,50887.7356328315,74444.03344503121,32927.912937238114
1,All Population,2,DALYs (Disability-Adjusted Life Years),13,Malaysia,3,Both,22,All ages,322,Lower respiratory infections,100,Secondhand smoke,2,Percent,2021,0.10572069712497685,0.1386870460801799,0.07357693862600782
1,All Population,2,DALYs (Disability-Adjusted Life Years),13,Malaysia,3,Both,22,All ages,322,Lower respiratory infections,100,Secondhand smoke,3,Rate,2021,151.3022255088996,221.34111089873713,97.90308896262049
1,All Population,2,DALYs (Disability-Adjusted Life Years),13,Malaysia,3,Both,22,All ages,322,Lower respiratory infections,100,Secondhand smoke,1,Number,2022,59007.16304792092,83139.32372835616,38667.642128014995
1,All Population,2,DALYs (Disability-Adjusted Life Years),13,Malaysia,3,Both,22,All ages,322,Lower respiratory infections,100,Secondhand smoke,2,Percent,2022,0.10464911427521628,0.13633988817539766,0.07340412582300007
1,All Population,2,DALYs (Disability-Adjusted Life Years),13,Malaysia,3,Both,22,All ages,322,Lower respiratory infections,100,Secondhand smoke,3,Rate,2022,174.10857917544405,245.31376836733725,114.0940842301763
1,All Population,2,DALYs (Disability-Adjusted Life Years),13,Malaysia,3,Both,22,All ages,329,Otitis media,100,Secondhand smoke,1,Number,2023,162.85016989772578,303.3383009871843,66.98655948964331
1,All Population,2,DALYs (Disability-Adjusted Life Years),13,Malaysia,3,Both,22,All ages,329,Otitis media,100,Secondhand smoke,2,Percent,2023,0.022271906433999508,0.03378142017815199,0.011701457949369885
1,All Population,2,DALYs (Disability-Adjusted Life Years),13,Malaysia,3,Both,22,All ages,329,Otitis media,100,Secondhand smoke,3,Rate,2023,0.4766614030265497,0.8878692618561419,0.19606923008006466
1,All Population,2,DALYs (Disability-Adjusted Life Years),13,Malaysia,3,Both,22,All ages,429,Breast cancer,100,Secondhand smoke,1,Number,2021,11421.3364189258,16659.33247518472,7101.359414187318
1,All Population,2,DALYs (Disability-Adjusted Life Years),13,Malaysia,3,Both,22,All ages,429,Breast cancer,100,Secondhand smoke,2,Percent,2021,0.09203234121214084,0.1287589688214298,0.05906258230179971
1,All Population,2,DALYs (Disability-Adjusted Life Years),13,Malaysia,3,Both,22,All ages,429,Breast cancer,100,Secondhand smoke,3,Rate,2021,33.95854810553629,49.53244721232809,21.114153934016027
1,All Population,2,DALYs (Disability-Adjusted Life Years),13,Malaysia,3,Both,22,All ages,429,Breast cancer,100,Secondhand smoke,1,Number,2022,11879.935853793046,17682.982947673132,7295.96504094887
1,All Population,2,DALYs (Disability-Adjusted Life Years),13,Malaysia,3,Both,22,All ages,429,Breast cancer,100,Secondhand smoke,2,Percent,2022,0.09108679597212432,0.12845903561187857,0.0584111664921179
1,All Population,2,DALYs (Disability-Adjusted Life Years),13,Malaysia,3,Both,22,All ages,429,Breast cancer,100,Secondhand smoke,3,Rate,2022,35.05335022664171,52.176021987409435,21.52772716698293
1,All Population,2,DALYs (Disability-Adjusted Life Years),13,Malaysia,3,Both,22,All ages,493,Ischemic heart disease,100,Secondhand smoke,1,Number,2022,74242.38903046644,91571.16713129476,55235.393971455895
1,All Population,2,DALYs (Disability-Adjusted Life Years),13,Malaysia,3,Both,22,All ages,493,Ischemic heart disease,100,Secondhand smoke,2,Percent,2022,0.07690493077575791,0.09548166968795506,0.057713102620040424
1,All Population,2,DALYs (Disability-Adjusted Life Years),13,Malaysia,3,Both,22,All ages,493,Ischemic heart disease,100,Secondhand smoke,3,Rate,2022,219.0621646763022,270.1930575736874,162.97946669213619
1,All Population,2,DALYs (Disability-Adjusted Life Years),13,Malaysia,3,Both,22,All ages,494,Stroke,100,Secondhand smoke,1,Number,2022,32054.68291827142,45307.06491540428,20514.74983439668
1,All Population,2,DALYs (Disability-Adjusted Life Years),13,Malaysia,3,Both,22,All ages,494,Stroke,100,Secondhand smoke,2,Percent,2022,0.0519631541895805,0.06979060290611983,0.03512373994077515
1,All Population,2,DALYs (Disability-Adjusted Life Years),13,Malaysia,3,Both,22,All ages,494,Stroke,100,Secondhand smoke,3,Rate,2022,94.58165772665888,133.68459508253872,60.53153144993187
1,All Population,2,DALYs (Disability-Adjusted Life Years),13,Malaysia,3,Both,22,All ages,429,Breast cancer,100,Secondhand smoke,1,Number,2023,11982.801601004956,17312.393146872128,7151.317090734274
1,All Population,2,DALYs (Disability-Adjusted Life Years),13,Malaysia,3,Both,22,All ages,429,Breast cancer,100,Secondhand smoke,2,Percent,2023,0.090635741771175,0.1280564916911674,0.058228148918437986
1,All Population,2,DALYs (Disability-Adjusted Life Years),13,Malaysia,3,Both,22,All ages,429,Breast cancer,100,Secondhand smoke,3,Rate,2023,35.07358344735489,50.67326372651535,20.9318592673126
1,All Population,2,DALYs (Disability-Adjusted Life Years),13,Malaysia,3,Both,22,All ages,322,Lower respiratory infections,100,Secondhand smoke,1,Number,2023,53114.79805010473,75850.53334622651,35018.11828302314
1,All Population,2,DALYs (Disability-Adjusted Life Years),13,Malaysia,3,Both,22,All ages,322,Lower respiratory infections,100,Secondhand smoke,2,Percent,2023,0.10461729936398625,0.13765177115240712,0.07356939613359602
1,All Population,2,DALYs (Disability-Adjusted Life Years),13,Malaysia,3,Both,22,All ages,322,Lower respiratory infections,100,Secondhand smoke,3,Rate,2023,155.46667329813036,222.01402471873828,102.49780766343913
1,All Population,2,DALYs (Disability-Adjusted Life Years),13,Malaysia,3,Both,22,All ages,515,Asthma,100,Secondhand smoke,1,Number,2022,6383.401110788571,9571.353779568057,4191.224422405449
1,All Population,2,DALYs (Disability-Adjusted Life Years),13,Malaysia,3,Both,22,All ages,515,Asthma,100,Secondhand smoke,2,Percent,2022,0.07697543694957924,0.0964107592259493,0.05883151414029075
1,All Population,2,DALYs (Disability-Adjusted Life Years),13,Malaysia,3,Both,22,All ages,515,Asthma,100,Secondhand smoke,3,Rate,2022,18.8350844253223,28.24156799391879,12.366771956106533
1,All Population,2,DALYs (Disability-Adjusted Life Years),13,Malaysia,3,Both,22,All ages,493,Ischemic heart disease,100,Secondhand smoke,1,Number,2023,70117.183758228,88597.6358028846,53220.543051848406
1,All Population,2,DALYs (Disability-Adjusted Life Years),13,Malaysia,3,Both,22,All ages,493,Ischemic heart disease,100,Secondhand smoke,2,Percent,2023,0.0766544779314805,0.09512641919845637,0.0575105052117376
1,All Population,2,DALYs (Disability-Adjusted Life Years),13,Malaysia,3,Both,22,All ages,493,Ischemic heart disease,100,Secondhand smoke,3,Rate,2023,205.23254723932655,259.32471186956985,155.7761882401525
1,All Population,2,DALYs (Disability-Adjusted Life Years),13,Malaysia,3,Both,22,All ages,587,Diabetes mellitus,100,Secondhand smoke,1,Number,2022,19144.7138604744,28331.1332343238,10430.45023120573
1,All Population,2,DALYs (Disability-Adjusted Life Years),13,Malaysia,3,Both,22,All ages,587,Diabetes mellitus,100,Secondhand smoke,2,Percent,2022,0.05271068033248852,0.07661869041003552,0.029212746126788272
1,All Population,2,DALYs (Disability-Adjusted Life Years),13,Malaysia,3,Both,22,All ages,587,Diabetes mellitus,100,Secondhand smoke,3,Rate,2022,56.48905585006051,83.59482305313306,30.776447741447527
1,All Population,2,DALYs (Disability-Adjusted Life Years),13,Malaysia,3,Both,22,All ages,329,Otitis media,100,Secondhand smoke,1,Number,2022,165.76886382438843,312.30181939864303,69.57003540669135
1,All Population,2,DALYs (Disability-Adjusted Life Years),13,Malaysia,3,Both,22,All ages,329,Otitis media,100,Secondhand smoke,2,Percent,2022,0.02262136671919826,0.03359610482918167,0.011567922565008264
1,All Population,2,DALYs (Disability-Adjusted Life Years),13,Malaysia,3,Both,22,All ages,329,Otitis media,100,Secondhand smoke,3,Rate,2022,0.48912335149128744,0.9214885658076002,0.205275756233313
1,All Population,2,DALYs (Disability-Adjusted Life Years),13,Malaysia,3,Both,22,All ages,494,Stroke,100,Secondhand smoke,1,Number,2023,30718.333035914897,43508.62606202215,19951.763133884237
1,All Population,2,DALYs (Disability-Adjusted Life Years),13,Malaysia,3,Both,22,All ages,494,Stroke,100,Secondhand smoke,2,Percent,2023,0.051812308482748044,0.06998978085212741,0.03506350109015999
1,All Population,2,DALYs (Disability-Adjusted Life Years),13,Malaysia,3,Both,22,All ages,494,Stroke,100,Secondhand smoke,3,Rate,2023,89.91236381719294,127.34946948784612,58.39868275374431
1,All Population,2,DALYs (Disability-Adjusted Life Years),13,Malaysia,3,Both,22,All ages,515,Asthma,100,Secondhand smoke,1,Number,2023,6415.26682205541,9961.014175093198,4031.5135333556277
1,All Population,2,DALYs (Disability-Adjusted Life Years),13,Malaysia,3,Both,22,All ages,515,Asthma,100,Secondhand smoke,2,Percent,2023,0.076631368377576,0.09657585725973256,0.05875338155843265
1,All Population,2,DALYs (Disability-Adjusted Life Years),13,Malaysia,3,Both,22,All ages,515,Asthma,100,Secondhand smoke,3,Rate,2023,18.777444850754875,29.155824616266365,11.800214260363829
1,All Population,2,DALYs (Disability-Adjusted Life Years),13,Malaysia,3,Both,22,All ages,587,Diabetes mellitus,100,Secondhand smoke,1,Number,2023,18428.175209462184,27159.6994729475,9950.635194658538
1,All Population,2,DALYs (Disability-Adjusted Life Years),13,Malaysia,3,Both,22,All ages,587,Diabetes mellitus,100,Secondhand smoke,2,Percent,2023,0.05253166301258814,0.07610031611748255,0.029185737365410382
1,All Population,2,DALYs (Disability-Adjusted Life Years),13,Malaysia,3,Both,22,All ages,587,Diabetes mellitus,100,Secondhand smoke,3,Rate,2023,53.93915066885044,79.49626619784931,29.125445407088524
1,All Population,2,DALYs (Disability-Adjusted Life Years),13,Malaysia,3,Both,22,All ages,329,Otitis media,100,Secondhand smoke,1,Number,2013,191.7969280141634,359.82460347090876,78.17211071018343
1,All Population,2,DALYs (Disability-Adjusted Life Years),13,Malaysia,3,Both,22,All ages,329,Otitis media,100,Secondhand smoke,2,Percent,2013,0.02607112377064809,0.038534117106613384,0.013876934408370569
1,All Population,2,DALYs (Disability-Adjusted Life Years),13,Malaysia,3,Both,22,All ages,329,Otitis media,100,Secondhand smoke,3,Rate,2013,0.6268649922329773,1.1760430659419558,0.2554960607583656
1,All Population,2,DALYs (Disability-Adjusted Life Years),13,Malaysia,3,Both,22,All ages,429,Breast cancer,100,Secondhand smoke,1,Number,2013,8565.759033887753,12176.460359123486,5337.754099890506
1,All Population,2,DALYs (Disability-Adjusted Life Years),13,Malaysia,3,Both,22,All ages,429,Breast cancer,100,Secondhand smoke,2,Percent,2013,0.0997509888862129,0.13742361504530073,0.06315732558029981
1,All Population,2,DALYs (Disability-Adjusted Life Years),13,Malaysia,3,Both,22,All ages,429,Breast cancer,100,Secondhand smoke,3,Rate,2013,27.996144285747302,39.79728355129564,17.44580174987116
1,All Population,2,DALYs (Disability-Adjusted Life Years),13,Malaysia,3,Both,22,All ages,493,Ischemic heart disease,100,Secondhand smoke,1,Number,2013,54928.50457336787,69973.94420361114,40547.09115651015
1,All Population,2,DALYs (Disability-Adjusted Life Years),13,Malaysia,3,Both,22,All ages,493,Ischemic heart disease,100,Secondhand smoke,2,Percent,2013,0.08108015105549633,0.09994386395734146,0.06079162953465196
1,All Population,2,DALYs (Disability-Adjusted Life Years),13,Malaysia,3,Both,22,All ages,493,Ischemic heart disease,100,Secondhand smoke,3,Rate,2013,179.527153793676,228.70134805531555,132.5232486571348
1,All Population,2,DALYs (Disability-Adjusted Life Years),13,Malaysia,3,Both,22,All ages,322,Lower respiratory infections,100,Secondhand smoke,1,Number,2013,54892.86647467791,74761.93355271948,36011.0803771962
1,All Population,2,DALYs (Disability-Adjusted Life Years),13,Malaysia,3,Both,22,All ages,322,Lower respiratory infections,100,Secondhand smoke,2,Percent,2013,0.11402430393011917,0.1481122607032326,0.08194258384888438
1,All Population,2,DALYs (Disability-Adjusted Life Years),13,Malaysia,3,Both,22,All ages,322,Lower respiratory infections,100,Secondhand smoke,3,Rate,2013,179.41067499138344,244.35031040949224,117.69784769068468
1,All Population,2,DALYs (Disability-Adjusted Life Years),13,Malaysia,3,Both,22,All ages,494,Stroke,100,Secondhand smoke,1,Number,2013,26055.30684973264,35008.16692375392,17619.332628113454
1,All Population,2,DALYs (Disability-Adjusted Life Years),13,Malaysia,3,Both,22,All ages,494,Stroke,100,Secondhand smoke,2,Percent,2013,0.05495617360214958,0.07268359065289728,0.03787919294314788
1,All Population,2,DALYs (Disability-Adjusted Life Years),13,Malaysia,3,Both,22,All ages,494,Stroke,100,Secondhand smoke,3,Rate,2013,85.15860965603864,114.41994673204148,57.586651284930696
1,All Population,2,DALYs (Disability-Adjusted Life Years),13,Malaysia,3,Both,22,All ages,515,Asthma,100,Secondhand smoke,1,Number,2013,6389.950220494823,9308.52347017939,4152.302179737912
1,All Population,2,DALYs (Disability-Adjusted Life Years),13,Malaysia,3,Both,22,All ages,515,Asthma,100,Secondhand smoke,2,Percent,2013,0.08418226875688897,0.10362580742248073,0.06544633450247643
1,All Population,2,DALYs (Disability-Adjusted Life Years),13,Malaysia,3,Both,22,All ages,515,Asthma,100,Secondhand smoke,3,Rate,2013,20.884777127628432,30.423779740641027,13.571295956618062
1,All Population,2,DALYs (Disability-Adjusted Life Years),13,Malaysia,3,Both,22,All ages,587,Diabetes mellitus,100,Secondhand smoke,1,Number,2013,13924.578673751572,20836.329130572987,7392.76519611728
1,All Population,2,DALYs (Disability-Adjusted Life Years),13,Malaysia,3,Both,22,All ages,587,Diabetes mellitus,100,Secondhand smoke,2,Percent,2013,0.05660599537251769,0.07995609123160233,0.03312660468904956
1,All Population,2,DALYs (Disability-Adjusted Life Years),13,Malaysia,3,Both,22,All ages,587,Diabetes mellitus,100,Secondhand smoke,3,Rate,2013,45.51079619755,68.10101409776414,24.162356223463924
